feedback_id,order_id,customer_id,rating,feedback_text,feedback_category,sentiment,feedback_date,Year,Month
2234710,1961864118,30065862,4,"It was okay, nothing special.",Delivery,Neutral,2024-07-17,2024,July
5450964,1549769649,9573071,3,The order was incorrect.,App Experience,Negative,2024-05-28,2024,May
482108,9185164487,45477575,3,"It was okay, nothing special.",App Experience,Neutral,2024-09-23,2024,September
4823104,9644738826,88067569,4,The product met my expectations.,App Experience,Neutral,2023-11-24,2023,November
3537464,5427684290,83298567,3,Product was damaged during delivery.,Delivery,Negative,2023-11-20,2023,November
4089724,3265154092,43367112,2,Product was damaged during delivery.,Customer Service,Negative,2023-03-18,2023,March
230696,4898355547,13284996,4,Highly recommended!,Product Quality,Positive,2023-04-16,2023,April
2259308,6568151549,88866835,2,I had a bad experience.,App Experience,Negative,2024-03-31,2024,March
7380970,6006693867,24496983,3,Product was damaged during delivery.,Delivery,Negative,2023-07-14,2023,July
2257242,374186990,52215833,3,The product met my expectations.,App Experience,Neutral,2023-09-08,2023,September
1837573,4455336265,43431724,2,Taste was not as expected.,Delivery,Negative,2023-08-30,2023,August
258023,3539286337,77559557,3,"Delivery was fine, but the product could be better.",Delivery,Neutral,2023-04-25,2023,April
3081099,9171116867,87107263,4,The product met my expectations.,Customer Service,Neutral,2023-10-22,2023,October
3158837,5504941865,76512976,5,Highly recommended!,App Experience,Positive,2024-01-28,2024,January
9465932,5868326481,37556526,4,"Nothing to complain about, but nothing exceptional.",Product Quality,Neutral,2024-03-15,2024,March
8111644,2137046916,12059049,4,"Overall good experience, thank you!",Customer Service,Positive,2024-03-02,2024,March
121425,8195544338,26199489,4,"Nothing to complain about, but nothing exceptional.",Delivery,Neutral,2023-04-26,2023,April
8267419,2889700050,84848018,4,"Average experience, could improve.",Delivery,Neutral,2024-04-30,2024,April
7168244,65827885,47577193,1,Product was damaged during delivery.,Delivery,Negative,2023-07-27,2023,July
2482108,4656471694,60728956,3,Not worth the price I paid.,Customer Service,Negative,2023-09-12,2023,September
3769939,6625178717,62068277,2,Items were missing from my order.,Product Quality,Negative,2023-01-07,2023,January
9592296,7169557514,84824280,2,Customer service was not helpful.,Product Quality,Negative,2023-03-21,2023,March
1592958,2268306684,66742602,5,"Overall good experience, thank you!",Delivery,Positive,2024-05-28,2024,May
2088819,6905293278,97259564,3,"It was okay, nothing special.",Delivery,Neutral,2024-06-16,2024,June
3567003,1769493463,3292927,2,I had a bad experience.,App Experience,Negative,2024-06-26,2024,June
2903160,5003387344,26592009,4,"Nothing to complain about, but nothing exceptional.",Delivery,Neutral,2024-06-23,2024,June
7511717,2064484752,89995124,3,The product met my expectations.,Customer Service,Neutral,2024-07-05,2024,July
1055307,964822979,88520326,3,Delivery was late and I was unhappy.,Product Quality,Negative,2024-07-13,2024,July
1477592,6037899648,22738465,3,"Delivery was fine, but the product could be better.",Product Quality,Neutral,2024-03-27,2024,March
7898352,9347571484,29562072,3,I had a bad experience.,Product Quality,Negative,2024-02-11,2024,February
8804364,3286177534,10225164,3,The product met my expectations.,Delivery,Neutral,2023-06-25,2023,June
1208337,9073572548,97111069,4,The product met my expectations.,Customer Service,Neutral,2023-02-05,2023,February
4382390,8395583761,1989720,4,Great prices and fast delivery!,App Experience,Positive,2024-04-08,2024,April
4858018,6355378227,67092149,4,"Overall good experience, thank you!",Customer Service,Positive,2023-11-08,2023,November
2400571,277376321,89784343,4,Great prices and fast delivery!,App Experience,Positive,2024-07-28,2024,July
3093140,8559748526,45868300,4,"Average experience, could improve.",App Experience,Neutral,2023-05-04,2023,May
9407783,1458051433,50760752,4,The product met my expectations.,App Experience,Neutral,2024-04-26,2024,April
1180902,5838302640,96795047,4,"It was okay, nothing special.",App Experience,Neutral,2023-12-05,2023,December
6888502,1380971977,16561710,3,"Delivery was fine, but the product could be better.",Product Quality,Neutral,2024-02-06,2024,February
8679241,1221099013,35156679,4,"Nothing to complain about, but nothing exceptional.",Customer Service,Neutral,2023-07-23,2023,July
7512781,6771166303,87718744,3,The order was incorrect.,Product Quality,Negative,2023-07-24,2023,July
5356601,7111337755,10524732,4,"Average experience, could improve.",Customer Service,Neutral,2023-06-05,2023,June
9043273,5562922993,62416456,4,"Nothing to complain about, but nothing exceptional.",Product Quality,Neutral,2023-06-12,2023,June
3470106,5630957897,69925688,4,"Delivery was fine, but the product could be better.",Delivery,Neutral,2024-06-18,2024,June
5957700,1787380558,5140660,4,"Nothing to complain about, but nothing exceptional.",App Experience,Neutral,2023-08-11,2023,August
8956798,32613017,82594354,5,"Excellent quality, will buy again!",Delivery,Positive,2023-03-17,2023,March
4843776,2039041670,88324928,4,"Average experience, could improve.",Product Quality,Neutral,2024-01-11,2024,January
8241448,210693801,71235336,3,Product was damaged during delivery.,Customer Service,Negative,2024-08-21,2024,August
1664531,8120002258,57833505,3,"Nothing to complain about, but nothing exceptional.",Delivery,Neutral,2024-01-01,2024,January
4940244,2177917034,12402437,5,Will definitely order again.,App Experience,Positive,2024-08-02,2024,August
7165598,4254814926,59890331,3,The packaging was poor.,App Experience,Negative,2024-04-21,2024,April
4424806,6074172790,14944819,4,Good selection of products.,Customer Service,Positive,2023-07-26,2023,July
2074845,3381573131,67386193,1,Delivery was late and I was unhappy.,Delivery,Negative,2024-07-16,2024,July
417728,3773745777,67701771,4,"It was okay, nothing special.",Customer Service,Neutral,2024-02-05,2024,February
5642561,9251939156,89910157,4,"Overall good experience, thank you!",App Experience,Positive,2023-12-30,2023,December
261554,3872982303,15484407,4,"It was okay, nothing special.",Delivery,Neutral,2024-03-02,2024,March
1822011,2625987757,10769994,3,"It was okay, nothing special.",Delivery,Neutral,2023-01-08,2023,January
4763044,3162249401,85519349,4,"Excellent quality, will buy again!",Delivery,Positive,2024-03-05,2024,March
5621837,3108986741,49241309,3,Product was damaged during delivery.,Product Quality,Negative,2023-10-17,2023,October
4571579,1851474741,23348269,2,The order was incorrect.,Product Quality,Negative,2023-01-11,2023,January
3853657,2425099132,85016568,4,"Delivery was fine, but the product could be better.",Product Quality,Neutral,2023-08-15,2023,August
7245923,6706793332,6247821,2,I had a bad experience.,Delivery,Negative,2024-09-10,2024,September
2338813,2149289255,57579640,3,Delivery was late and I was unhappy.,Product Quality,Negative,2024-01-11,2024,January
2222062,1971008155,2457734,1,Items were missing from my order.,App Experience,Negative,2023-10-23,2023,October
6813661,2087093460,59329145,4,"Delivery was fine, but the product could be better.",Delivery,Neutral,2024-11-07,2024,November
4065309,2116712588,24043135,3,"It was okay, nothing special.",Delivery,Neutral,2023-11-11,2023,November
3025076,6054358790,59216664,3,"Average experience, could improve.",Product Quality,Neutral,2024-01-26,2024,January
9329920,532660797,41008070,3,"Delivery was fine, but the product could be better.",Delivery,Neutral,2024-05-20,2024,May
1307363,1491991005,52215833,3,Very disappointed with the quality.,Product Quality,Negative,2024-04-03,2024,April
1930153,4136019599,74179536,4,"Excellent quality, will buy again!",App Experience,Positive,2024-03-23,2024,March
5614682,2122832513,55028958,1,Customer service was not helpful.,Customer Service,Negative,2024-02-17,2024,February
6784407,3717703595,88965399,4,"Excellent quality, will buy again!",Delivery,Positive,2023-04-24,2023,April
2013422,3194733693,21866852,4,The product met my expectations.,Product Quality,Neutral,2023-05-07,2023,May
344048,4471162437,27971619,4,"It was okay, nothing special.",App Experience,Neutral,2024-06-02,2024,June
3089818,1609331948,8791577,3,"It was okay, nothing special.",Product Quality,Neutral,2024-04-01,2024,April
5340615,6920030794,70372270,3,The packaging was poor.,Customer Service,Negative,2024-06-24,2024,June
8229982,5127172657,32293017,4,"Overall good experience, thank you!",Product Quality,Positive,2024-11-06,2024,November
2195625,8607115856,15931134,4,The product met my expectations.,Customer Service,Neutral,2023-09-10,2023,September
4371570,7154957395,60700850,3,"It was okay, nothing special.",App Experience,Neutral,2023-09-04,2023,September
7289033,2070762702,34761418,4,"Excellent quality, will buy again!",Product Quality,Positive,2023-04-10,2023,April
2978291,3697242439,99361865,3,"Delivery was fine, but the product could be better.",Customer Service,Neutral,2024-10-15,2024,October
9074696,3063427913,75984768,4,"Excellent quality, will buy again!",Customer Service,Positive,2023-09-21,2023,September
4994827,2060061337,29272253,1,Customer service was not helpful.,App Experience,Negative,2023-04-15,2023,April
1932712,4625892678,80371626,1,The packaging was poor.,Delivery,Negative,2023-06-18,2023,June
5568145,6045698170,666589,5,Great prices and fast delivery!,Delivery,Positive,2024-01-24,2024,January
8266029,7876289647,98858383,4,The product met my expectations.,Delivery,Neutral,2024-07-08,2024,July
7621707,3434084714,46836361,4,Highly recommended!,Product Quality,Positive,2024-02-02,2024,February
545267,9031695663,94730288,2,The packaging was poor.,App Experience,Negative,2024-01-17,2024,January
2056599,1955989715,77862447,4,"Nothing to complain about, but nothing exceptional.",Product Quality,Neutral,2023-12-27,2023,December
2265740,3459500455,16379942,4,Great prices and fast delivery!,Customer Service,Positive,2023-12-18,2023,December
2438008,5953376503,79169760,5,Customer service was very helpful.,Customer Service,Positive,2024-05-25,2024,May
7517891,121874867,94529626,5,"Overall good experience, thank you!",Delivery,Positive,2023-03-28,2023,March
5506466,2460545397,42872865,3,The product met my expectations.,Product Quality,Neutral,2024-10-27,2024,October
9785308,9690050839,55803572,4,The product met my expectations.,App Experience,Neutral,2024-01-13,2024,January
3562195,2574349065,51547198,4,"Nothing to complain about, but nothing exceptional.",Customer Service,Neutral,2024-04-17,2024,April
1736546,2461936988,14428954,5,"Overall good experience, thank you!",App Experience,Positive,2023-07-20,2023,July
8067827,6447596416,76987910,4,Good selection of products.,Customer Service,Positive,2023-08-10,2023,August
5597699,7228452275,42262168,2,Product was damaged during delivery.,App Experience,Negative,2023-05-13,2023,May
7041781,6696750742,5277675,5,"Overall good experience, thank you!",App Experience,Positive,2023-02-04,2023,February
2333633,822235931,44410149,4,"Delivery was fine, but the product could be better.",Customer Service,Neutral,2023-09-08,2023,September
8661092,7678251499,17805991,2,Taste was not as expected.,Product Quality,Negative,2023-04-23,2023,April
6765334,2497341976,9097480,1,Not worth the price I paid.,App Experience,Negative,2023-09-21,2023,September
1452437,9107314128,79591237,2,I had a bad experience.,App Experience,Negative,2024-05-20,2024,May
1280305,9855726256,8651281,4,"Excellent quality, will buy again!",App Experience,Positive,2023-05-17,2023,May
2395160,9398719862,14991661,1,Customer service was not helpful.,Delivery,Negative,2024-07-19,2024,July
5664217,379494532,9650263,5,Very happy with the service!,Customer Service,Positive,2024-07-07,2024,July
9261384,1048784963,58942207,4,"Nothing to complain about, but nothing exceptional.",Product Quality,Neutral,2023-07-09,2023,July
2930893,4386246924,69632084,3,Very disappointed with the quality.,Delivery,Negative,2024-08-27,2024,August
7046969,2050362692,79991320,3,The product met my expectations.,Customer Service,Neutral,2024-10-30,2024,October
29533,4142963293,34567918,4,"Nothing to complain about, but nothing exceptional.",Product Quality,Neutral,2024-03-11,2024,March
5840376,9753528654,61522288,3,The product met my expectations.,Product Quality,Neutral,2024-07-26,2024,July
1755551,8126970833,14161586,4,"Average experience, could improve.",Delivery,Neutral,2024-09-14,2024,September
6078718,9747814712,16359370,5,"Overall good experience, thank you!",Product Quality,Positive,2023-12-16,2023,December
6559425,6281619403,77921718,5,"Overall good experience, thank you!",Customer Service,Positive,2023-09-04,2023,September
4075651,436184281,78614729,2,Taste was not as expected.,App Experience,Negative,2023-11-20,2023,November
4329893,9799231260,22077605,4,"Nothing to complain about, but nothing exceptional.",Customer Service,Neutral,2024-07-03,2024,July
6376860,4071811527,66023110,4,Will definitely order again.,Customer Service,Positive,2023-07-26,2023,July
4848501,5645359563,87160527,2,Delivery was late and I was unhappy.,App Experience,Negative,2024-08-08,2024,August
3953251,9411813703,62600289,3,Items were missing from my order.,Delivery,Negative,2023-09-25,2023,September
9293552,4270217473,54580166,4,The product met my expectations.,Customer Service,Neutral,2024-01-02,2024,January
9483364,279851011,12967305,3,"Average experience, could improve.",Delivery,Neutral,2023-11-04,2023,November
5154122,6260524887,57081917,5,Great prices and fast delivery!,Delivery,Positive,2024-01-06,2024,January
1883777,5853998391,94453274,3,Very disappointed with the quality.,Delivery,Negative,2023-08-09,2023,August
4156770,9931976872,8955057,2,Delivery was late and I was unhappy.,Delivery,Negative,2024-06-24,2024,June
6999355,8432209832,90346920,4,"Delivery was fine, but the product could be better.",Delivery,Neutral,2024-03-20,2024,March
8680329,6023721507,8791577,4,"Nothing to complain about, but nothing exceptional.",Customer Service,Neutral,2024-07-04,2024,July
3483069,3042338919,76212152,3,"It was okay, nothing special.",Delivery,Neutral,2023-05-17,2023,May
3662619,233646065,16379942,4,"Average experience, could improve.",Delivery,Neutral,2023-09-19,2023,September
4364701,9870610018,94033330,2,Customer service was not helpful.,Product Quality,Negative,2024-08-02,2024,August
4844693,1398230967,46876240,1,The packaging was poor.,App Experience,Negative,2024-04-22,2024,April
1300567,8615488922,92209869,4,Very fresh and well-packaged.,Product Quality,Positive,2023-04-11,2023,April
5430155,2748841057,33544355,3,The product met my expectations.,Delivery,Neutral,2023-12-30,2023,December
3233069,1375867721,4862761,1,Customer service was not helpful.,Delivery,Negative,2024-07-15,2024,July
3246894,8595141097,96511007,4,Will definitely order again.,Product Quality,Positive,2024-03-31,2024,March
6084184,4673382071,21784094,3,"Average experience, could improve.",Delivery,Neutral,2024-01-16,2024,January
8458237,2948696008,51872499,2,Customer service was not helpful.,Customer Service,Negative,2024-10-04,2024,October
5909067,6839692624,64497538,1,I had a bad experience.,Delivery,Negative,2023-11-19,2023,November
929702,5770951298,75510747,5,Items were in perfect condition.,Delivery,Positive,2023-02-10,2023,February
6892019,5084771819,6344345,4,The product met my expectations.,App Experience,Neutral,2024-08-29,2024,August
6001815,422403644,56548063,2,The packaging was poor.,App Experience,Negative,2023-05-27,2023,May
3856968,7176758896,18394558,4,"It was okay, nothing special.",Delivery,Neutral,2023-07-13,2023,July
7342761,8252905093,42589311,5,Great prices and fast delivery!,Customer Service,Positive,2024-04-21,2024,April
6301325,1488561572,75928073,4,"Delivery was fine, but the product could be better.",App Experience,Neutral,2024-08-27,2024,August
175550,6212984517,72702075,4,Will definitely order again.,Customer Service,Positive,2024-03-16,2024,March
3584525,6309784337,26250082,2,Delivery was late and I was unhappy.,Delivery,Negative,2024-06-05,2024,June
4434255,4613890018,53538932,4,"Nothing to complain about, but nothing exceptional.",Delivery,Neutral,2023-10-24,2023,October
2332501,3429728472,64017365,3,"Delivery was fine, but the product could be better.",Delivery,Neutral,2023-03-31,2023,March
529507,267738904,63368244,5,"Overall good experience, thank you!",Product Quality,Positive,2023-10-24,2023,October
3049810,3850416839,57081917,4,"Average experience, could improve.",App Experience,Neutral,2024-01-07,2024,January
5808553,3412702479,86479284,4,"Overall good experience, thank you!",App Experience,Positive,2023-12-24,2023,December
2917013,2016183232,44928499,4,"Excellent quality, will buy again!",Customer Service,Positive,2023-07-19,2023,July
1159860,3810280204,84361534,4,"Delivery was fine, but the product could be better.",App Experience,Neutral,2023-10-26,2023,October
8809496,2416767295,767523,3,The packaging was poor.,Customer Service,Negative,2024-05-07,2024,May
2694712,2283439407,46623192,2,Delivery was late and I was unhappy.,Delivery,Negative,2023-07-14,2023,July
7498417,4328802292,9738801,4,"Average experience, could improve.",Delivery,Neutral,2023-06-14,2023,June
3262730,7072715691,74195536,4,"Average experience, could improve.",Delivery,Neutral,2023-12-25,2023,December
6773414,5640741373,90298394,3,I had a bad experience.,Delivery,Negative,2024-10-05,2024,October
7171637,6931094066,17159117,3,"Average experience, could improve.",Product Quality,Neutral,2023-11-15,2023,November
3283932,3417088709,62629494,4,Will definitely order again.,Product Quality,Positive,2024-05-30,2024,May
8199864,4424404315,9274874,4,"Overall good experience, thank you!",Product Quality,Positive,2023-07-16,2023,July
945453,2444087306,56250563,5,Items were in perfect condition.,Delivery,Positive,2023-07-28,2023,July
5730680,486085268,51040116,5,Items were in perfect condition.,Customer Service,Positive,2023-11-12,2023,November
113770,1731312620,49795571,3,"Delivery was fine, but the product could be better.",Customer Service,Neutral,2023-08-05,2023,August
8086727,6475582506,82529927,5,Very happy with the service!,Delivery,Positive,2023-09-23,2023,September
3180619,1868581378,93198324,2,Items were missing from my order.,Product Quality,Negative,2024-03-29,2024,March
5525089,8884235937,20298398,5,Very fresh and well-packaged.,Product Quality,Positive,2024-09-08,2024,September
478239,4590662628,87200291,3,Not worth the price I paid.,Customer Service,Negative,2024-10-01,2024,October
2088092,992302540,32203588,2,The packaging was poor.,Delivery,Negative,2023-11-26,2023,November
4421485,7169974633,59110513,4,"Delivery was fine, but the product could be better.",Delivery,Neutral,2024-10-16,2024,October
3129645,6703651257,93198324,2,Delivery was late and I was unhappy.,Delivery,Negative,2024-01-17,2024,January
8616443,7180810221,20940403,3,"It was okay, nothing special.",Delivery,Neutral,2023-10-09,2023,October
1002741,7875587578,60967677,1,Delivery was late and I was unhappy.,Customer Service,Negative,2024-07-15,2024,July
5232827,2578671497,76218218,4,"It was okay, nothing special.",Product Quality,Neutral,2024-01-25,2024,January
716244,6284350691,57207678,4,"Overall good experience, thank you!",Product Quality,Positive,2024-06-20,2024,June
1801673,5383261788,34588087,4,"Delivery was fine, but the product could be better.",Product Quality,Neutral,2023-10-18,2023,October
4393080,6590867973,56441247,5,Items were in perfect condition.,Product Quality,Positive,2023-11-20,2023,November
9347337,8787105023,81822935,4,"Excellent quality, will buy again!",Delivery,Positive,2024-07-05,2024,July
6585928,1402916311,14275043,5,Good selection of products.,Customer Service,Positive,2024-04-23,2024,April
4929568,9715205272,52409516,2,Items were missing from my order.,Product Quality,Negative,2024-10-21,2024,October
6959173,3946852375,96253172,3,Customer service was not helpful.,Product Quality,Negative,2024-04-07,2024,April
7611885,3367039425,86050297,3,"It was okay, nothing special.",App Experience,Neutral,2024-10-03,2024,October
1795388,687711388,52757321,5,Great prices and fast delivery!,App Experience,Positive,2024-02-02,2024,February
6105898,647012431,34281470,2,Not worth the price I paid.,Customer Service,Negative,2024-06-16,2024,June
2468637,7143278295,50557979,5,Great prices and fast delivery!,Product Quality,Positive,2024-02-13,2024,February
1423073,9736844695,31978160,5,Will definitely order again.,Delivery,Positive,2024-09-04,2024,September
4632185,5933289680,5751638,3,Not worth the price I paid.,Product Quality,Negative,2023-07-12,2023,July
4420247,9494303116,98858383,4,Will definitely order again.,Product Quality,Positive,2024-07-21,2024,July
4072221,9337878102,9987182,3,"Average experience, could improve.",Delivery,Neutral,2023-05-16,2023,May
7824497,6872621077,77128325,3,Taste was not as expected.,Customer Service,Negative,2023-09-14,2023,September
4309566,7330237253,28428852,3,"Average experience, could improve.",Product Quality,Neutral,2023-07-12,2023,July
701482,7942616242,33685414,2,Delivery was late and I was unhappy.,Product Quality,Negative,2023-09-30,2023,September
4755342,238520071,77320193,2,Delivery was late and I was unhappy.,Product Quality,Negative,2024-02-20,2024,February
8051225,5812379362,46504355,4,"Delivery was fine, but the product could be better.",Customer Service,Neutral,2023-05-08,2023,May
7506282,2616623847,49915498,3,"It was okay, nothing special.",Delivery,Neutral,2024-01-19,2024,January
683291,2040854480,40392019,5,Will definitely order again.,Delivery,Positive,2023-10-12,2023,October
7247315,5456484560,62600289,2,Taste was not as expected.,Delivery,Negative,2024-09-26,2024,September
4065348,883309006,71229024,4,"It was okay, nothing special.",App Experience,Neutral,2024-09-04,2024,September
5741563,6528341992,64497538,4,"It was okay, nothing special.",Product Quality,Neutral,2024-01-29,2024,January
6518834,3263203775,44888581,1,Not worth the price I paid.,Product Quality,Negative,2024-09-28,2024,September
9298983,3660010934,83577942,1,Not worth the price I paid.,Delivery,Negative,2024-01-31,2024,January
473292,7944885043,1683786,5,Very happy with the service!,Customer Service,Positive,2024-05-26,2024,May
4246558,2506369831,1529180,4,"Average experience, could improve.",Delivery,Neutral,2023-06-16,2023,June
6116226,697061213,91196901,3,The product met my expectations.,Delivery,Neutral,2023-03-25,2023,March
4431634,7079057004,1507408,3,"Nothing to complain about, but nothing exceptional.",Delivery,Neutral,2023-09-30,2023,September
5379697,1556153632,67215939,4,The product met my expectations.,App Experience,Neutral,2024-04-05,2024,April
8770972,2161235338,38902882,5,Good selection of products.,App Experience,Positive,2024-12-04,2024,December
5156705,1247978468,97484394,1,The order was incorrect.,Customer Service,Negative,2024-07-19,2024,July
7404702,5437627061,58505903,4,"Average experience, could improve.",Customer Service,Neutral,2024-08-22,2024,August
2831845,9091960039,13455530,3,Product was damaged during delivery.,Product Quality,Negative,2024-11-02,2024,November
2332666,619198317,81906973,4,"Nothing to complain about, but nothing exceptional.",Delivery,Neutral,2023-11-20,2023,November
8562721,9833179291,90372221,3,Taste was not as expected.,App Experience,Negative,2023-04-05,2023,April
1943750,4148760273,93122847,5,Very happy with the service!,Product Quality,Positive,2024-05-22,2024,May
207462,7206041763,74694186,4,Very fresh and well-packaged.,Product Quality,Positive,2023-05-30,2023,May
3150233,690097648,2684440,2,Taste was not as expected.,App Experience,Negative,2023-12-27,2023,December
2778967,4197061567,52757321,5,Great prices and fast delivery!,Customer Service,Positive,2024-04-02,2024,April
3748731,2009394836,55056284,5,Customer service was very helpful.,App Experience,Positive,2023-10-24,2023,October
1796172,277502363,88203688,3,"Nothing to complain about, but nothing exceptional.",App Experience,Neutral,2023-12-28,2023,December
6220082,4356959622,38709137,3,The order was incorrect.,Delivery,Negative,2024-01-16,2024,January
8509910,174306009,87457446,4,Items were in perfect condition.,Delivery,Positive,2024-09-08,2024,September
2601837,9582674091,34237583,4,"It was okay, nothing special.",Delivery,Neutral,2024-08-16,2024,August
3182946,8675579025,44409533,4,"Average experience, could improve.",Delivery,Neutral,2024-06-07,2024,June
936864,5195999941,52757321,4,"Delivery was fine, but the product could be better.",Customer Service,Neutral,2024-07-19,2024,July
6375482,5210007923,97507853,3,"Delivery was fine, but the product could be better.",Product Quality,Neutral,2024-01-10,2024,January
5904785,6595771960,45700473,2,I had a bad experience.,Delivery,Negative,2023-05-04,2023,May
8521960,4247338382,34853377,5,Very fresh and well-packaged.,Product Quality,Positive,2023-05-12,2023,May
7041516,819143326,88324928,4,The product met my expectations.,App Experience,Neutral,2024-10-01,2024,October
6157435,3830844750,23996221,2,The packaging was poor.,Delivery,Negative,2023-06-08,2023,June
1247723,1687314172,82425179,4,Good selection of products.,App Experience,Positive,2024-03-13,2024,March
5700999,6756007265,80850753,4,"Average experience, could improve.",Product Quality,Neutral,2023-07-27,2023,July
6222962,489762747,19482392,3,Items were missing from my order.,Customer Service,Negative,2024-09-27,2024,September
3619827,7509195875,42723554,4,"Delivery was fine, but the product could be better.",Product Quality,Neutral,2023-11-26,2023,November
6486974,2370917070,5763963,1,I had a bad experience.,App Experience,Negative,2023-07-25,2023,July
8510571,2055388266,119099,4,Good selection of products.,Product Quality,Positive,2023-06-23,2023,June
7820768,8969304162,43052303,2,The packaging was poor.,Customer Service,Negative,2023-12-10,2023,December
3379880,5412674107,88111697,4,"It was okay, nothing special.",Product Quality,Neutral,2024-06-10,2024,June
7036036,1536516619,15631726,4,Items were in perfect condition.,Product Quality,Positive,2023-11-25,2023,November
7899107,3858907413,89910157,2,The packaging was poor.,Customer Service,Negative,2023-07-27,2023,July
8194084,4976389251,79478655,4,Customer service was very helpful.,Product Quality,Positive,2023-05-09,2023,May
1887717,2218319201,40587811,4,"Average experience, could improve.",Customer Service,Neutral,2024-01-11,2024,January
9010621,6729422433,68159723,3,"Delivery was fine, but the product could be better.",Product Quality,Neutral,2023-07-19,2023,July
4669199,1354097448,98687927,4,"Excellent quality, will buy again!",Product Quality,Positive,2023-06-21,2023,June
5068146,8952275304,81174361,3,Very disappointed with the quality.,App Experience,Negative,2024-08-31,2024,August
5560971,436603801,54619715,5,Very fresh and well-packaged.,Product Quality,Positive,2023-12-28,2023,December
1893053,5273875984,9278983,4,Highly recommended!,Customer Service,Positive,2023-05-31,2023,May
5234515,9290203003,21573815,3,"Average experience, could improve.",Delivery,Neutral,2024-01-04,2024,January
580986,6240982373,91243571,2,Taste was not as expected.,App Experience,Negative,2023-04-26,2023,April
8455467,2718348206,5763963,4,"It was okay, nothing special.",Delivery,Neutral,2023-08-11,2023,August
2007716,4903544026,57331847,4,"Delivery was fine, but the product could be better.",Customer Service,Neutral,2024-11-05,2024,November
9708237,2827266949,93675757,5,Very happy with the service!,Delivery,Positive,2024-09-17,2024,September
4227603,4278423074,67708491,4,Highly recommended!,Product Quality,Positive,2023-12-17,2023,December
654227,645916247,76857266,2,Taste was not as expected.,App Experience,Negative,2023-10-10,2023,October
7114455,5816647866,81420960,4,"Average experience, could improve.",Product Quality,Neutral,2024-09-26,2024,September
3148730,7282397914,97825663,3,"Average experience, could improve.",App Experience,Neutral,2024-07-14,2024,July
4637528,3260611473,12832151,2,The packaging was poor.,Customer Service,Negative,2024-06-02,2024,June
8730252,8638163868,87718744,2,Items were missing from my order.,Delivery,Negative,2023-07-06,2023,July
6060670,177850987,51174875,3,"Nothing to complain about, but nothing exceptional.",App Experience,Neutral,2023-07-11,2023,July
4844650,9653859166,32987624,3,Items were missing from my order.,App Experience,Negative,2023-03-16,2023,March
9745124,9991338690,98444183,1,Taste was not as expected.,Delivery,Negative,2024-07-29,2024,July
7548113,1714593246,27698051,4,"Average experience, could improve.",App Experience,Neutral,2024-10-20,2024,October
5623901,9742461226,34095555,4,"It was okay, nothing special.",Customer Service,Neutral,2024-01-01,2024,January
1033430,3314393477,55170753,3,The product met my expectations.,Product Quality,Neutral,2024-10-26,2024,October
390761,4188317986,42366724,4,The product met my expectations.,Customer Service,Neutral,2023-03-20,2023,March
4859714,1646665366,51387106,2,Taste was not as expected.,Delivery,Negative,2024-07-26,2024,July
7224389,9558804585,82700270,4,"Delivery was fine, but the product could be better.",App Experience,Neutral,2024-03-15,2024,March
2957775,9047652469,71902700,4,"Delivery was fine, but the product could be better.",App Experience,Neutral,2024-05-08,2024,May
1861939,2893800377,57892837,4,The product met my expectations.,Delivery,Neutral,2024-03-22,2024,March
8506288,6139157985,88517890,3,Taste was not as expected.,Product Quality,Negative,2024-03-02,2024,March
6192529,6029394789,7591711,2,Taste was not as expected.,Product Quality,Negative,2023-04-30,2023,April
1618838,5874940276,38875754,3,Product was damaged during delivery.,Product Quality,Negative,2024-11-04,2024,November
4586251,5205211911,57662767,5,"Overall good experience, thank you!",Product Quality,Positive,2024-09-27,2024,September
4350650,5314758068,48776805,4,"Delivery was fine, but the product could be better.",Customer Service,Neutral,2024-03-02,2024,March
8477025,484869710,6756256,3,"Delivery was fine, but the product could be better.",App Experience,Neutral,2023-09-09,2023,September
1952997,9957728938,25915909,4,Items were in perfect condition.,Customer Service,Positive,2024-05-08,2024,May
3708986,3136056666,57770044,3,Very disappointed with the quality.,Customer Service,Negative,2024-04-29,2024,April
5606141,4926104391,47206881,4,"Delivery was fine, but the product could be better.",Delivery,Neutral,2023-10-24,2023,October
9339865,1827844756,16785724,4,Highly recommended!,App Experience,Positive,2023-07-04,2023,July
4858898,7032037874,57291761,3,"Delivery was fine, but the product could be better.",App Experience,Neutral,2024-06-13,2024,June
9230966,3779230503,46699982,5,Customer service was very helpful.,App Experience,Positive,2023-11-07,2023,November
9059940,3473012553,89669139,2,Very disappointed with the quality.,Customer Service,Negative,2024-02-16,2024,February
3954704,7988504487,8164639,4,"Nothing to complain about, but nothing exceptional.",App Experience,Neutral,2024-05-14,2024,May
5651196,7193792738,84572019,4,"Excellent quality, will buy again!",Delivery,Positive,2024-05-06,2024,May
7698385,1533583386,35912599,3,Customer service was not helpful.,Product Quality,Negative,2023-08-28,2023,August
6692319,7750989397,79672044,3,"Delivery was fine, but the product could be better.",Delivery,Neutral,2024-07-01,2024,July
4807430,4434816229,63292875,4,"It was okay, nothing special.",Delivery,Neutral,2023-09-14,2023,September
6541743,6896732047,62068277,4,"Nothing to complain about, but nothing exceptional.",Delivery,Neutral,2024-04-18,2024,April
9853363,4740837071,64795608,4,Good selection of products.,Delivery,Positive,2023-01-11,2023,January
8193270,6649631729,75640174,3,"It was okay, nothing special.",Product Quality,Neutral,2024-09-30,2024,September
327126,5351526726,75892474,5,Good selection of products.,Delivery,Positive,2023-03-28,2023,March
6353752,1506082041,11446157,1,Taste was not as expected.,App Experience,Negative,2023-04-05,2023,April
408309,1023260165,10683250,3,The product met my expectations.,Delivery,Neutral,2024-02-16,2024,February
9691887,8257032403,17805991,3,"Average experience, could improve.",App Experience,Neutral,2024-09-18,2024,September
51560,7216524192,72605638,3,Customer service was not helpful.,Customer Service,Negative,2024-01-09,2024,January
2521458,8619795820,98687927,1,Delivery was late and I was unhappy.,Product Quality,Negative,2024-04-09,2024,April
8390508,6494708839,25595836,5,"Excellent quality, will buy again!",App Experience,Positive,2023-06-18,2023,June
913683,9859249765,5039883,4,Highly recommended!,Product Quality,Positive,2024-05-13,2024,May
1306601,3528020011,33675108,4,Good selection of products.,Customer Service,Positive,2023-12-11,2023,December
1687980,5937934264,90346920,5,Highly recommended!,App Experience,Positive,2024-11-09,2024,November
2866024,2976477423,57213543,3,"Delivery was fine, but the product could be better.",Customer Service,Neutral,2023-08-17,2023,August
5931641,1002438039,85198177,1,The packaging was poor.,Customer Service,Negative,2024-02-17,2024,February
1605595,2571163022,59345983,4,The product met my expectations.,Product Quality,Neutral,2024-06-02,2024,June
25577,6850221497,21270783,4,Good selection of products.,Customer Service,Positive,2024-07-21,2024,July
4258919,4706569127,68016312,5,Items were in perfect condition.,Delivery,Positive,2023-07-27,2023,July
6630006,8168261752,65903057,4,Customer service was very helpful.,App Experience,Positive,2024-04-22,2024,April
9003999,5828325906,40587811,3,"Delivery was fine, but the product could be better.",Delivery,Neutral,2023-04-12,2023,April
9017197,5012271549,73061709,2,Product was damaged during delivery.,App Experience,Negative,2024-09-21,2024,September
8997814,8110316958,61226835,1,Very disappointed with the quality.,Delivery,Negative,2024-01-30,2024,January
116173,3190808443,77618011,4,Will definitely order again.,Delivery,Positive,2024-10-01,2024,October
2204388,7175472728,9551011,3,"It was okay, nothing special.",App Experience,Neutral,2023-12-09,2023,December
7446356,6011117738,24337950,3,"Average experience, could improve.",Product Quality,Neutral,2024-07-01,2024,July
4740952,5592928753,46875863,3,"Nothing to complain about, but nothing exceptional.",App Experience,Neutral,2024-08-23,2024,August
7602818,3952040848,31156674,3,Delivery was late and I was unhappy.,Product Quality,Negative,2024-09-05,2024,September
2703135,7026479520,81994445,3,Items were missing from my order.,Customer Service,Negative,2024-07-17,2024,July
6772284,6572695161,64197854,3,The packaging was poor.,Delivery,Negative,2024-03-18,2024,March
1038308,9090769419,66485571,4,Will definitely order again.,Delivery,Positive,2024-02-09,2024,February
682222,5979489110,22161071,2,Items were missing from my order.,Product Quality,Negative,2023-07-09,2023,July
505569,964698323,81763298,2,The packaging was poor.,App Experience,Negative,2024-09-30,2024,September
2483109,2304242664,65815155,4,"Delivery was fine, but the product could be better.",Delivery,Neutral,2024-03-21,2024,March
9866743,2483843748,26040510,5,Items were in perfect condition.,Customer Service,Positive,2023-05-24,2023,May
1263890,2560588609,6291143,5,Very fresh and well-packaged.,App Experience,Positive,2024-06-21,2024,June
8519341,9268920928,17805991,1,Delivery was late and I was unhappy.,Product Quality,Negative,2023-05-07,2023,May
4189141,9554019312,6247821,4,Great prices and fast delivery!,App Experience,Positive,2023-08-09,2023,August
2457038,3749174258,38902193,4,Good selection of products.,Product Quality,Positive,2024-02-13,2024,February
2423659,3947164241,95768401,4,Items were in perfect condition.,App Experience,Positive,2024-04-11,2024,April
1347681,487327038,67277562,4,Highly recommended!,Product Quality,Positive,2023-05-10,2023,May
5028,8830321199,93341057,5,Very fresh and well-packaged.,Product Quality,Positive,2024-10-08,2024,October
9945845,3811318591,64940409,1,Product was damaged during delivery.,App Experience,Negative,2023-07-07,2023,July
8989443,6795601573,46629917,5,Very happy with the service!,Customer Service,Positive,2023-12-13,2023,December
9829351,2348495717,86067293,5,"Excellent quality, will buy again!",Customer Service,Positive,2023-06-27,2023,June
2545302,9505736584,63571453,5,Highly recommended!,Delivery,Positive,2024-04-06,2024,April
4048113,1857227304,99301505,5,Customer service was very helpful.,Product Quality,Positive,2024-03-19,2024,March
6527098,5506485302,66655397,4,Highly recommended!,App Experience,Positive,2023-05-19,2023,May
330848,6074837981,61015113,5,Items were in perfect condition.,Customer Service,Positive,2024-04-20,2024,April
1599236,4150569633,2903620,3,Customer service was not helpful.,App Experience,Negative,2023-10-29,2023,October
3731240,609838437,54619715,3,The product met my expectations.,Delivery,Neutral,2023-12-13,2023,December
9717024,5229657139,18889370,4,"Excellent quality, will buy again!",Product Quality,Positive,2023-03-10,2023,March
9228480,2589639350,64141971,4,Very fresh and well-packaged.,App Experience,Positive,2023-01-08,2023,January
3178061,7656948165,44410149,4,"Nothing to complain about, but nothing exceptional.",Delivery,Neutral,2023-07-06,2023,July
4690760,1806563605,25659794,2,I had a bad experience.,Customer Service,Negative,2023-12-24,2023,December
5655169,359819834,12755730,3,Customer service was not helpful.,App Experience,Negative,2023-12-27,2023,December
453884,1908423841,56441247,4,"Delivery was fine, but the product could be better.",App Experience,Neutral,2023-10-28,2023,October
2565975,299859815,2848415,1,Product was damaged during delivery.,Delivery,Negative,2024-01-16,2024,January
1321752,923659418,25081012,3,"It was okay, nothing special.",Customer Service,Neutral,2023-04-16,2023,April
7853790,3560625119,82989313,2,I had a bad experience.,App Experience,Negative,2023-05-13,2023,May
9685412,7111490680,32500305,5,Great prices and fast delivery!,Customer Service,Positive,2024-01-24,2024,January
2861565,5766981431,93675757,5,Highly recommended!,Delivery,Positive,2024-01-14,2024,January
7935010,8609945311,51670882,1,Very disappointed with the quality.,Customer Service,Negative,2024-03-05,2024,March
5877818,1691260635,80796977,4,The product met my expectations.,Delivery,Neutral,2024-06-17,2024,June
2674712,8742091504,78254569,2,Product was damaged during delivery.,App Experience,Negative,2023-03-07,2023,March
8635734,1997833025,72489544,1,Very disappointed with the quality.,App Experience,Negative,2023-07-28,2023,July
580890,3588296877,83404008,5,Good selection of products.,App Experience,Positive,2024-08-13,2024,August
6807331,2404804990,81757554,4,Very fresh and well-packaged.,Product Quality,Positive,2023-12-24,2023,December
1500768,8091385479,16082651,5,Very happy with the service!,Customer Service,Positive,2024-09-04,2024,September
289613,7133174424,8513589,5,Items were in perfect condition.,App Experience,Positive,2023-06-22,2023,June
738205,6110446321,78412820,3,Items were missing from my order.,App Experience,Negative,2024-10-27,2024,October
7023379,6964586050,4597433,1,Delivery was late and I was unhappy.,Delivery,Negative,2024-04-08,2024,April
856341,2351986014,85626346,3,Product was damaged during delivery.,Customer Service,Negative,2023-04-21,2023,April
8408157,352569720,65660660,3,"Average experience, could improve.",Product Quality,Neutral,2023-06-23,2023,June
5069961,1235280275,46875863,3,"Nothing to complain about, but nothing exceptional.",Product Quality,Neutral,2023-09-08,2023,September
8816076,9399859705,57548210,5,"Overall good experience, thank you!",Delivery,Positive,2023-10-29,2023,October
511301,7530379037,99729547,4,"Nothing to complain about, but nothing exceptional.",Customer Service,Neutral,2024-02-08,2024,February
7592648,5952886441,16420489,2,Very disappointed with the quality.,Delivery,Negative,2024-12-03,2024,December
455219,5815833211,31940833,5,Highly recommended!,App Experience,Positive,2024-08-02,2024,August
7609889,7307394687,47043878,4,Good selection of products.,Customer Service,Positive,2024-01-05,2024,January
5841416,6033014029,29525287,4,"It was okay, nothing special.",App Experience,Neutral,2024-10-21,2024,October
4412586,1409944718,39042103,3,"Nothing to complain about, but nothing exceptional.",Product Quality,Neutral,2023-08-19,2023,August
277641,1811382200,37915052,4,"Average experience, could improve.",Product Quality,Neutral,2023-08-25,2023,August
682817,4485391413,11478478,4,"Average experience, could improve.",Product Quality,Neutral,2023-12-21,2023,December
895557,4076279641,89476734,2,Very disappointed with the quality.,Delivery,Negative,2023-12-07,2023,December
7869635,2965387566,47955004,4,"Excellent quality, will buy again!",App Experience,Positive,2023-08-16,2023,August
5955416,9397774189,92245432,5,"Excellent quality, will buy again!",Delivery,Positive,2023-06-28,2023,June
7587526,1437159967,68016312,4,Customer service was very helpful.,Customer Service,Positive,2024-07-06,2024,July
4421683,8397785448,67952740,4,Highly recommended!,App Experience,Positive,2024-04-09,2024,April
9822668,2778606949,33675108,4,"Nothing to complain about, but nothing exceptional.",Customer Service,Neutral,2024-10-13,2024,October
4220793,1774096863,60656482,4,"Average experience, could improve.",Customer Service,Neutral,2023-06-13,2023,June
6523110,1497256618,87220860,4,Good selection of products.,App Experience,Positive,2023-04-26,2023,April
2680223,734095510,56480776,4,Customer service was very helpful.,App Experience,Positive,2024-03-06,2024,March
6854268,5755859055,79592021,3,"It was okay, nothing special.",Customer Service,Neutral,2024-10-30,2024,October
2486259,5840290569,99490786,1,Delivery was late and I was unhappy.,Product Quality,Negative,2023-09-18,2023,September
1104081,8200985533,1855421,3,I had a bad experience.,Delivery,Negative,2024-08-01,2024,August
4792486,3255590064,92642745,2,The packaging was poor.,Delivery,Negative,2023-04-21,2023,April
2628222,4258404747,27692428,4,Will definitely order again.,Product Quality,Positive,2024-11-10,2024,November
8893890,2455161115,27620326,3,"Delivery was fine, but the product could be better.",Delivery,Neutral,2024-01-29,2024,January
9666020,4448004569,47215976,5,Great prices and fast delivery!,Product Quality,Positive,2024-10-01,2024,October
3428194,5951090793,27878182,1,The order was incorrect.,App Experience,Negative,2024-04-20,2024,April
7566701,7402491996,92509376,4,Items were in perfect condition.,Product Quality,Positive,2024-07-14,2024,July
2127842,8532411923,57360162,3,Very disappointed with the quality.,App Experience,Negative,2024-07-16,2024,July
7361857,7130555385,37309023,3,"Delivery was fine, but the product could be better.",Product Quality,Neutral,2024-01-16,2024,January
7131756,4338197132,66310963,4,Customer service was very helpful.,Customer Service,Positive,2024-11-10,2024,November
3978480,8044366071,80833965,1,Not worth the price I paid.,App Experience,Negative,2023-04-30,2023,April
775093,4135251774,77961205,1,Taste was not as expected.,Product Quality,Negative,2024-09-10,2024,September
9060771,6331483812,97411107,3,"Delivery was fine, but the product could be better.",Product Quality,Neutral,2024-06-09,2024,June
8948120,6705171000,52417972,4,Will definitely order again.,Product Quality,Positive,2023-04-09,2023,April
9289508,7850128898,38478423,2,Items were missing from my order.,Product Quality,Negative,2024-06-28,2024,June
8188900,3602554049,65815155,4,"Nothing to complain about, but nothing exceptional.",Customer Service,Neutral,2023-07-28,2023,July
5686881,1070259187,22738465,3,I had a bad experience.,App Experience,Negative,2023-09-06,2023,September
3842752,8412338399,2566268,3,The product met my expectations.,Product Quality,Neutral,2024-10-28,2024,October
9551379,1478022303,69353754,3,"Delivery was fine, but the product could be better.",Product Quality,Neutral,2023-12-31,2023,December
3823659,2376108199,81757554,4,The product met my expectations.,Product Quality,Neutral,2024-05-13,2024,May
7258622,5243035202,10541231,2,Items were missing from my order.,Product Quality,Negative,2024-10-20,2024,October
569019,3687581971,81932548,4,"Excellent quality, will buy again!",App Experience,Positive,2024-05-10,2024,May
7101790,7008586055,96109948,3,Taste was not as expected.,App Experience,Negative,2023-05-24,2023,May
8868668,5142069216,35459748,4,"Delivery was fine, but the product could be better.",Product Quality,Neutral,2024-02-25,2024,February
1504712,4152441944,92636025,5,"Overall good experience, thank you!",Customer Service,Positive,2023-04-25,2023,April
6592774,5601670348,32830199,3,"Delivery was fine, but the product could be better.",Product Quality,Neutral,2024-10-29,2024,October
4354820,605105099,5039883,5,Great prices and fast delivery!,Customer Service,Positive,2023-12-30,2023,December
1117265,4054936140,28286754,2,The packaging was poor.,Product Quality,Negative,2024-04-19,2024,April
1162461,8741892156,66886852,5,Will definitely order again.,Product Quality,Positive,2023-11-15,2023,November
4575939,9143640828,90298394,3,"Nothing to complain about, but nothing exceptional.",Product Quality,Neutral,2023-07-18,2023,July
7512447,6900876252,87984862,4,Items were in perfect condition.,Product Quality,Positive,2024-02-21,2024,February
8943085,9801174908,54347213,3,"Delivery was fine, but the product could be better.",Product Quality,Neutral,2024-04-27,2024,April
4229076,551343632,59840071,5,Customer service was very helpful.,App Experience,Positive,2024-02-20,2024,February
6371323,7961173808,90184276,3,"Nothing to complain about, but nothing exceptional.",App Experience,Neutral,2023-05-06,2023,May
998183,328909145,36146306,4,"Nothing to complain about, but nothing exceptional.",Delivery,Neutral,2024-09-26,2024,September
5358574,5551173528,64151769,3,The order was incorrect.,Delivery,Negative,2024-03-11,2024,March
9843205,4461788759,79895967,5,Will definitely order again.,Customer Service,Positive,2024-04-23,2024,April
5635953,7256212429,28350645,4,The product met my expectations.,App Experience,Neutral,2024-03-16,2024,March
3366792,9104077642,18199057,3,"Nothing to complain about, but nothing exceptional.",Customer Service,Neutral,2024-10-24,2024,October
4954894,2914056235,31456752,1,The order was incorrect.,Customer Service,Negative,2024-02-01,2024,February
671223,9127632807,81528623,2,Customer service was not helpful.,Delivery,Negative,2023-05-30,2023,May
7445572,6070154414,45052594,3,Very disappointed with the quality.,App Experience,Negative,2023-06-19,2023,June
2097262,2318969828,2457734,4,"Overall good experience, thank you!",Product Quality,Positive,2023-03-26,2023,March
2683030,3813047994,60275891,4,The product met my expectations.,Customer Service,Neutral,2023-12-20,2023,December
2944984,1416102774,92245432,5,"Excellent quality, will buy again!",Customer Service,Positive,2024-04-27,2024,April
8607255,8086834412,23286884,4,Good selection of products.,Delivery,Positive,2024-08-03,2024,August
597980,6193826826,85561151,4,Great prices and fast delivery!,Customer Service,Positive,2023-05-08,2023,May
2319343,8444509148,64141971,2,Taste was not as expected.,Delivery,Negative,2024-02-21,2024,February
7618966,42332130,70363568,3,"Average experience, could improve.",Customer Service,Neutral,2024-10-17,2024,October
637720,6009342120,59620534,1,Not worth the price I paid.,Customer Service,Negative,2024-02-03,2024,February
2471792,4818516411,85006599,1,Customer service was not helpful.,App Experience,Negative,2023-09-10,2023,September
6340020,1039229544,93730857,4,The product met my expectations.,Customer Service,Neutral,2024-10-08,2024,October
5813945,1515943657,59436131,3,The packaging was poor.,Product Quality,Negative,2023-07-09,2023,July
7398851,9183547951,19259955,3,Customer service was not helpful.,Product Quality,Negative,2024-01-20,2024,January
6797094,8478376092,91500615,2,Customer service was not helpful.,Product Quality,Negative,2023-04-17,2023,April
6016974,1454073903,89874335,1,Delivery was late and I was unhappy.,Delivery,Negative,2023-09-16,2023,September
9506434,2855402284,33370343,3,Customer service was not helpful.,Delivery,Negative,2023-07-30,2023,July
2618604,7245730533,51670882,4,Will definitely order again.,App Experience,Positive,2024-05-26,2024,May
6368426,2272892659,24308515,3,The order was incorrect.,App Experience,Negative,2023-07-26,2023,July
7057209,9087377568,54038173,3,The product met my expectations.,App Experience,Neutral,2024-02-21,2024,February
6030331,8443685057,19400174,3,"Average experience, could improve.",Product Quality,Neutral,2023-02-07,2023,February
3002904,1590988730,42208242,3,"Average experience, could improve.",Delivery,Neutral,2023-12-21,2023,December
5755357,7357811417,26364643,4,The product met my expectations.,Product Quality,Neutral,2024-09-29,2024,September
7932307,394951937,65406127,4,Highly recommended!,App Experience,Positive,2024-04-24,2024,April
4287665,3967445448,20148223,4,Great prices and fast delivery!,Delivery,Positive,2023-02-11,2023,February
8541922,6101022928,10088428,4,"Excellent quality, will buy again!",Delivery,Positive,2024-02-10,2024,February
9786423,6322372546,43052303,1,I had a bad experience.,Product Quality,Negative,2024-02-19,2024,February
3312118,9778782281,63025744,3,"Average experience, could improve.",Product Quality,Neutral,2023-04-14,2023,April
3919034,3867563962,14940427,4,"Nothing to complain about, but nothing exceptional.",Delivery,Neutral,2023-12-24,2023,December
9429214,9277710098,38969732,5,Customer service was very helpful.,Product Quality,Positive,2023-02-04,2023,February
2275542,7669322773,6081270,4,"Nothing to complain about, but nothing exceptional.",Customer Service,Neutral,2023-08-29,2023,August
892549,3917427529,68159723,3,"It was okay, nothing special.",Customer Service,Neutral,2024-12-10,2024,December
8890516,1934158144,65134271,3,"Delivery was fine, but the product could be better.",Product Quality,Neutral,2024-02-04,2024,February
4913600,3157338466,243838,4,"Overall good experience, thank you!",Delivery,Positive,2023-08-24,2023,August
5644836,9640662474,74761384,4,"Nothing to complain about, but nothing exceptional.",Delivery,Neutral,2024-09-04,2024,September
3026456,2356272189,42432226,4,Items were in perfect condition.,Delivery,Positive,2024-09-04,2024,September
7213081,1380510406,54338574,3,Not worth the price I paid.,Delivery,Negative,2024-07-27,2024,July
1082563,8008377895,23794330,5,Customer service was very helpful.,Delivery,Positive,2023-06-26,2023,June
4295130,3680678403,57537308,3,"Delivery was fine, but the product could be better.",Customer Service,Neutral,2023-03-31,2023,March
9721776,2847236502,6812439,5,Great prices and fast delivery!,Product Quality,Positive,2024-07-16,2024,July
9147798,5212392063,75510747,5,Highly recommended!,App Experience,Positive,2024-06-17,2024,June
7555725,3804024939,91566278,4,"Nothing to complain about, but nothing exceptional.",Delivery,Neutral,2024-01-27,2024,January
4191143,5395870775,18394558,4,Very happy with the service!,Product Quality,Positive,2024-01-08,2024,January
5959980,511736499,38615653,3,"It was okay, nothing special.",Product Quality,Neutral,2024-10-24,2024,October
1509068,2895886759,69863493,5,Great prices and fast delivery!,Product Quality,Positive,2023-07-09,2023,July
1223481,6638513435,32809328,4,Very happy with the service!,Customer Service,Positive,2024-04-08,2024,April
2785902,4168083780,13581527,2,The order was incorrect.,Product Quality,Negative,2024-09-06,2024,September
7297221,2501516144,88252625,3,"Average experience, could improve.",Customer Service,Neutral,2024-01-10,2024,January
3448210,7141387557,98246574,3,The product met my expectations.,Customer Service,Neutral,2023-08-18,2023,August
1818906,2747350024,75860724,3,I had a bad experience.,Product Quality,Negative,2024-08-16,2024,August
7622825,9503407492,29272253,4,Very happy with the service!,App Experience,Positive,2023-08-25,2023,August
6184548,4845607487,78053306,1,Delivery was late and I was unhappy.,Product Quality,Negative,2023-03-17,2023,March
2324692,2051769691,30447453,4,The product met my expectations.,Product Quality,Neutral,2023-06-09,2023,June
1415598,1092990139,85476508,3,Not worth the price I paid.,App Experience,Negative,2024-01-10,2024,January
1365646,5527612319,14632090,4,Great prices and fast delivery!,Customer Service,Positive,2024-12-09,2024,December
3525651,8852367079,22694456,3,The product met my expectations.,Customer Service,Neutral,2024-07-04,2024,July
7211256,1666202264,85474732,2,Items were missing from my order.,Product Quality,Negative,2023-07-05,2023,July
5692120,8606484804,41155125,2,Items were missing from my order.,Product Quality,Negative,2024-06-18,2024,June
9823807,8905341102,80862136,5,Very fresh and well-packaged.,App Experience,Positive,2024-08-02,2024,August
2704664,5418735913,10210309,1,I had a bad experience.,Customer Service,Negative,2024-11-07,2024,November
3715026,970377475,48167795,5,Will definitely order again.,Delivery,Positive,2024-03-09,2024,March
9593233,7320527109,83298567,4,"It was okay, nothing special.",Product Quality,Neutral,2024-01-18,2024,January
4367429,5120698,44174426,5,Very happy with the service!,Delivery,Positive,2023-09-06,2023,September
6991198,3812396179,24496983,4,Good selection of products.,Customer Service,Positive,2023-07-22,2023,July
4850003,8178951021,46208150,5,"Excellent quality, will buy again!",Delivery,Positive,2024-03-24,2024,March
9403859,2479115586,55056284,4,"Delivery was fine, but the product could be better.",Customer Service,Neutral,2024-03-14,2024,March
3751165,6239453389,26285589,4,Will definitely order again.,Customer Service,Positive,2023-08-10,2023,August
9884263,3136508414,13585482,4,The product met my expectations.,Delivery,Neutral,2024-07-22,2024,July
8141675,5521273487,6992801,3,"Nothing to complain about, but nothing exceptional.",Product Quality,Neutral,2024-05-18,2024,May
1957263,5445047872,37802267,2,Not worth the price I paid.,Customer Service,Negative,2023-10-17,2023,October
6824174,3678525130,36428139,5,Will definitely order again.,Delivery,Positive,2023-03-20,2023,March
9606913,9328056960,81229704,4,Items were in perfect condition.,App Experience,Positive,2024-08-14,2024,August
1967173,2109203997,40277444,1,I had a bad experience.,App Experience,Negative,2024-04-05,2024,April
9478618,556665455,32500305,4,Good selection of products.,Delivery,Positive,2024-08-02,2024,August
518511,6573705785,24000329,4,Customer service was very helpful.,Delivery,Positive,2023-11-23,2023,November
8677118,2609502403,2058037,3,"Delivery was fine, but the product could be better.",App Experience,Neutral,2024-10-31,2024,October
3263168,1463293930,85354059,4,Customer service was very helpful.,App Experience,Positive,2024-06-06,2024,June
4714369,8132887999,84456355,2,The packaging was poor.,Product Quality,Negative,2024-02-25,2024,February
8859102,7178789018,46208150,3,"Average experience, could improve.",Delivery,Neutral,2023-12-09,2023,December
5063494,2295700159,83023956,4,Customer service was very helpful.,App Experience,Positive,2024-11-03,2024,November
2318001,9277089038,35988028,4,The product met my expectations.,Product Quality,Neutral,2023-04-15,2023,April
8881952,145057465,54923640,2,Taste was not as expected.,Delivery,Negative,2024-02-11,2024,February
2264492,9452353274,97770901,4,Very happy with the service!,App Experience,Positive,2024-10-10,2024,October
6613978,5434328922,67340606,3,The order was incorrect.,Delivery,Negative,2024-08-02,2024,August
1571610,3327051807,99707100,5,"Overall good experience, thank you!",Product Quality,Positive,2023-02-10,2023,February
4015052,1461604569,25713335,2,I had a bad experience.,Customer Service,Negative,2024-04-26,2024,April
1691909,606518084,78725001,4,Very fresh and well-packaged.,Delivery,Positive,2023-10-28,2023,October
3244890,7637625389,13122744,2,Customer service was not helpful.,Product Quality,Negative,2023-10-15,2023,October
2137564,7311621328,30891209,5,"Excellent quality, will buy again!",Product Quality,Positive,2024-07-04,2024,July
3569701,8790217194,38244021,4,"Delivery was fine, but the product could be better.",Customer Service,Neutral,2024-03-25,2024,March
3212356,1772445313,13071673,5,Very happy with the service!,Product Quality,Positive,2023-07-21,2023,July
9072707,159394992,35358395,4,Items were in perfect condition.,App Experience,Positive,2024-06-08,2024,June
405271,7992910755,76218218,5,"Excellent quality, will buy again!",App Experience,Positive,2023-12-07,2023,December
2928147,1786931285,1719710,4,Very happy with the service!,Product Quality,Positive,2023-06-29,2023,June
4081194,2225520858,95372766,4,Highly recommended!,Delivery,Positive,2023-11-22,2023,November
5715020,5635738740,33034249,1,I had a bad experience.,Customer Service,Negative,2023-09-28,2023,September
1472206,2230824358,41878908,2,Very disappointed with the quality.,App Experience,Negative,2023-05-24,2023,May
2790375,9217211301,52085702,2,Very disappointed with the quality.,Delivery,Negative,2023-06-15,2023,June
1193824,4501870609,16082651,4,"Delivery was fine, but the product could be better.",Customer Service,Neutral,2024-10-07,2024,October
4316711,838401679,89699655,3,Very disappointed with the quality.,Product Quality,Negative,2023-07-23,2023,July
6658998,9587315528,66440188,2,The order was incorrect.,Delivery,Negative,2024-07-08,2024,July
3488198,3122936945,95001589,3,Items were missing from my order.,Customer Service,Negative,2023-06-05,2023,June
990612,6093390755,32054313,3,The packaging was poor.,Delivery,Negative,2023-11-24,2023,November
8476626,2032956677,66932104,3,The product met my expectations.,Product Quality,Neutral,2024-02-05,2024,February
7821651,1488430001,67092149,2,Items were missing from my order.,Delivery,Negative,2024-04-08,2024,April
6182560,615391848,65570302,3,Very disappointed with the quality.,App Experience,Negative,2024-12-09,2024,December
6953419,8686093533,30823988,5,Will definitely order again.,Customer Service,Positive,2024-06-02,2024,June
3521174,7038758506,68714053,2,Taste was not as expected.,Delivery,Negative,2023-08-05,2023,August
642616,2385966456,12184293,1,Very disappointed with the quality.,Customer Service,Negative,2023-08-22,2023,August
593670,259622674,61002154,4,Very happy with the service!,Product Quality,Positive,2023-05-05,2023,May
7065647,2580381935,4394659,4,Highly recommended!,App Experience,Positive,2024-05-05,2024,May
1833585,5035471587,18140588,3,"It was okay, nothing special.",Customer Service,Neutral,2024-05-01,2024,May
7873851,9421270813,26844216,3,Items were missing from my order.,Product Quality,Negative,2024-04-22,2024,April
1617109,1831516625,46629917,3,"Nothing to complain about, but nothing exceptional.",Product Quality,Neutral,2024-03-29,2024,March
6502843,1918841793,95334407,3,"It was okay, nothing special.",Customer Service,Neutral,2024-06-17,2024,June
6630115,1757159071,59094034,1,The packaging was poor.,App Experience,Negative,2024-03-13,2024,March
673112,7589464630,91196901,5,Good selection of products.,Delivery,Positive,2024-12-07,2024,December
1678914,1577085460,74682740,1,Customer service was not helpful.,Delivery,Negative,2023-09-22,2023,September
804834,2279018877,40305293,4,"Average experience, could improve.",Customer Service,Neutral,2024-10-06,2024,October
212051,7431412128,96989204,4,"Average experience, could improve.",Customer Service,Neutral,2023-05-29,2023,May
1731482,8781520615,85519349,4,The product met my expectations.,Delivery,Neutral,2024-04-14,2024,April
7773519,1276192882,97678578,5,Good selection of products.,Product Quality,Positive,2024-08-01,2024,August
8808555,4065794921,85518832,5,"Excellent quality, will buy again!",Customer Service,Positive,2024-03-21,2024,March
6907960,1690800946,79764458,5,Highly recommended!,Product Quality,Positive,2023-03-29,2023,March
6984944,877883470,1200365,3,"It was okay, nothing special.",App Experience,Neutral,2023-07-06,2023,July
2712264,7322044533,48730063,3,The product met my expectations.,Customer Service,Neutral,2023-10-14,2023,October
3963629,5243163885,19275474,3,The product met my expectations.,Delivery,Neutral,2023-05-19,2023,May
4619026,4360255357,15529446,2,Taste was not as expected.,App Experience,Negative,2023-05-14,2023,May
6662523,9623306038,51669263,5,Very happy with the service!,Delivery,Positive,2023-10-11,2023,October
6484963,6282385286,6150721,4,"It was okay, nothing special.",Customer Service,Neutral,2023-10-28,2023,October
2421781,1001900652,30367559,5,Very happy with the service!,Product Quality,Positive,2024-08-09,2024,August
8007377,5161988291,65618148,1,Not worth the price I paid.,Delivery,Negative,2024-01-07,2024,January
7614687,3597752998,37759707,1,I had a bad experience.,Delivery,Negative,2024-03-04,2024,March
2818195,9074325310,35435896,2,Very disappointed with the quality.,Customer Service,Negative,2024-04-23,2024,April
5353483,8875965392,41395224,4,Customer service was very helpful.,Delivery,Positive,2024-01-22,2024,January
8492311,971081962,73428596,4,Good selection of products.,Customer Service,Positive,2024-08-29,2024,August
7851227,1948332638,62323608,3,"Nothing to complain about, but nothing exceptional.",Delivery,Neutral,2024-08-06,2024,August
7389650,1785558780,18986315,3,Customer service was not helpful.,Delivery,Negative,2024-06-28,2024,June
3902686,7590462053,18326028,4,Customer service was very helpful.,Delivery,Positive,2024-06-26,2024,June
1670386,2135743860,73392739,3,The order was incorrect.,Customer Service,Negative,2024-03-22,2024,March
6315217,9851365751,12832151,1,I had a bad experience.,App Experience,Negative,2023-03-10,2023,March
6079538,9243090480,13760839,3,"Nothing to complain about, but nothing exceptional.",Customer Service,Neutral,2023-03-21,2023,March
8716014,7168596454,35690581,4,Will definitely order again.,Product Quality,Positive,2023-03-22,2023,March
5220732,2483565595,21701991,5,"Overall good experience, thank you!",Delivery,Positive,2023-03-24,2023,March
6903103,2484470052,84848018,1,I had a bad experience.,Delivery,Negative,2024-09-01,2024,September
9534772,7702588270,55094848,4,Will definitely order again.,Customer Service,Positive,2024-04-26,2024,April
9734476,5992338333,9738801,5,Items were in perfect condition.,Delivery,Positive,2023-03-04,2023,March
3476741,9196796718,68941950,3,Very disappointed with the quality.,App Experience,Negative,2023-06-07,2023,June
5456993,3291765954,57523973,3,Product was damaged during delivery.,App Experience,Negative,2023-08-30,2023,August
4090243,652616858,10663246,3,The order was incorrect.,App Experience,Negative,2023-05-22,2023,May
8423384,2613508245,45028365,5,Items were in perfect condition.,Delivery,Positive,2023-12-28,2023,December
4019989,8169361928,8241122,5,Very fresh and well-packaged.,Delivery,Positive,2024-10-01,2024,October
9879756,9395982132,58170168,2,The order was incorrect.,Delivery,Negative,2023-05-07,2023,May
7954510,1914701538,64722323,5,Highly recommended!,Product Quality,Positive,2023-09-07,2023,September
7223265,6236279358,97141762,1,The order was incorrect.,Product Quality,Negative,2024-05-26,2024,May
6344475,2288561509,11047835,4,"Average experience, could improve.",App Experience,Neutral,2023-04-12,2023,April
9332236,2010415757,43295656,3,Delivery was late and I was unhappy.,Customer Service,Negative,2024-06-20,2024,June
9187416,7164827734,9195970,3,"Delivery was fine, but the product could be better.",App Experience,Neutral,2023-03-16,2023,March
8178959,7971819985,48511124,5,Good selection of products.,Customer Service,Positive,2024-04-15,2024,April
6694483,8234021674,41073776,4,"It was okay, nothing special.",Customer Service,Neutral,2024-01-29,2024,January
7297081,4274404843,48418662,1,Not worth the price I paid.,Delivery,Negative,2024-09-30,2024,September
2780635,7353519273,80761521,3,Taste was not as expected.,Delivery,Negative,2023-09-22,2023,September
8885288,8539612501,22846435,4,Customer service was very helpful.,Product Quality,Positive,2024-09-20,2024,September
6961258,5894327065,35133191,4,The product met my expectations.,App Experience,Neutral,2024-03-15,2024,March
2164847,77053363,74172010,4,The product met my expectations.,App Experience,Neutral,2023-04-05,2023,April
5219253,4467084478,30447453,4,Customer service was very helpful.,Customer Service,Positive,2024-03-03,2024,March
7608543,3514036230,84937877,2,The order was incorrect.,Customer Service,Negative,2023-11-07,2023,November
6738377,4720421794,72089140,4,"Nothing to complain about, but nothing exceptional.",App Experience,Neutral,2024-01-16,2024,January
4078784,3202903413,12507907,1,Taste was not as expected.,Customer Service,Negative,2023-04-08,2023,April
4540343,6938082428,19741509,3,"Delivery was fine, but the product could be better.",Delivery,Neutral,2024-08-03,2024,August
4973137,9202941711,59240916,3,The product met my expectations.,Customer Service,Neutral,2024-03-24,2024,March
893979,8963522960,11143197,4,"Nothing to complain about, but nothing exceptional.",Product Quality,Neutral,2023-02-11,2023,February
9275465,9266835891,14207332,3,Customer service was not helpful.,Customer Service,Negative,2024-06-13,2024,June
7961669,5265722064,52032226,3,Delivery was late and I was unhappy.,Customer Service,Negative,2023-07-16,2023,July
8462266,5514326011,95364457,1,Very disappointed with the quality.,Delivery,Negative,2024-04-02,2024,April
492696,9578652103,34839913,5,Very fresh and well-packaged.,App Experience,Positive,2024-03-13,2024,March
2078050,3559061334,79991320,3,The product met my expectations.,Customer Service,Neutral,2023-09-06,2023,September
871537,637944734,60698094,4,"It was okay, nothing special.",Customer Service,Neutral,2023-01-04,2023,January
1773233,7454643275,18229949,3,"Nothing to complain about, but nothing exceptional.",Customer Service,Neutral,2024-07-14,2024,July
2701343,4319342350,99160348,4,Will definitely order again.,App Experience,Positive,2024-08-27,2024,August
9605309,7568450733,59518795,3,"Delivery was fine, but the product could be better.",Customer Service,Neutral,2023-09-04,2023,September
3469284,734744305,60698094,4,Great prices and fast delivery!,Customer Service,Positive,2024-08-06,2024,August
9538852,5233331050,85561151,3,The packaging was poor.,Customer Service,Negative,2023-01-05,2023,January
733284,8326867788,17939362,4,"Nothing to complain about, but nothing exceptional.",Product Quality,Neutral,2023-09-20,2023,September
2822882,8368819094,42432226,2,Not worth the price I paid.,App Experience,Negative,2024-08-15,2024,August
1828748,8700151605,19275474,3,"Average experience, could improve.",Customer Service,Neutral,2023-04-08,2023,April
318076,6269179048,469006,4,The product met my expectations.,Product Quality,Neutral,2023-11-11,2023,November
5959696,1265254177,46378942,5,Very fresh and well-packaged.,App Experience,Positive,2023-09-24,2023,September
7955410,9858963919,40858753,5,Very happy with the service!,App Experience,Positive,2023-02-07,2023,February
400719,7279564594,91566278,4,"Average experience, could improve.",Customer Service,Neutral,2024-01-19,2024,January
4253376,6983253839,62629494,4,Items were in perfect condition.,App Experience,Positive,2024-03-04,2024,March
893900,9479808024,62679120,1,Not worth the price I paid.,App Experience,Negative,2023-10-16,2023,October
7889291,3583522679,6668498,4,Good selection of products.,Delivery,Positive,2023-06-09,2023,June
4541842,1923226423,39042103,3,"It was okay, nothing special.",Product Quality,Neutral,2024-07-28,2024,July
1858937,664198080,89036169,5,Items were in perfect condition.,Product Quality,Positive,2023-12-08,2023,December
2821305,4224700084,11478478,4,"Nothing to complain about, but nothing exceptional.",Delivery,Neutral,2024-08-28,2024,August
2918812,969621016,13465850,4,Very fresh and well-packaged.,Delivery,Positive,2024-01-23,2024,January
3919018,8178275820,55060796,4,"Nothing to complain about, but nothing exceptional.",Delivery,Neutral,2024-05-04,2024,May
811082,4949766982,99734256,1,Very disappointed with the quality.,Product Quality,Negative,2024-11-09,2024,November
3987894,5258344385,12867472,4,"Delivery was fine, but the product could be better.",App Experience,Neutral,2023-10-14,2023,October
1037126,8101930640,92306841,2,Items were missing from my order.,Customer Service,Negative,2023-12-06,2023,December
6662080,6703316563,89669139,3,"Delivery was fine, but the product could be better.",Customer Service,Neutral,2024-01-25,2024,January
666838,7680297690,1705969,5,Very fresh and well-packaged.,App Experience,Positive,2024-12-02,2024,December
3384233,7256340388,30042971,5,"Excellent quality, will buy again!",Delivery,Positive,2023-08-10,2023,August
1396423,2538269668,48778633,3,The product met my expectations.,Product Quality,Neutral,2023-06-23,2023,June
2670139,7506762237,98225598,4,"Nothing to complain about, but nothing exceptional.",Customer Service,Neutral,2023-10-06,2023,October
249410,6585436114,65895091,3,"Delivery was fine, but the product could be better.",App Experience,Neutral,2024-03-13,2024,March
2283550,9852996866,19145354,3,I had a bad experience.,Product Quality,Negative,2024-06-26,2024,June
1186611,1991135167,46699982,1,Items were missing from my order.,Delivery,Negative,2023-12-19,2023,December
5655176,7765110772,33871107,5,Very fresh and well-packaged.,Customer Service,Positive,2024-01-06,2024,January
7557234,3520718052,6856445,3,Taste was not as expected.,App Experience,Negative,2023-07-07,2023,July
9297487,5388573375,77128325,4,"Average experience, could improve.",Delivery,Neutral,2024-07-03,2024,July
6618208,8977771682,30979436,1,The order was incorrect.,App Experience,Negative,2023-04-29,2023,April
2304442,3596900942,63349378,2,Product was damaged during delivery.,App Experience,Negative,2023-03-11,2023,March
3413974,155295996,24517523,4,"Average experience, could improve.",Delivery,Neutral,2024-06-29,2024,June
6698770,1945536198,44557943,4,The product met my expectations.,Customer Service,Neutral,2023-03-05,2023,March
1790421,2550246555,38671747,4,Good selection of products.,Product Quality,Positive,2023-06-04,2023,June
6707041,4287631655,6867315,3,I had a bad experience.,Delivery,Negative,2023-11-15,2023,November
2990320,2033683703,42989999,4,The product met my expectations.,Product Quality,Neutral,2024-01-24,2024,January
6026246,9453583714,82854537,5,Very fresh and well-packaged.,Delivery,Positive,2023-01-09,2023,January
1524623,852886125,44562310,4,Great prices and fast delivery!,Delivery,Positive,2023-07-14,2023,July
384936,5705899665,4378755,3,"Nothing to complain about, but nothing exceptional.",Customer Service,Neutral,2024-05-27,2024,May
9463247,5706043483,63360864,4,Will definitely order again.,Delivery,Positive,2024-07-17,2024,July
232145,5190422833,3410758,3,"It was okay, nothing special.",Customer Service,Neutral,2023-03-27,2023,March
662031,7178188501,3786105,3,Not worth the price I paid.,App Experience,Negative,2024-04-18,2024,April
6325282,2864819888,9419030,2,Items were missing from my order.,Delivery,Negative,2024-04-19,2024,April
5123205,7107216633,10857389,4,"It was okay, nothing special.",Product Quality,Neutral,2024-06-27,2024,June
8671993,1685382357,6579892,4,"It was okay, nothing special.",Product Quality,Neutral,2023-04-05,2023,April
3901928,7562902958,81808190,2,Very disappointed with the quality.,App Experience,Negative,2023-08-06,2023,August
4500081,2819953077,25128143,3,"It was okay, nothing special.",Product Quality,Neutral,2023-11-22,2023,November
7629553,8453462258,2875442,3,"It was okay, nothing special.",Product Quality,Neutral,2024-10-02,2024,October
2027892,4605056279,23976957,4,"Average experience, could improve.",Customer Service,Neutral,2024-04-05,2024,April
1208750,5998035939,88324928,5,Highly recommended!,App Experience,Positive,2024-02-22,2024,February
8404079,2311501690,27698051,1,The packaging was poor.,Product Quality,Negative,2024-03-26,2024,March
5785508,356495722,91312072,3,"Average experience, could improve.",Delivery,Neutral,2024-02-06,2024,February
9688416,2695448838,47274329,1,Items were missing from my order.,Customer Service,Negative,2023-11-06,2023,November
6606588,6986791144,27692428,3,The order was incorrect.,Product Quality,Negative,2023-08-09,2023,August
5744159,8619571588,31456752,3,Taste was not as expected.,Customer Service,Negative,2024-01-17,2024,January
1290444,4088553674,52913011,5,Will definitely order again.,Product Quality,Positive,2023-08-25,2023,August
5071299,8177907004,60757351,3,"It was okay, nothing special.",Product Quality,Neutral,2024-08-01,2024,August
2012001,8533749006,91590001,4,"Delivery was fine, but the product could be better.",App Experience,Neutral,2024-10-30,2024,October
7516762,8694014791,48778633,3,"Delivery was fine, but the product could be better.",Delivery,Neutral,2023-06-08,2023,June
8452294,6311012195,10857389,4,"Average experience, could improve.",Delivery,Neutral,2023-07-27,2023,July
5386596,1312767771,26412689,3,I had a bad experience.,Delivery,Negative,2024-09-17,2024,September
3046652,214919848,47125914,4,"Delivery was fine, but the product could be better.",App Experience,Neutral,2024-06-01,2024,June
902714,5521682945,26303194,4,Very fresh and well-packaged.,Product Quality,Positive,2024-07-24,2024,July
3623958,5305770811,92642745,4,"Average experience, could improve.",Delivery,Neutral,2024-10-31,2024,October
3376281,5842420654,43307488,1,Customer service was not helpful.,Product Quality,Negative,2024-06-05,2024,June
8057785,4566893863,88739922,1,The order was incorrect.,Product Quality,Negative,2023-10-28,2023,October
9951202,1523729855,54730270,3,The packaging was poor.,Product Quality,Negative,2024-03-09,2024,March
3155305,2899786983,31456752,3,Not worth the price I paid.,App Experience,Negative,2023-10-24,2023,October
8959147,9202528884,64940409,3,The product met my expectations.,Delivery,Neutral,2024-05-27,2024,May
5068589,4338327693,93617659,3,"It was okay, nothing special.",Delivery,Neutral,2024-05-19,2024,May
9415572,6295686357,76533277,3,"It was okay, nothing special.",Customer Service,Neutral,2024-10-01,2024,October
419428,6396194687,61406908,5,Good selection of products.,Customer Service,Positive,2024-01-20,2024,January
5638774,5662786245,21409946,3,"Average experience, could improve.",Product Quality,Neutral,2023-04-21,2023,April
7773683,4868150114,69761993,4,Great prices and fast delivery!,Product Quality,Positive,2024-08-01,2024,August
7266707,502764834,96903782,4,"Excellent quality, will buy again!",App Experience,Positive,2024-02-08,2024,February
9467403,5056125341,26040510,5,Very fresh and well-packaged.,App Experience,Positive,2023-05-23,2023,May
5752697,6388618916,96511007,4,"Nothing to complain about, but nothing exceptional.",Delivery,Neutral,2024-01-26,2024,January
4816923,3508668494,75836905,4,"It was okay, nothing special.",Product Quality,Neutral,2024-01-25,2024,January
2238576,5289436093,98211325,5,"Excellent quality, will buy again!",Delivery,Positive,2024-04-18,2024,April
8802816,7596333614,88684966,3,"Average experience, could improve.",App Experience,Neutral,2023-03-30,2023,March
635640,6284076508,74179536,1,Very disappointed with the quality.,Delivery,Negative,2024-07-19,2024,July
3246815,340050407,68941950,5,Customer service was very helpful.,Customer Service,Positive,2024-10-15,2024,October
5824130,5927472701,93563435,5,"Excellent quality, will buy again!",App Experience,Positive,2024-12-01,2024,December
5232585,9216536492,58979427,2,Taste was not as expected.,Delivery,Negative,2024-04-10,2024,April
6997740,3742662928,63971358,2,Not worth the price I paid.,Delivery,Negative,2023-03-06,2023,March
2878840,4797768073,35782051,1,Taste was not as expected.,App Experience,Negative,2023-06-07,2023,June
3232027,6767935470,70372270,3,The order was incorrect.,App Experience,Negative,2024-04-17,2024,April
8676901,1963703928,77007315,3,"Average experience, could improve.",Delivery,Neutral,2024-06-07,2024,June
7147494,552470423,4394659,3,I had a bad experience.,Customer Service,Negative,2024-02-27,2024,February
6455947,739434870,1603358,3,"Nothing to complain about, but nothing exceptional.",Delivery,Neutral,2023-05-09,2023,May
2146818,7930373606,13494314,4,Highly recommended!,App Experience,Positive,2023-09-08,2023,September
5918905,5374978054,64932019,4,Great prices and fast delivery!,App Experience,Positive,2024-08-07,2024,August
1790853,4361797433,1603358,5,Items were in perfect condition.,Customer Service,Positive,2023-05-08,2023,May
5333878,2002067527,45166203,5,Customer service was very helpful.,Customer Service,Positive,2023-06-11,2023,June
4408352,4228110436,701493,3,"It was okay, nothing special.",Delivery,Neutral,2023-07-23,2023,July
8806220,1251118825,79592021,5,Very happy with the service!,Delivery,Positive,2023-04-05,2023,April
9260645,7165265639,29265216,4,"Delivery was fine, but the product could be better.",App Experience,Neutral,2023-08-20,2023,August
7871902,1255323701,51669263,2,Delivery was late and I was unhappy.,Delivery,Negative,2024-06-03,2024,June
7106648,807934194,69925688,5,Very happy with the service!,App Experience,Positive,2024-01-13,2024,January
679157,7968718292,54730270,4,Items were in perfect condition.,Customer Service,Positive,2023-10-30,2023,October
4993673,2620531979,8651281,3,The order was incorrect.,Customer Service,Negative,2024-02-24,2024,February
6888989,6943430459,53636086,1,The order was incorrect.,Product Quality,Negative,2024-05-10,2024,May
7072577,5607355353,47625855,3,"Nothing to complain about, but nothing exceptional.",Delivery,Neutral,2023-06-23,2023,June
1802954,6696352636,54730270,5,"Excellent quality, will buy again!",Product Quality,Positive,2023-06-18,2023,June
2730040,9325920156,59110513,3,Not worth the price I paid.,Product Quality,Negative,2024-12-10,2024,December
6547569,2286477025,59436131,1,Items were missing from my order.,Delivery,Negative,2023-02-06,2023,February
2561468,6704773223,81420960,3,The product met my expectations.,Product Quality,Neutral,2024-07-22,2024,July
8667253,1435353007,48281892,3,The product met my expectations.,Product Quality,Neutral,2024-01-19,2024,January
4244460,8080970647,1855421,3,"It was okay, nothing special.",Product Quality,Neutral,2023-11-25,2023,November
7073627,5881633926,32293017,4,"Nothing to complain about, but nothing exceptional.",App Experience,Neutral,2023-04-21,2023,April
8693785,4435459085,76830090,4,The product met my expectations.,Customer Service,Neutral,2023-08-19,2023,August
5942135,6172529406,48409448,4,"Average experience, could improve.",Delivery,Neutral,2024-05-21,2024,May
3589571,9127879048,75490147,3,Very disappointed with the quality.,Product Quality,Negative,2024-08-27,2024,August
1694264,3806545110,1200365,3,The order was incorrect.,Product Quality,Negative,2024-08-17,2024,August
2192927,6919395718,91550885,3,"Delivery was fine, but the product could be better.",Delivery,Neutral,2024-02-16,2024,February
1600751,5277462976,98858383,4,"Nothing to complain about, but nothing exceptional.",App Experience,Neutral,2024-10-19,2024,October
9323797,3606274277,98225598,3,"Average experience, could improve.",Product Quality,Neutral,2023-08-08,2023,August
5005753,2065203676,36146306,2,I had a bad experience.,App Experience,Negative,2024-01-15,2024,January
7240917,4042066387,90743791,2,Customer service was not helpful.,Product Quality,Negative,2024-03-01,2024,March
6053670,3604982656,59207798,5,Good selection of products.,Product Quality,Positive,2024-09-19,2024,September
9714963,1149676745,6247821,4,"Delivery was fine, but the product could be better.",Delivery,Neutral,2023-10-20,2023,October
7759744,3895011687,47043878,5,Will definitely order again.,Delivery,Positive,2024-03-23,2024,March
6925008,772505056,81822494,2,Not worth the price I paid.,App Experience,Negative,2023-07-13,2023,July
9337137,5574765914,89619421,5,Items were in perfect condition.,Delivery,Positive,2024-10-25,2024,October
7351543,8812616740,61982521,4,Customer service was very helpful.,Delivery,Positive,2023-06-26,2023,June
9045201,1486655525,74572121,1,The packaging was poor.,Delivery,Negative,2024-04-21,2024,April
8541275,8423025639,6344345,3,"It was okay, nothing special.",App Experience,Neutral,2024-06-06,2024,June
9300914,9020705185,1562083,3,The product met my expectations.,Product Quality,Neutral,2023-12-29,2023,December
5320169,7719808698,93938425,5,"Overall good experience, thank you!",Product Quality,Positive,2023-08-18,2023,August
3594486,3414036630,32809328,4,The product met my expectations.,Product Quality,Neutral,2024-05-04,2024,May
2083582,4157869967,49617892,3,Product was damaged during delivery.,Product Quality,Negative,2023-05-05,2023,May
6235727,4873887251,20951294,3,Items were missing from my order.,Customer Service,Negative,2023-09-20,2023,September
2389284,8031946454,31923338,5,Highly recommended!,App Experience,Positive,2023-08-29,2023,August
5345306,8168056170,45700473,4,"Average experience, could improve.",Delivery,Neutral,2023-08-28,2023,August
5949534,3108512811,15417130,4,The product met my expectations.,Customer Service,Neutral,2024-10-02,2024,October
9556418,1680591951,7288562,2,Product was damaged during delivery.,Delivery,Negative,2024-11-03,2024,November
8987424,559245731,68941950,4,"Delivery was fine, but the product could be better.",Delivery,Neutral,2024-08-09,2024,August
733011,8655600303,12867472,3,"Nothing to complain about, but nothing exceptional.",App Experience,Neutral,2024-04-27,2024,April
3526374,8247327365,30065862,3,The packaging was poor.,Delivery,Negative,2024-09-25,2024,September
8534096,9153347285,54222320,5,Very fresh and well-packaged.,Delivery,Positive,2023-06-22,2023,June
6232893,1977533409,17521263,5,Great prices and fast delivery!,App Experience,Positive,2023-12-18,2023,December
4147602,2433646621,82770142,5,Items were in perfect condition.,Customer Service,Positive,2024-03-11,2024,March
5451267,22830983,92404798,3,Product was damaged during delivery.,Product Quality,Negative,2023-04-06,2023,April
3344920,1143763031,52075070,5,"Overall good experience, thank you!",App Experience,Positive,2024-09-08,2024,September
4604935,8524056436,35434373,4,Highly recommended!,App Experience,Positive,2023-06-09,2023,June
1348186,4262338791,72089140,4,Highly recommended!,App Experience,Positive,2024-10-17,2024,October
9353224,187728451,63262519,3,Customer service was not helpful.,App Experience,Negative,2023-11-27,2023,November
3269724,6754346312,3897936,1,Items were missing from my order.,Delivery,Negative,2023-06-19,2023,June
6750176,5790622967,81091233,4,"Delivery was fine, but the product could be better.",Customer Service,Neutral,2024-02-27,2024,February
362314,4305348838,63630649,1,Not worth the price I paid.,Delivery,Negative,2024-03-03,2024,March
320914,2902411553,93122847,3,The product met my expectations.,Product Quality,Neutral,2023-01-11,2023,January
8954689,3691199770,30788486,1,Not worth the price I paid.,Customer Service,Negative,2024-05-13,2024,May
2670882,775709102,80517784,1,The order was incorrect.,Customer Service,Negative,2023-08-26,2023,August
4791684,5262508570,42781544,3,Taste was not as expected.,Customer Service,Negative,2024-06-07,2024,June
2335450,192109127,82854537,4,Customer service was very helpful.,Delivery,Positive,2024-09-16,2024,September
7202647,1108215973,2928026,3,"Average experience, could improve.",Delivery,Neutral,2023-12-17,2023,December
8823743,1719134546,25665997,2,Items were missing from my order.,Delivery,Negative,2024-10-07,2024,October
1322099,5280263316,77035814,3,The product met my expectations.,Customer Service,Neutral,2024-06-28,2024,June
263631,9448306266,74038361,1,The packaging was poor.,App Experience,Negative,2024-04-16,2024,April
8947730,8023626961,68307253,4,Will definitely order again.,Delivery,Positive,2023-09-26,2023,September
6595802,1118405605,15599514,3,"It was okay, nothing special.",Customer Service,Neutral,2023-06-26,2023,June
4911170,8226034341,26040510,4,Highly recommended!,Product Quality,Positive,2023-11-25,2023,November
6314356,6976835753,29973346,4,Good selection of products.,Customer Service,Positive,2024-02-22,2024,February
4908971,9171564499,24896263,5,"Overall good experience, thank you!",Delivery,Positive,2023-04-12,2023,April
5005913,5393607402,14272050,3,"Average experience, could improve.",Customer Service,Neutral,2023-12-17,2023,December
5688851,5670040592,80571942,1,Product was damaged during delivery.,Delivery,Negative,2024-05-25,2024,May
1349809,6736891890,15661901,3,"Delivery was fine, but the product could be better.",Delivery,Neutral,2024-10-21,2024,October
376869,1223255075,71321741,2,The order was incorrect.,Delivery,Negative,2023-08-18,2023,August
9510291,8158413630,15066187,4,"Delivery was fine, but the product could be better.",Customer Service,Neutral,2024-08-30,2024,August
3995828,7867573412,61226563,3,The product met my expectations.,App Experience,Neutral,2023-09-14,2023,September
249804,1624690598,52048413,3,The product met my expectations.,App Experience,Neutral,2024-03-23,2024,March
6198579,8968945932,67386193,5,Items were in perfect condition.,Product Quality,Positive,2024-07-09,2024,July
7750774,1645212433,67918495,4,Customer service was very helpful.,Delivery,Positive,2024-07-08,2024,July
175547,9187046038,75860724,2,Taste was not as expected.,Customer Service,Negative,2023-06-13,2023,June
6866045,9305357757,76212152,3,"It was okay, nothing special.",Customer Service,Neutral,2023-12-05,2023,December
3637250,8312320295,31076002,4,The product met my expectations.,Delivery,Neutral,2024-06-29,2024,June
7044524,3256941332,43599910,4,"Average experience, could improve.",Customer Service,Neutral,2023-11-22,2023,November
9174249,8980502814,45708879,3,Customer service was not helpful.,Delivery,Negative,2024-10-15,2024,October
9317439,9270396838,63376126,3,Not worth the price I paid.,Delivery,Negative,2023-06-07,2023,June
8740185,2892588628,54797119,4,Good selection of products.,Delivery,Positive,2024-04-19,2024,April
2809205,8774158800,19216141,3,Items were missing from my order.,Delivery,Negative,2023-12-12,2023,December
3694797,2056131802,16448993,1,Taste was not as expected.,Customer Service,Negative,2023-02-09,2023,February
1718861,3528007192,52279849,3,"Average experience, could improve.",Product Quality,Neutral,2023-11-07,2023,November
6372332,2845333894,4192351,4,"Nothing to complain about, but nothing exceptional.",Product Quality,Neutral,2024-04-28,2024,April
5677952,6602340187,38875754,3,"It was okay, nothing special.",Delivery,Neutral,2024-11-03,2024,November
2157251,721004875,75913572,4,The product met my expectations.,Customer Service,Neutral,2023-09-10,2023,September
654537,7435895360,77217240,4,The product met my expectations.,Delivery,Neutral,2024-04-09,2024,April
1661271,4217659083,31846190,2,Product was damaged during delivery.,Customer Service,Negative,2024-01-18,2024,January
5678000,9710865146,21282544,3,"Average experience, could improve.",Customer Service,Neutral,2023-11-05,2023,November
8191768,5375295409,17843667,2,I had a bad experience.,Product Quality,Negative,2024-05-10,2024,May
7180714,6286044248,38902193,4,The product met my expectations.,Product Quality,Neutral,2023-05-05,2023,May
5440957,1708282193,79895967,2,Product was damaged during delivery.,Customer Service,Negative,2024-01-25,2024,January
4716904,5746303677,20148223,3,"Average experience, could improve.",App Experience,Neutral,2024-08-06,2024,August
8086906,3271726381,44050697,5,Highly recommended!,Product Quality,Positive,2024-03-15,2024,March
918353,9802569856,33741801,4,The product met my expectations.,Delivery,Neutral,2024-07-04,2024,July
2209877,662460037,98144693,5,Will definitely order again.,Delivery,Positive,2024-11-10,2024,November
8549500,8664447334,25829710,4,"Nothing to complain about, but nothing exceptional.",Product Quality,Neutral,2024-08-03,2024,August
4276242,3886370975,96903782,4,"Excellent quality, will buy again!",Delivery,Positive,2024-08-05,2024,August
8150049,3547006553,56572297,4,"Average experience, could improve.",App Experience,Neutral,2024-05-29,2024,May
443278,2575965518,38496400,4,"Delivery was fine, but the product could be better.",Product Quality,Neutral,2024-10-25,2024,October
6003978,1529363954,13251137,2,I had a bad experience.,Delivery,Negative,2024-03-27,2024,March
9545368,8463856241,87463923,3,"Average experience, could improve.",Customer Service,Neutral,2023-10-04,2023,October
4483011,2485242479,25526479,4,Customer service was very helpful.,Delivery,Positive,2023-11-04,2023,November
6488994,9850673433,93826036,5,"Excellent quality, will buy again!",Delivery,Positive,2023-06-05,2023,June
814679,2558680592,68475914,5,Great prices and fast delivery!,Delivery,Positive,2023-05-31,2023,May
3948164,2859167116,40626729,3,"Nothing to complain about, but nothing exceptional.",Product Quality,Neutral,2024-10-15,2024,October
426070,1222236371,88517890,2,The packaging was poor.,Customer Service,Negative,2024-08-15,2024,August
5260029,344177904,44589829,4,Great prices and fast delivery!,Customer Service,Positive,2023-08-18,2023,August
7557691,6126334783,6150721,3,Very disappointed with the quality.,Customer Service,Negative,2024-03-07,2024,March
5527183,3742575364,42723554,5,Items were in perfect condition.,Delivery,Positive,2023-08-05,2023,August
2193982,9272166174,53292177,5,Customer service was very helpful.,Delivery,Positive,2023-07-27,2023,July
1509526,9416522701,7551173,1,Items were missing from my order.,Delivery,Negative,2024-01-22,2024,January
5945755,7305871805,96629034,4,"Overall good experience, thank you!",App Experience,Positive,2024-11-09,2024,November
9939985,80296810,21677923,1,Very disappointed with the quality.,Delivery,Negative,2024-05-06,2024,May
5767393,2806868282,67952740,3,The packaging was poor.,Delivery,Negative,2024-09-26,2024,September
1550225,707033578,14839726,4,Highly recommended!,Delivery,Positive,2024-01-30,2024,January
4508722,9026783092,60385293,1,The packaging was poor.,App Experience,Negative,2023-09-10,2023,September
5339952,6229466619,81533356,5,Items were in perfect condition.,App Experience,Positive,2023-05-06,2023,May
3148654,408720270,37245065,3,"It was okay, nothing special.",Customer Service,Neutral,2024-06-26,2024,June
3747033,8870165072,80517784,5,Great prices and fast delivery!,Delivery,Positive,2023-03-11,2023,March
2734765,1979319490,5238055,4,Very fresh and well-packaged.,App Experience,Positive,2024-01-14,2024,January
7343647,840761323,83262890,5,"Excellent quality, will buy again!",Customer Service,Positive,2024-09-03,2024,September
6003407,744721438,67092149,3,The product met my expectations.,Product Quality,Neutral,2024-02-25,2024,February
2897915,7421707488,80315623,1,I had a bad experience.,Delivery,Negative,2023-03-11,2023,March
2041938,1212718824,73393269,4,"Delivery was fine, but the product could be better.",Customer Service,Neutral,2024-01-01,2024,January
382551,9603256001,8791577,5,Very fresh and well-packaged.,Delivery,Positive,2023-08-05,2023,August
7458232,5626888972,24323106,4,Will definitely order again.,App Experience,Positive,2024-04-13,2024,April
9759215,2300753276,92306841,3,"Average experience, could improve.",Customer Service,Neutral,2023-07-12,2023,July
108019,869629562,31831843,4,"Average experience, could improve.",Product Quality,Neutral,2023-05-05,2023,May
4667239,3429137520,51048402,5,Highly recommended!,Product Quality,Positive,2024-03-16,2024,March
4159065,9957927297,35349582,2,The order was incorrect.,App Experience,Negative,2023-07-06,2023,July
3056720,202466684,74840437,4,"It was okay, nothing special.",Customer Service,Neutral,2023-08-08,2023,August
9058195,8465721207,30192942,4,"Average experience, could improve.",Customer Service,Neutral,2024-06-21,2024,June
3613143,6194827199,41494867,5,Good selection of products.,Customer Service,Positive,2023-12-20,2023,December
6592934,3942174431,84257716,5,Will definitely order again.,App Experience,Positive,2024-02-17,2024,February
2475333,3189863462,6756256,3,Items were missing from my order.,Delivery,Negative,2024-06-17,2024,June
5347347,5923573134,22800586,3,The packaging was poor.,Customer Service,Negative,2024-02-17,2024,February
8415081,6659747528,43034188,3,Items were missing from my order.,Delivery,Negative,2024-09-28,2024,September
4810574,6037541687,86067293,4,"Average experience, could improve.",Customer Service,Neutral,2023-10-12,2023,October
5650852,2585438297,50632192,4,Will definitely order again.,Customer Service,Positive,2023-08-20,2023,August
6004196,8065774615,35705377,3,"It was okay, nothing special.",Delivery,Neutral,2023-12-12,2023,December
1558301,1816814476,85198177,1,I had a bad experience.,Delivery,Negative,2024-04-11,2024,April
6704730,5278014717,31776996,5,Highly recommended!,Product Quality,Positive,2024-04-15,2024,April
6835200,4265447949,6150721,4,"Average experience, could improve.",Delivery,Neutral,2024-08-16,2024,August
8930912,6752221435,64197854,4,"Overall good experience, thank you!",Product Quality,Positive,2024-10-02,2024,October
4688417,8943989258,36675827,3,Very disappointed with the quality.,Product Quality,Negative,2023-10-12,2023,October
4500281,4068367936,78678612,3,Not worth the price I paid.,App Experience,Negative,2024-09-21,2024,September
6583382,5735156904,78841932,3,Taste was not as expected.,Customer Service,Negative,2023-01-04,2023,January
2642662,2405929115,14940427,1,I had a bad experience.,Customer Service,Negative,2024-09-09,2024,September
7251343,7913167260,98307019,4,"It was okay, nothing special.",Product Quality,Neutral,2023-04-19,2023,April
1688296,1989751369,7333934,3,Product was damaged during delivery.,Customer Service,Negative,2023-05-18,2023,May
5039279,7338050095,3292927,4,Will definitely order again.,Delivery,Positive,2024-10-15,2024,October
7048609,9950986048,69863493,3,"Nothing to complain about, but nothing exceptional.",Delivery,Neutral,2023-09-09,2023,September
5557021,5098703807,13760839,4,Very happy with the service!,Customer Service,Positive,2024-10-06,2024,October
7099930,6937485392,30285217,5,Good selection of products.,App Experience,Positive,2023-05-23,2023,May
8683552,1266440097,88739922,4,"Delivery was fine, but the product could be better.",App Experience,Neutral,2024-01-01,2024,January
5039264,7415490509,61015113,4,Will definitely order again.,Delivery,Positive,2023-08-07,2023,August
8843871,7284991749,65559853,3,Very disappointed with the quality.,Delivery,Negative,2023-10-12,2023,October
974086,4645792703,24043135,3,"Nothing to complain about, but nothing exceptional.",App Experience,Neutral,2023-04-12,2023,April
2401835,3174938939,95736310,3,Very disappointed with the quality.,Product Quality,Negative,2023-03-27,2023,March
8223518,1752712049,56195475,4,"Delivery was fine, but the product could be better.",App Experience,Neutral,2024-08-31,2024,August
9824318,8187201830,82529927,4,"Overall good experience, thank you!",Product Quality,Positive,2024-04-30,2024,April
155823,6900896329,65903057,4,Very happy with the service!,Customer Service,Positive,2024-01-02,2024,January
8929126,3793977529,21425168,4,"Overall good experience, thank you!",Product Quality,Positive,2023-02-09,2023,February
4246063,194459698,88553721,3,The packaging was poor.,Product Quality,Negative,2023-06-15,2023,June
3868817,9330447952,37362180,4,"Excellent quality, will buy again!",App Experience,Positive,2024-03-30,2024,March
4803949,2097372277,14693393,5,"Excellent quality, will buy again!",Product Quality,Positive,2024-01-25,2024,January
3503829,7060954153,91130614,4,Highly recommended!,Customer Service,Positive,2023-01-11,2023,January
5317931,2921310646,40117357,1,Not worth the price I paid.,Product Quality,Negative,2024-08-07,2024,August
9867595,3983082555,51670882,3,"It was okay, nothing special.",Product Quality,Neutral,2023-05-06,2023,May
8397738,4867298468,13492411,3,Taste was not as expected.,App Experience,Negative,2024-04-23,2024,April
5957084,3402631472,52032226,3,"Average experience, could improve.",Customer Service,Neutral,2024-03-05,2024,March
7055438,1648146562,95364457,3,"Nothing to complain about, but nothing exceptional.",Customer Service,Neutral,2023-05-14,2023,May
1541416,5907766010,12272282,3,"Nothing to complain about, but nothing exceptional.",Delivery,Neutral,2024-07-10,2024,July
6026642,9233577456,96853930,3,Product was damaged during delivery.,Product Quality,Negative,2023-12-30,2023,December
9374067,4084808075,65815155,5,Good selection of products.,App Experience,Positive,2024-11-10,2024,November
2882544,7217049550,24137201,3,"Nothing to complain about, but nothing exceptional.",Product Quality,Neutral,2024-11-07,2024,November
204656,1831943568,69863493,4,Customer service was very helpful.,Product Quality,Positive,2024-05-23,2024,May
2967054,8707473624,22524981,2,The order was incorrect.,Delivery,Negative,2023-12-20,2023,December
3845089,7075868285,5226128,3,Not worth the price I paid.,Delivery,Negative,2024-01-03,2024,January
1340997,5164162918,96903782,5,Very fresh and well-packaged.,Product Quality,Positive,2023-11-18,2023,November
3398355,2175298644,72132838,5,"Excellent quality, will buy again!",Delivery,Positive,2024-11-05,2024,November
6947439,5882568464,49258916,5,"Excellent quality, will buy again!",App Experience,Positive,2023-04-13,2023,April
9014950,7847708619,35402531,2,Items were missing from my order.,Delivery,Negative,2023-10-23,2023,October
2078359,6366048116,78732957,5,Will definitely order again.,Product Quality,Positive,2024-05-08,2024,May
3932357,4926287333,31233120,4,Good selection of products.,Delivery,Positive,2023-08-08,2023,August
5741711,5532838325,6982488,4,"It was okay, nothing special.",App Experience,Neutral,2024-07-24,2024,July
4442615,2567996236,81584486,5,Very fresh and well-packaged.,Customer Service,Positive,2023-10-31,2023,October
4723875,2655613624,46623192,5,"Excellent quality, will buy again!",Product Quality,Positive,2024-06-26,2024,June
5656291,7706089549,44562310,5,Will definitely order again.,Customer Service,Positive,2023-08-10,2023,August
8321966,8257370396,25221501,4,Highly recommended!,Customer Service,Positive,2023-12-24,2023,December
8155170,8623808984,37551429,3,"Nothing to complain about, but nothing exceptional.",Product Quality,Neutral,2024-04-13,2024,April
5872422,7579506101,72366758,5,Customer service was very helpful.,Product Quality,Positive,2023-06-04,2023,June
9359651,8861024199,29902416,1,The packaging was poor.,Customer Service,Negative,2023-11-29,2023,November
1401798,7666131311,84456355,3,Items were missing from my order.,Delivery,Negative,2023-01-05,2023,January
548051,103589925,65406127,2,The packaging was poor.,Delivery,Negative,2024-05-17,2024,May
3289239,7346858138,16785724,4,"Delivery was fine, but the product could be better.",Delivery,Neutral,2023-11-22,2023,November
5311374,4963962664,80935110,2,I had a bad experience.,Delivery,Negative,2023-09-28,2023,September
4087466,9069936094,90696847,4,"It was okay, nothing special.",App Experience,Neutral,2024-06-23,2024,June
6929749,4665363191,73660582,5,"Overall good experience, thank you!",App Experience,Positive,2024-10-13,2024,October
4628311,888510905,27824078,3,"It was okay, nothing special.",App Experience,Neutral,2024-06-27,2024,June
2039982,6876091286,49136375,5,Will definitely order again.,Delivery,Positive,2024-05-10,2024,May
9983423,2592923105,78806824,3,The packaging was poor.,Customer Service,Negative,2023-04-23,2023,April
124895,2468550508,59620534,5,"Excellent quality, will buy again!",Customer Service,Positive,2024-08-21,2024,August
7726560,5302956276,97111069,4,Very fresh and well-packaged.,Delivery,Positive,2024-01-22,2024,January
2785472,9409714182,59110513,3,Product was damaged during delivery.,Product Quality,Negative,2023-05-25,2023,May
4702181,1446221570,59216664,5,Highly recommended!,Customer Service,Positive,2024-09-26,2024,September
2086599,8250036360,88203688,5,Good selection of products.,App Experience,Positive,2024-06-21,2024,June
6731871,447464341,89669139,3,The packaging was poor.,Customer Service,Negative,2024-03-03,2024,March
4823203,15642223,85020453,4,Items were in perfect condition.,Customer Service,Positive,2023-06-11,2023,June
5634256,3285378238,66943324,4,"Average experience, could improve.",App Experience,Neutral,2024-08-15,2024,August
4497966,2356483296,49529811,4,Great prices and fast delivery!,Product Quality,Positive,2023-07-25,2023,July
4511231,3382911339,23380116,3,I had a bad experience.,Delivery,Negative,2023-12-12,2023,December
6640423,3690872026,1152215,4,"Average experience, could improve.",App Experience,Neutral,2023-09-07,2023,September
4598422,6755367585,54057428,4,"Nothing to complain about, but nothing exceptional.",Customer Service,Neutral,2024-03-09,2024,March
2863015,6835850079,68965787,4,"Nothing to complain about, but nothing exceptional.",Delivery,Neutral,2023-08-13,2023,August
6819603,9345418784,58644651,2,Delivery was late and I was unhappy.,Customer Service,Negative,2024-02-22,2024,February
452916,7185243614,51994597,3,"Delivery was fine, but the product could be better.",Customer Service,Neutral,2024-10-01,2024,October
656526,2319044818,82425179,5,"Excellent quality, will buy again!",Delivery,Positive,2024-06-04,2024,June
5638985,931834374,17392512,1,I had a bad experience.,Product Quality,Negative,2024-09-30,2024,September
4877018,8485398781,40593638,3,"It was okay, nothing special.",App Experience,Neutral,2024-04-20,2024,April
7936833,9806464912,31981068,4,Great prices and fast delivery!,App Experience,Positive,2024-08-21,2024,August
8490631,8214365128,42012717,4,Items were in perfect condition.,App Experience,Positive,2024-10-07,2024,October
2227649,137089318,6637282,3,Very disappointed with the quality.,Customer Service,Negative,2024-05-23,2024,May
3701423,7615602420,63402854,3,Not worth the price I paid.,App Experience,Negative,2024-05-30,2024,May
984672,3995348964,44828791,5,Great prices and fast delivery!,App Experience,Positive,2024-03-06,2024,March
9159442,3816542830,81822935,3,The product met my expectations.,Customer Service,Neutral,2023-08-18,2023,August
9759244,9665004924,90184276,4,"Excellent quality, will buy again!",Product Quality,Positive,2023-07-29,2023,July
1368053,1728547597,98444183,3,"Nothing to complain about, but nothing exceptional.",Delivery,Neutral,2024-09-06,2024,September
9615162,5311190131,19482392,2,Taste was not as expected.,Product Quality,Negative,2024-04-03,2024,April
2387908,9581592141,64562786,3,The order was incorrect.,Customer Service,Negative,2024-01-22,2024,January
5412085,4848863693,63217390,1,Product was damaged during delivery.,Customer Service,Negative,2024-12-09,2024,December
8181854,6374883107,23126657,5,Customer service was very helpful.,Customer Service,Positive,2023-08-19,2023,August
7769298,3270131216,56604077,1,Product was damaged during delivery.,Delivery,Negative,2024-10-02,2024,October
7117861,2643382562,54338574,3,"Nothing to complain about, but nothing exceptional.",App Experience,Neutral,2023-07-24,2023,July
1195641,5212524996,45071436,4,The product met my expectations.,App Experience,Neutral,2023-10-12,2023,October
2453413,9594095277,27604184,5,Great prices and fast delivery!,Delivery,Positive,2024-10-03,2024,October
5230626,8375863419,76971644,4,"Excellent quality, will buy again!",Customer Service,Positive,2024-08-26,2024,August
8819767,7523880783,21481338,4,"It was okay, nothing special.",App Experience,Neutral,2024-10-13,2024,October
7097350,9670158103,63262519,3,"It was okay, nothing special.",App Experience,Neutral,2024-11-03,2024,November
5898681,4344108631,45804389,3,Not worth the price I paid.,Product Quality,Negative,2023-03-29,2023,March
342939,2237858,48281892,3,"Nothing to complain about, but nothing exceptional.",Delivery,Neutral,2023-02-04,2023,February
8696239,3217791988,92642745,3,"It was okay, nothing special.",Customer Service,Neutral,2023-10-08,2023,October
3354195,3355718103,91196901,1,The packaging was poor.,Product Quality,Negative,2023-10-09,2023,October
7941313,9590518103,62323608,4,Very fresh and well-packaged.,App Experience,Positive,2024-01-03,2024,January
4319900,6610120274,89910157,3,"It was okay, nothing special.",App Experience,Neutral,2024-07-19,2024,July
2998003,1180899898,16420489,4,Items were in perfect condition.,Customer Service,Positive,2023-04-17,2023,April
5415775,8758992688,11616535,5,Items were in perfect condition.,App Experience,Positive,2024-06-22,2024,June
2249681,6965716176,12851610,4,"Nothing to complain about, but nothing exceptional.",Product Quality,Neutral,2023-04-13,2023,April
884092,5527742274,57956497,3,"Delivery was fine, but the product could be better.",Delivery,Neutral,2023-12-16,2023,December
2669997,826610039,29431960,3,"It was okay, nothing special.",Product Quality,Neutral,2023-08-17,2023,August
6147300,3303891913,84361534,3,"Average experience, could improve.",App Experience,Neutral,2024-01-15,2024,January
1133033,2489292878,59240916,3,"Average experience, could improve.",Delivery,Neutral,2023-01-10,2023,January
6280990,8589851630,5386246,4,"Nothing to complain about, but nothing exceptional.",App Experience,Neutral,2024-05-28,2024,May
6220409,4598897781,77625089,4,"Nothing to complain about, but nothing exceptional.",Customer Service,Neutral,2023-12-07,2023,December
1362938,6932356214,58942207,3,Product was damaged during delivery.,Customer Service,Negative,2023-04-04,2023,April
6479101,3499004322,70363568,3,"Nothing to complain about, but nothing exceptional.",Delivery,Neutral,2023-04-05,2023,April
7009664,7517620171,25128143,3,"Average experience, could improve.",Customer Service,Neutral,2023-04-16,2023,April
7539811,172987148,71607166,3,Taste was not as expected.,Product Quality,Negative,2024-03-11,2024,March
2158528,8347207794,34853377,4,"It was okay, nothing special.",Customer Service,Neutral,2024-08-17,2024,August
9276057,9472355181,81462774,4,"Overall good experience, thank you!",Customer Service,Positive,2024-01-23,2024,January
5624036,1315064289,74735607,4,"Nothing to complain about, but nothing exceptional.",Product Quality,Neutral,2024-07-27,2024,July
311559,9371869941,53076417,3,Product was damaged during delivery.,Customer Service,Negative,2023-12-10,2023,December
4017146,5184568404,93507573,2,Delivery was late and I was unhappy.,Customer Service,Negative,2024-03-27,2024,March
3065772,5891002534,41494517,3,I had a bad experience.,Customer Service,Negative,2023-09-29,2023,September
5629046,1479730711,90647204,4,"Average experience, could improve.",Product Quality,Neutral,2024-02-09,2024,February
8946499,7651037338,31576845,4,"Nothing to complain about, but nothing exceptional.",App Experience,Neutral,2023-11-21,2023,November
5974536,8763754537,97873848,3,"Nothing to complain about, but nothing exceptional.",Customer Service,Neutral,2024-07-10,2024,July
2970671,7683813608,99707100,3,"Average experience, could improve.",Delivery,Neutral,2023-06-06,2023,June
8603661,6722955128,8351747,4,Will definitely order again.,Delivery,Positive,2023-03-19,2023,March
2821634,8259274680,60379302,5,"Excellent quality, will buy again!",App Experience,Positive,2023-11-04,2023,November
1458528,4620484274,58111297,3,"Average experience, could improve.",Customer Service,Neutral,2024-10-09,2024,October
7108665,8260569466,59323931,4,The product met my expectations.,Customer Service,Neutral,2023-12-15,2023,December
1780260,8498916204,47625855,3,The packaging was poor.,Product Quality,Negative,2024-03-22,2024,March
8972017,3209538967,41874489,3,"Delivery was fine, but the product could be better.",App Experience,Neutral,2024-07-05,2024,July
2696658,2570640420,10418604,2,Items were missing from my order.,Product Quality,Negative,2023-04-28,2023,April
7209690,2066843639,69516494,3,Taste was not as expected.,Product Quality,Negative,2024-05-25,2024,May
620534,7402125753,12500465,5,Good selection of products.,Delivery,Positive,2023-01-11,2023,January
5723757,9171089443,46185579,1,Product was damaged during delivery.,Customer Service,Negative,2024-10-09,2024,October
4764529,3272079644,51592174,1,Items were missing from my order.,Product Quality,Negative,2023-06-06,2023,June
2328761,438111050,74174956,3,"Nothing to complain about, but nothing exceptional.",App Experience,Neutral,2024-03-05,2024,March
7125541,7416160835,29324437,3,"It was okay, nothing special.",App Experience,Neutral,2023-04-30,2023,April
6647694,4075074492,12778027,4,"Delivery was fine, but the product could be better.",App Experience,Neutral,2023-12-13,2023,December
3834361,5536024334,15661674,3,The product met my expectations.,Customer Service,Neutral,2023-04-30,2023,April
8246307,2013140214,39674723,3,The order was incorrect.,Customer Service,Negative,2024-05-14,2024,May
368868,1113582397,53292177,5,Good selection of products.,Delivery,Positive,2023-12-17,2023,December
8644322,1083928258,14705462,4,"It was okay, nothing special.",Product Quality,Neutral,2023-12-21,2023,December
431770,4906957374,30029998,4,"Excellent quality, will buy again!",App Experience,Positive,2023-09-16,2023,September
4301590,1876614122,97678578,3,The product met my expectations.,Delivery,Neutral,2023-08-23,2023,August
4858394,6556180328,10562528,2,Product was damaged during delivery.,Delivery,Negative,2024-03-06,2024,March
664713,7960553477,4356173,4,"It was okay, nothing special.",Customer Service,Neutral,2024-02-24,2024,February
3359106,6335972517,18256339,4,"Overall good experience, thank you!",App Experience,Positive,2023-08-07,2023,August
9101724,6254948159,42615134,4,"Nothing to complain about, but nothing exceptional.",App Experience,Neutral,2023-10-16,2023,October
1527070,7527936057,63971358,2,I had a bad experience.,App Experience,Negative,2023-10-12,2023,October
7488100,6257851675,65488134,4,Very happy with the service!,Delivery,Positive,2024-04-23,2024,April
9371226,6832610950,77811864,1,Delivery was late and I was unhappy.,Customer Service,Negative,2023-01-09,2023,January
5360361,5085005195,2684440,4,Items were in perfect condition.,Delivery,Positive,2024-05-03,2024,May
3907325,2177207547,92245432,4,Customer service was very helpful.,Product Quality,Positive,2024-09-02,2024,September
3539036,3043364543,21597477,4,"It was okay, nothing special.",Delivery,Neutral,2023-07-25,2023,July
4050948,2823404098,81377917,3,"It was okay, nothing special.",Delivery,Neutral,2024-03-03,2024,March
1482144,646676955,93018527,4,Customer service was very helpful.,Customer Service,Positive,2023-09-11,2023,September
5410910,5756607486,27709218,4,Items were in perfect condition.,Delivery,Positive,2023-10-22,2023,October
8712624,9373691795,87463923,3,Taste was not as expected.,Customer Service,Negative,2024-03-23,2024,March
152857,2611601543,61753272,5,Will definitely order again.,Product Quality,Positive,2023-07-23,2023,July
8810490,1491360686,90649019,5,Will definitely order again.,App Experience,Positive,2023-03-21,2023,March
5996564,1824533423,2233446,4,Very happy with the service!,Delivery,Positive,2023-05-21,2023,May
5200721,2913841018,46675763,3,"Delivery was fine, but the product could be better.",App Experience,Neutral,2023-11-26,2023,November
6206688,3141803761,34787383,1,Delivery was late and I was unhappy.,App Experience,Negative,2023-09-10,2023,September
5893926,6184484468,40275138,4,Very fresh and well-packaged.,Delivery,Positive,2024-10-14,2024,October
1951970,4599327740,77862447,2,The packaging was poor.,App Experience,Negative,2023-08-25,2023,August
6417467,7479207574,64846124,5,Items were in perfect condition.,Customer Service,Positive,2024-03-04,2024,March
6344921,2996133401,83964902,4,"It was okay, nothing special.",Customer Service,Neutral,2024-04-14,2024,April
9105016,5972410040,19179897,3,"Nothing to complain about, but nothing exceptional.",App Experience,Neutral,2024-11-08,2024,November
8394978,4007593324,68703613,2,I had a bad experience.,Customer Service,Negative,2024-06-21,2024,June
7503786,3428454405,93018527,2,The packaging was poor.,Customer Service,Negative,2023-08-13,2023,August
5294166,1160646195,5700842,2,Customer service was not helpful.,Customer Service,Negative,2023-04-24,2023,April
4933025,4376524554,72576730,3,"Nothing to complain about, but nothing exceptional.",Customer Service,Neutral,2023-03-16,2023,March
8666461,1519072771,70615775,4,"It was okay, nothing special.",Delivery,Neutral,2024-01-08,2024,January
4411189,8203685394,40192266,5,Great prices and fast delivery!,Customer Service,Positive,2024-02-23,2024,February
8338096,7906789850,32006907,1,Product was damaged during delivery.,Customer Service,Negative,2024-08-10,2024,August
2576772,8073770046,87943214,5,Very fresh and well-packaged.,App Experience,Positive,2024-05-14,2024,May
9783357,5190202949,40727086,4,"Nothing to complain about, but nothing exceptional.",App Experience,Neutral,2023-09-09,2023,September
3189037,8542325207,9573071,1,I had a bad experience.,Product Quality,Negative,2024-07-17,2024,July
1014933,7566730050,39153585,4,Will definitely order again.,Delivery,Positive,2023-05-14,2023,May
7831309,176509722,65221572,3,"Average experience, could improve.",App Experience,Neutral,2023-10-16,2023,October
2930645,1894603222,21697638,3,"It was okay, nothing special.",Customer Service,Neutral,2023-10-16,2023,October
3295542,2694800415,36675827,1,Items were missing from my order.,Delivery,Negative,2024-04-04,2024,April
3697985,5879390688,77869660,4,"Excellent quality, will buy again!",Delivery,Positive,2023-07-09,2023,July
5094022,1197715978,625395,4,Great prices and fast delivery!,App Experience,Positive,2023-12-11,2023,December
2244526,7790696031,34580200,4,Customer service was very helpful.,Delivery,Positive,2023-12-05,2023,December
2554640,2189360099,68714053,3,The order was incorrect.,App Experience,Negative,2023-08-19,2023,August
8388648,3542041943,55007963,5,Items were in perfect condition.,App Experience,Positive,2024-06-09,2024,June
4530836,9202469009,37362180,5,Very fresh and well-packaged.,Delivery,Positive,2023-11-13,2023,November
9766944,3985829990,81808190,4,Items were in perfect condition.,Customer Service,Positive,2024-07-19,2024,July
2379314,4341872315,71755645,1,I had a bad experience.,Delivery,Negative,2023-03-11,2023,March
4321551,4748123248,24144240,4,"Nothing to complain about, but nothing exceptional.",Delivery,Neutral,2023-01-08,2023,January
3859387,99905061,47590944,3,The order was incorrect.,Product Quality,Negative,2023-11-16,2023,November
9394914,9118004489,37288781,3,"Nothing to complain about, but nothing exceptional.",App Experience,Neutral,2024-02-02,2024,February
7557581,1696936610,25795941,5,Good selection of products.,Customer Service,Positive,2023-09-13,2023,September
4338034,155669553,88779806,4,"Excellent quality, will buy again!",Delivery,Positive,2023-06-04,2023,June
6405074,2885541999,40275138,3,"Delivery was fine, but the product could be better.",Delivery,Neutral,2023-09-13,2023,September
5118869,2846340681,77085443,3,I had a bad experience.,App Experience,Negative,2023-08-06,2023,August
2302167,963715332,21948041,4,"Nothing to complain about, but nothing exceptional.",Customer Service,Neutral,2024-07-18,2024,July
3929456,2807634451,84986716,3,The product met my expectations.,App Experience,Neutral,2024-03-15,2024,March
2836853,3046341241,82286725,4,Great prices and fast delivery!,Product Quality,Positive,2023-03-10,2023,March
2093186,485687952,8228843,3,Delivery was late and I was unhappy.,Product Quality,Negative,2023-03-26,2023,March
5189587,7660904370,30455484,4,Very happy with the service!,App Experience,Positive,2024-09-05,2024,September
6073546,9753033954,83577942,5,Items were in perfect condition.,Customer Service,Positive,2023-02-07,2023,February
6258873,9509887699,23448955,5,Customer service was very helpful.,Delivery,Positive,2024-01-13,2024,January
1858190,1054122071,97557157,2,Very disappointed with the quality.,Delivery,Negative,2023-11-22,2023,November
9033997,9135272808,21701991,3,"Delivery was fine, but the product could be better.",App Experience,Neutral,2024-01-03,2024,January
5390765,597447215,39957741,4,"Nothing to complain about, but nothing exceptional.",Customer Service,Neutral,2024-04-09,2024,April
7518371,5562099656,3872421,1,The order was incorrect.,App Experience,Negative,2024-12-06,2024,December
7693641,4122736828,47590944,3,The product met my expectations.,Delivery,Neutral,2024-02-07,2024,February
9979648,7238138072,32929817,1,I had a bad experience.,Product Quality,Negative,2024-08-26,2024,August
6642426,6244736404,8791577,4,Great prices and fast delivery!,App Experience,Positive,2024-08-19,2024,August
1322588,1297341963,70230254,3,"Delivery was fine, but the product could be better.",Product Quality,Neutral,2024-07-28,2024,July
4704197,3842442278,89223620,2,I had a bad experience.,App Experience,Negative,2024-10-27,2024,October
3164637,9576684860,9347990,5,Great prices and fast delivery!,Delivery,Positive,2023-04-28,2023,April
5393889,1592757566,78903046,4,The product met my expectations.,App Experience,Neutral,2024-07-17,2024,July
7087910,5060677329,68219091,3,Not worth the price I paid.,Delivery,Negative,2024-03-29,2024,March
7638910,2241930006,66943324,1,The order was incorrect.,Customer Service,Negative,2023-05-11,2023,May
8014010,3246505078,45481936,4,Good selection of products.,Customer Service,Positive,2024-08-15,2024,August
4506732,5870152806,376144,4,"Overall good experience, thank you!",Product Quality,Positive,2024-03-23,2024,March
2676781,8919999754,8395610,4,"It was okay, nothing special.",Customer Service,Neutral,2023-07-12,2023,July
707024,1080338783,1601161,5,Very happy with the service!,App Experience,Positive,2023-07-21,2023,July
100920,4641905606,40667183,3,The order was incorrect.,Delivery,Negative,2024-09-18,2024,September
3267226,9456413999,32019725,4,Customer service was very helpful.,Customer Service,Positive,2023-08-26,2023,August
1280415,4764056827,8025622,5,Will definitely order again.,Delivery,Positive,2024-07-19,2024,July
7534424,5168057633,45477575,5,Good selection of products.,App Experience,Positive,2024-11-07,2024,November
9465640,1442559656,85074810,1,Not worth the price I paid.,Product Quality,Negative,2023-10-05,2023,October
208094,6590257283,2058037,3,"It was okay, nothing special.",Product Quality,Neutral,2023-02-10,2023,February
1712363,3429671763,21481338,4,"Nothing to complain about, but nothing exceptional.",Delivery,Neutral,2024-03-26,2024,March
4533038,4750086089,97259564,3,"Nothing to complain about, but nothing exceptional.",Product Quality,Neutral,2023-08-16,2023,August
6503213,3204128006,62323608,5,Highly recommended!,Product Quality,Positive,2023-11-22,2023,November
3773206,3171917027,55936462,1,The packaging was poor.,App Experience,Negative,2024-03-31,2024,March
7239225,8814047085,68475914,1,Very disappointed with the quality.,App Experience,Negative,2023-10-04,2023,October
3992027,1889723479,5754255,3,"Average experience, could improve.",Product Quality,Neutral,2024-06-24,2024,June
8608633,942025494,62679120,4,Very happy with the service!,Customer Service,Positive,2024-02-03,2024,February
8499058,4104444500,57526322,5,Very happy with the service!,App Experience,Positive,2024-10-13,2024,October
7695538,7562260313,13871547,2,Not worth the price I paid.,Delivery,Negative,2024-03-23,2024,March
6848727,7140244766,86067293,4,Customer service was very helpful.,App Experience,Positive,2023-06-08,2023,June
7874507,7967974077,45066676,4,"It was okay, nothing special.",Customer Service,Neutral,2024-06-07,2024,June
7897801,7456822422,81822935,4,"Average experience, could improve.",Customer Service,Neutral,2023-08-12,2023,August
3955477,4813468096,34668988,3,"It was okay, nothing special.",Customer Service,Neutral,2024-10-02,2024,October
8361895,8618576020,15484407,5,Great prices and fast delivery!,Product Quality,Positive,2024-01-18,2024,January
8998981,3727646442,12077371,2,Product was damaged during delivery.,App Experience,Negative,2023-07-21,2023,July
8658242,9208156337,39959491,2,Delivery was late and I was unhappy.,Customer Service,Negative,2024-09-23,2024,September
6830287,8328118787,14839726,5,Customer service was very helpful.,App Experience,Positive,2023-05-14,2023,May
3971008,580528836,91550885,4,The product met my expectations.,Product Quality,Neutral,2023-10-20,2023,October
2149421,3350662630,60620291,1,Taste was not as expected.,Product Quality,Negative,2023-03-07,2023,March
7486824,6716381725,19682060,4,"It was okay, nothing special.",Product Quality,Neutral,2023-05-05,2023,May
5794134,2249567137,20298398,2,Customer service was not helpful.,Customer Service,Negative,2024-06-04,2024,June
428746,7484465509,73393269,1,The packaging was poor.,Customer Service,Negative,2024-09-27,2024,September
9959366,2577208156,86995126,3,Product was damaged during delivery.,Product Quality,Negative,2024-08-10,2024,August
1047169,3321905621,37759707,2,Taste was not as expected.,Product Quality,Negative,2024-10-19,2024,October
3666835,6686839282,71615827,3,Delivery was late and I was unhappy.,Customer Service,Negative,2023-07-24,2023,July
4528424,5095558661,70220141,1,Delivery was late and I was unhappy.,Product Quality,Negative,2023-06-05,2023,June
1661576,112658009,35144658,3,"Nothing to complain about, but nothing exceptional.",App Experience,Neutral,2023-11-07,2023,November
3214742,1343610513,18113428,1,Items were missing from my order.,Customer Service,Negative,2023-07-17,2023,July
9348855,7190610535,59094034,3,"It was okay, nothing special.",Delivery,Neutral,2024-03-22,2024,March
1880170,5069426001,31940833,3,"Average experience, could improve.",Delivery,Neutral,2024-01-13,2024,January
4822708,5655369002,19091057,2,Product was damaged during delivery.,Delivery,Negative,2023-08-25,2023,August
2640301,5761530160,84824280,3,"Delivery was fine, but the product could be better.",Delivery,Neutral,2024-02-23,2024,February
5886463,4772519706,17106161,4,"Excellent quality, will buy again!",Product Quality,Positive,2023-03-28,2023,March
198798,8209051735,69416782,3,"Delivery was fine, but the product could be better.",Customer Service,Neutral,2024-02-13,2024,February
6189650,4870391666,80935110,4,Very happy with the service!,App Experience,Positive,2024-03-23,2024,March
6113964,7777975083,92098757,4,Very fresh and well-packaged.,Delivery,Positive,2024-06-24,2024,June
990607,8713948756,65514005,4,"Average experience, could improve.",Product Quality,Neutral,2023-11-16,2023,November
3349831,6191050157,90021871,4,"Average experience, could improve.",Product Quality,Neutral,2023-11-05,2023,November
4202073,4060449266,1771249,5,Good selection of products.,Customer Service,Positive,2024-09-03,2024,September
4356181,5657605506,63402854,3,The packaging was poor.,Product Quality,Negative,2024-05-30,2024,May
5935254,8851743592,70608515,4,"Average experience, could improve.",Product Quality,Neutral,2024-02-13,2024,February
7700843,4689717606,91791128,4,"Average experience, could improve.",Delivery,Neutral,2023-05-07,2023,May
1919314,2860246948,8791577,3,"It was okay, nothing special.",Product Quality,Neutral,2024-09-25,2024,September
4463843,2875550803,40387944,1,Delivery was late and I was unhappy.,App Experience,Negative,2024-02-28,2024,February
5430121,5340575011,77015367,5,Will definitely order again.,Delivery,Positive,2023-09-28,2023,September
2057194,7717156533,18791381,4,Items were in perfect condition.,App Experience,Positive,2023-04-04,2023,April
4780931,8297255359,56764791,4,Very happy with the service!,Product Quality,Positive,2023-06-26,2023,June
5723232,7873234939,31923338,3,Product was damaged during delivery.,Delivery,Negative,2024-10-09,2024,October
6433218,3668515922,22321208,3,"Delivery was fine, but the product could be better.",App Experience,Neutral,2023-08-23,2023,August
7072403,8356690330,88324928,4,"Delivery was fine, but the product could be better.",App Experience,Neutral,2023-07-15,2023,July
118938,3508620293,40277444,1,The order was incorrect.,Product Quality,Negative,2023-03-08,2023,March
1423397,9998297778,7728406,3,"It was okay, nothing special.",Customer Service,Neutral,2023-09-22,2023,September
5419897,3898421710,78750264,3,Items were missing from my order.,Product Quality,Negative,2023-08-31,2023,August
1233739,3960980694,52417972,5,Good selection of products.,Customer Service,Positive,2024-06-21,2024,June
5454727,5008395294,1108176,3,Delivery was late and I was unhappy.,Customer Service,Negative,2023-12-22,2023,December
7321410,3722869004,66140659,4,The product met my expectations.,Product Quality,Neutral,2023-07-20,2023,July
1535389,8391555591,14006996,5,"Overall good experience, thank you!",Product Quality,Positive,2023-08-25,2023,August
1932105,8063730776,95912198,1,I had a bad experience.,Product Quality,Negative,2024-09-21,2024,September
2485712,9052752169,62510499,1,Delivery was late and I was unhappy.,Customer Service,Negative,2024-11-01,2024,November
7095114,7471416647,75566105,4,"It was okay, nothing special.",Product Quality,Neutral,2023-03-29,2023,March
8754801,848332407,376144,4,"Average experience, could improve.",Delivery,Neutral,2024-04-22,2024,April
708906,4062701987,8383197,4,Items were in perfect condition.,Product Quality,Positive,2023-12-18,2023,December
6114451,8723912832,94552818,5,"Excellent quality, will buy again!",Product Quality,Positive,2024-01-19,2024,January
3904154,9099298435,2233446,4,"Nothing to complain about, but nothing exceptional.",App Experience,Neutral,2024-02-22,2024,February
6331158,5645691241,3786105,2,Not worth the price I paid.,Delivery,Negative,2023-10-12,2023,October
5337672,8258019846,61024977,2,Items were missing from my order.,Product Quality,Negative,2024-01-24,2024,January
6075585,2732162016,99361865,3,Customer service was not helpful.,Customer Service,Negative,2023-05-27,2023,May
9148692,1561902412,91448742,3,Not worth the price I paid.,Customer Service,Negative,2023-08-06,2023,August
2620357,8979476889,49970560,4,"It was okay, nothing special.",Customer Service,Neutral,2023-06-06,2023,June
2110118,8373953053,46515922,3,Not worth the price I paid.,Customer Service,Negative,2024-10-25,2024,October
3923366,7021309133,59353207,3,"Average experience, could improve.",App Experience,Neutral,2024-06-08,2024,June
4219934,3447085029,188838,3,"It was okay, nothing special.",App Experience,Neutral,2023-04-25,2023,April
7017828,9284767341,82160592,4,Great prices and fast delivery!,Customer Service,Positive,2024-04-03,2024,April
3124544,9770431940,86715467,3,"It was okay, nothing special.",Customer Service,Neutral,2024-06-06,2024,June
4248541,9650124390,46717997,4,"Nothing to complain about, but nothing exceptional.",Customer Service,Neutral,2024-04-24,2024,April
6816809,9826894858,67386193,3,The product met my expectations.,Delivery,Neutral,2024-06-21,2024,June
6782753,4466839873,8361353,4,"Excellent quality, will buy again!",Customer Service,Positive,2023-09-12,2023,September
6472024,4331471900,59094034,2,The order was incorrect.,Product Quality,Negative,2024-07-20,2024,July
3791212,5777824005,73428596,4,"Average experience, could improve.",Product Quality,Neutral,2023-03-22,2023,March
3707264,8795242622,90246977,3,"Nothing to complain about, but nothing exceptional.",Product Quality,Neutral,2023-03-26,2023,March
5712937,8561878376,12272282,4,The product met my expectations.,App Experience,Neutral,2024-01-29,2024,January
1999063,2113243643,66269844,4,"Average experience, could improve.",App Experience,Neutral,2023-12-17,2023,December
4759404,8497820340,90586029,4,"It was okay, nothing special.",App Experience,Neutral,2023-11-16,2023,November
2811358,3167184563,43860025,3,The product met my expectations.,App Experience,Neutral,2023-07-09,2023,July
316860,9997121955,46623192,5,"Excellent quality, will buy again!",App Experience,Positive,2024-04-21,2024,April
9479999,2954397481,93318833,1,Items were missing from my order.,Product Quality,Negative,2024-01-31,2024,January
8778008,8125884987,31718565,3,I had a bad experience.,Product Quality,Negative,2024-03-05,2024,March
7865973,3765873352,48418662,4,Good selection of products.,App Experience,Positive,2024-10-16,2024,October
6378864,7733310993,10562528,3,Not worth the price I paid.,App Experience,Negative,2023-03-31,2023,March
721269,738093341,30823988,4,"Nothing to complain about, but nothing exceptional.",Delivery,Neutral,2024-03-17,2024,March
1943305,1837574319,24821281,4,"Overall good experience, thank you!",Delivery,Positive,2024-06-19,2024,June
4321323,2468420564,92027021,1,The packaging was poor.,Product Quality,Negative,2023-06-30,2023,June
8770514,5368005763,84824280,3,The order was incorrect.,App Experience,Negative,2024-07-30,2024,July
4021637,3823949592,1683786,3,Items were missing from my order.,Customer Service,Negative,2023-04-13,2023,April
8963005,6298008063,24104630,4,"Nothing to complain about, but nothing exceptional.",Customer Service,Neutral,2023-07-19,2023,July
1079217,2499190829,17159117,3,"Average experience, could improve.",Delivery,Neutral,2023-10-31,2023,October
2559841,491116137,71615827,3,The product met my expectations.,Product Quality,Neutral,2024-01-19,2024,January
3146820,2206269404,96009692,5,Highly recommended!,App Experience,Positive,2024-05-16,2024,May
5129748,1330806043,29415527,5,Very fresh and well-packaged.,Customer Service,Positive,2024-03-04,2024,March
3324824,6770858376,39957741,5,Will definitely order again.,App Experience,Positive,2024-11-01,2024,November
3538390,4466716432,29689766,5,Highly recommended!,Product Quality,Positive,2023-09-06,2023,September
9243996,8292554686,80833965,2,Very disappointed with the quality.,App Experience,Negative,2024-03-27,2024,March
6981223,4204069161,31576845,5,Customer service was very helpful.,Customer Service,Positive,2023-08-16,2023,August
9234407,2163079658,74833221,3,I had a bad experience.,Customer Service,Negative,2023-12-28,2023,December
4644037,6971561757,64940409,4,Great prices and fast delivery!,Customer Service,Positive,2023-12-15,2023,December
1323945,7965253060,95912198,5,Good selection of products.,Customer Service,Positive,2024-02-13,2024,February
8197033,8939040193,59141605,3,Items were missing from my order.,Product Quality,Negative,2024-09-17,2024,September
6928781,8322028211,54952806,3,The product met my expectations.,Customer Service,Neutral,2023-04-11,2023,April
9727313,6865922682,14255231,5,"Excellent quality, will buy again!",App Experience,Positive,2024-06-16,2024,June
6572292,5912729079,90919603,4,"It was okay, nothing special.",Customer Service,Neutral,2024-10-08,2024,October
8486730,8764776130,32054313,1,I had a bad experience.,Product Quality,Negative,2023-12-14,2023,December
1380291,7769965629,65815155,5,Very fresh and well-packaged.,Delivery,Positive,2023-04-21,2023,April
2798148,2166463032,98930670,4,"Average experience, could improve.",App Experience,Neutral,2023-10-30,2023,October
1338602,7035343259,63310076,5,Items were in perfect condition.,Delivery,Positive,2024-11-07,2024,November
1199866,8914775994,68985290,4,"Overall good experience, thank you!",Product Quality,Positive,2024-02-13,2024,February
4877828,7565647347,15808945,3,"Average experience, could improve.",Customer Service,Neutral,2024-10-24,2024,October
2978050,6172215120,87823209,3,Product was damaged during delivery.,App Experience,Negative,2024-03-06,2024,March
6330069,4043585691,61121421,4,"Overall good experience, thank you!",Delivery,Positive,2024-02-21,2024,February
9323104,3735186180,98709982,5,Items were in perfect condition.,App Experience,Positive,2024-03-16,2024,March
7074464,5281459433,85519349,3,"It was okay, nothing special.",Product Quality,Neutral,2024-10-10,2024,October
9615396,424087401,90753712,1,I had a bad experience.,Delivery,Negative,2024-04-19,2024,April
8636120,884327245,24337950,4,Very fresh and well-packaged.,Product Quality,Positive,2023-09-25,2023,September
9072122,6318008970,30265929,4,Highly recommended!,Delivery,Positive,2024-11-05,2024,November
6779760,3792751421,2414265,2,Very disappointed with the quality.,Product Quality,Negative,2024-11-08,2024,November
7834463,5471255539,15391556,5,Great prices and fast delivery!,Customer Service,Positive,2023-05-31,2023,May
5270693,9917290378,6245778,3,The product met my expectations.,Customer Service,Neutral,2024-05-01,2024,May
6489502,208989475,94713625,5,Items were in perfect condition.,Delivery,Positive,2023-03-16,2023,March
6445544,7672827556,70589930,4,The product met my expectations.,Customer Service,Neutral,2023-01-07,2023,January
610781,3792912325,39153585,5,Great prices and fast delivery!,Product Quality,Positive,2024-03-06,2024,March
7850415,2478533601,9097480,4,Customer service was very helpful.,Product Quality,Positive,2024-01-11,2024,January
946859,2255745327,58974323,3,Product was damaged during delivery.,Product Quality,Negative,2023-01-05,2023,January
8497609,8612261848,46208150,4,"Delivery was fine, but the product could be better.",Customer Service,Neutral,2024-06-18,2024,June
1479097,6949810049,87463923,3,"It was okay, nothing special.",Customer Service,Neutral,2023-09-25,2023,September
8915207,2399456941,47625855,4,"Nothing to complain about, but nothing exceptional.",Delivery,Neutral,2024-10-16,2024,October
960721,6292969164,45477575,5,Good selection of products.,Delivery,Positive,2024-09-07,2024,September
2966033,2929485756,30979436,4,"Excellent quality, will buy again!",Customer Service,Positive,2024-10-13,2024,October
7025995,8757869416,85518832,1,The order was incorrect.,Delivery,Negative,2024-03-05,2024,March
7716158,2653966619,52428250,5,Great prices and fast delivery!,Product Quality,Positive,2024-12-07,2024,December
3761883,336103625,28663279,5,Very happy with the service!,Delivery,Positive,2024-05-16,2024,May
1228177,3727289407,10225164,3,"Average experience, could improve.",Customer Service,Neutral,2024-06-17,2024,June
7485105,701250513,10240052,2,Customer service was not helpful.,App Experience,Negative,2024-03-09,2024,March
1700955,101816977,26903313,5,Great prices and fast delivery!,Delivery,Positive,2024-02-20,2024,February
5249664,7838223552,85854265,3,"It was okay, nothing special.",Delivery,Neutral,2023-07-12,2023,July
3834078,4123140013,80759416,3,Product was damaged during delivery.,Product Quality,Negative,2024-03-11,2024,March
3026460,9821008306,49433260,2,Product was damaged during delivery.,Product Quality,Negative,2023-05-04,2023,May
8411117,5414882934,44223796,5,Great prices and fast delivery!,Product Quality,Positive,2023-12-28,2023,December
5879083,9257313140,24337950,3,"Average experience, could improve.",App Experience,Neutral,2024-06-16,2024,June
8820500,3857021231,91973128,4,Customer service was very helpful.,Delivery,Positive,2023-09-28,2023,September
9689536,1606381345,31940833,4,The product met my expectations.,Delivery,Neutral,2023-03-22,2023,March
2324970,239830094,99627097,4,"Average experience, could improve.",Customer Service,Neutral,2023-08-17,2023,August
8997357,580582858,59398136,4,Very happy with the service!,Customer Service,Positive,2023-11-09,2023,November
2167745,4191340899,90649019,5,Very happy with the service!,App Experience,Positive,2023-05-26,2023,May
4994524,1013630716,85763665,1,Delivery was late and I was unhappy.,Product Quality,Negative,2024-05-19,2024,May
7633938,8220017366,91550885,2,Taste was not as expected.,Delivery,Negative,2023-05-28,2023,May
6208391,4353485612,77007315,3,Customer service was not helpful.,Customer Service,Negative,2024-08-31,2024,August
4852214,8682172393,97141762,3,"Average experience, could improve.",Delivery,Neutral,2024-10-15,2024,October
2090936,4085089017,50899600,3,"Average experience, could improve.",Delivery,Neutral,2024-11-06,2024,November
6943792,1287686307,79076101,4,Will definitely order again.,Customer Service,Positive,2024-01-18,2024,January
3001571,4425450216,40192266,5,Very fresh and well-packaged.,Product Quality,Positive,2023-11-06,2023,November
3362804,7799346570,37947202,4,Items were in perfect condition.,Delivery,Positive,2023-04-10,2023,April
5222661,5917975686,37054866,5,Customer service was very helpful.,App Experience,Positive,2024-04-06,2024,April
8408734,9588500388,84448310,3,"Delivery was fine, but the product could be better.",Customer Service,Neutral,2024-05-07,2024,May
2865376,3963207709,99893898,3,"Nothing to complain about, but nothing exceptional.",Delivery,Neutral,2024-04-01,2024,April
3485907,2217466286,9278983,1,The order was incorrect.,Product Quality,Negative,2023-08-04,2023,August
3564429,7130088913,86444757,1,Not worth the price I paid.,Customer Service,Negative,2023-06-29,2023,June
2354061,9064682961,17597449,4,The product met my expectations.,Customer Service,Neutral,2024-04-07,2024,April
5143392,6060156146,92404798,1,Delivery was late and I was unhappy.,Customer Service,Negative,2023-05-25,2023,May
6081659,3106610673,74762653,1,The packaging was poor.,Product Quality,Negative,2024-10-06,2024,October
9081242,442408751,56780331,4,"Average experience, could improve.",Customer Service,Neutral,2023-10-19,2023,October
7676494,353571238,60561655,4,Good selection of products.,Product Quality,Positive,2024-01-01,2024,January
3372274,4670530333,42723554,5,Items were in perfect condition.,Product Quality,Positive,2024-05-30,2024,May
2668183,4961370923,61020,4,"Average experience, could improve.",Delivery,Neutral,2024-04-02,2024,April
9017576,8946821991,31582950,3,"Nothing to complain about, but nothing exceptional.",App Experience,Neutral,2024-04-29,2024,April
9615817,5720622852,66130660,3,The product met my expectations.,Customer Service,Neutral,2023-04-16,2023,April
2674022,7305353953,42012717,4,"Delivery was fine, but the product could be better.",Delivery,Neutral,2024-04-01,2024,April
3483103,1402723627,85006599,3,"Average experience, could improve.",Delivery,Neutral,2024-05-16,2024,May
5247856,9820620357,243838,1,Customer service was not helpful.,Customer Service,Negative,2023-05-12,2023,May
1347300,1930286155,51034600,4,"It was okay, nothing special.",Customer Service,Neutral,2024-02-09,2024,February
8833557,6759029950,83577942,1,Items were missing from my order.,Delivery,Negative,2023-03-12,2023,March
9418089,9032188284,59427862,1,Taste was not as expected.,Customer Service,Negative,2023-08-24,2023,August
8553394,9490161602,28663279,1,Very disappointed with the quality.,Customer Service,Negative,2023-04-26,2023,April
2206753,8565257085,33034249,1,Not worth the price I paid.,App Experience,Negative,2023-09-24,2023,September
7654661,4884845960,34156884,4,"Delivery was fine, but the product could be better.",App Experience,Neutral,2023-05-09,2023,May
3134670,6181604084,4200802,4,The product met my expectations.,Customer Service,Neutral,2023-10-22,2023,October
8208192,2718508408,20360447,5,Customer service was very helpful.,App Experience,Positive,2023-04-08,2023,April
2274190,8354866000,80696046,2,The order was incorrect.,Product Quality,Negative,2024-02-15,2024,February
5575749,8025728977,26912171,4,Very happy with the service!,Customer Service,Positive,2024-08-15,2024,August
9532989,6531356394,85561151,3,The product met my expectations.,App Experience,Neutral,2023-09-05,2023,September
4159082,5489184758,49529811,3,I had a bad experience.,Product Quality,Negative,2024-03-15,2024,March
9149279,1377599881,48481702,2,Not worth the price I paid.,Product Quality,Negative,2024-08-17,2024,August
2894327,227162938,28111842,4,"It was okay, nothing special.",Customer Service,Neutral,2024-04-18,2024,April
6593393,3449083612,91382237,4,Great prices and fast delivery!,Delivery,Positive,2023-10-11,2023,October
775096,5662514948,30455484,3,Items were missing from my order.,Customer Service,Negative,2023-05-20,2023,May
7053125,2034571482,86167288,4,"Nothing to complain about, but nothing exceptional.",Delivery,Neutral,2024-02-20,2024,February
6542722,348782569,72415263,2,The order was incorrect.,App Experience,Negative,2023-09-23,2023,September
4136901,8697396531,21282544,4,Highly recommended!,App Experience,Positive,2023-10-23,2023,October
5898159,3538455450,77345018,4,"Delivery was fine, but the product could be better.",App Experience,Neutral,2024-05-09,2024,May
2993223,7513290139,26285589,2,Delivery was late and I was unhappy.,Delivery,Negative,2023-05-21,2023,May
3630731,8320461939,83298567,4,"Average experience, could improve.",App Experience,Neutral,2024-04-17,2024,April
553172,8217899522,18465047,4,"Average experience, could improve.",App Experience,Neutral,2024-08-10,2024,August
1138430,4217056877,2903620,4,"Nothing to complain about, but nothing exceptional.",App Experience,Neutral,2024-03-26,2024,March
6829824,3684167813,46563355,4,"Nothing to complain about, but nothing exceptional.",Customer Service,Neutral,2024-09-13,2024,September
6312641,5351904164,97411107,4,The product met my expectations.,Delivery,Neutral,2024-06-08,2024,June
1415437,2731829604,46615831,3,"It was okay, nothing special.",Product Quality,Neutral,2024-12-02,2024,December
6968296,7162485958,75081265,4,Highly recommended!,Customer Service,Positive,2023-06-12,2023,June
6819722,4830502113,89867195,3,"Average experience, could improve.",App Experience,Neutral,2024-01-26,2024,January
8560926,9797013595,80571942,4,Very happy with the service!,App Experience,Positive,2024-05-16,2024,May
2904408,9487843345,23794330,4,The product met my expectations.,Customer Service,Neutral,2024-11-06,2024,November
6260794,2148242015,39093069,3,The order was incorrect.,Customer Service,Negative,2023-01-05,2023,January
3449473,7465258008,51503088,4,Very happy with the service!,Delivery,Positive,2023-10-25,2023,October
9676654,8875274470,57102800,5,Great prices and fast delivery!,Product Quality,Positive,2024-04-20,2024,April
5646360,7049717910,44410149,5,Customer service was very helpful.,Customer Service,Positive,2024-11-05,2024,November
5287611,4829897426,25587553,3,The product met my expectations.,Product Quality,Neutral,2023-05-06,2023,May
9208286,3532186218,24456825,2,The order was incorrect.,App Experience,Negative,2023-08-08,2023,August
5501470,6897674900,79592021,2,Product was damaged during delivery.,Delivery,Negative,2024-05-13,2024,May
2201588,163895717,61982521,5,Good selection of products.,Product Quality,Positive,2023-02-11,2023,February
4995551,9857592403,84275450,2,I had a bad experience.,Product Quality,Negative,2023-10-24,2023,October
3365462,2521197661,13251137,4,"Overall good experience, thank you!",Delivery,Positive,2024-02-20,2024,February
528097,488314125,5716817,4,Good selection of products.,Delivery,Positive,2023-05-04,2023,May
8894946,5073549838,75082508,4,"Average experience, could improve.",Product Quality,Neutral,2024-04-28,2024,April
7585061,6399568661,82594354,5,"Excellent quality, will buy again!",App Experience,Positive,2023-12-17,2023,December
2095888,3672658084,48228547,4,"Overall good experience, thank you!",Delivery,Positive,2024-10-05,2024,October
324284,8273236145,85763665,3,"Average experience, could improve.",Delivery,Neutral,2024-02-09,2024,February
4804085,3411233779,79991320,4,Items were in perfect condition.,App Experience,Positive,2024-04-13,2024,April
1117369,8024667539,31622158,2,Product was damaged during delivery.,Product Quality,Negative,2024-07-22,2024,July
8230467,6112199794,77086539,5,"Overall good experience, thank you!",App Experience,Positive,2024-09-21,2024,September
3317785,9484473160,21456226,3,Delivery was late and I was unhappy.,Product Quality,Negative,2023-04-25,2023,April
1657911,9729709418,45323391,3,"It was okay, nothing special.",Product Quality,Neutral,2023-03-30,2023,March
9323347,7900224799,68692574,3,Items were missing from my order.,App Experience,Negative,2024-03-07,2024,March
1001453,1821414490,75632045,5,Great prices and fast delivery!,Delivery,Positive,2024-10-21,2024,October
6467390,5813507399,76019750,4,Good selection of products.,App Experience,Positive,2024-04-15,2024,April
7156357,3928003125,53636086,3,Not worth the price I paid.,App Experience,Negative,2023-07-12,2023,July
7151992,5271866987,10562528,3,"Nothing to complain about, but nothing exceptional.",Product Quality,Neutral,2024-08-27,2024,August
8681897,9794537731,85869195,4,"Excellent quality, will buy again!",Customer Service,Positive,2023-05-27,2023,May
6852774,4852718488,71902700,5,Will definitely order again.,Product Quality,Positive,2024-04-29,2024,April
569515,8300546273,13796199,4,Great prices and fast delivery!,Delivery,Positive,2023-05-09,2023,May
9525031,976104194,6061349,2,The packaging was poor.,Product Quality,Negative,2024-07-05,2024,July
9695621,5373961125,57081917,3,Not worth the price I paid.,App Experience,Negative,2024-01-11,2024,January
8141929,6056126973,48765625,3,Delivery was late and I was unhappy.,App Experience,Negative,2024-02-07,2024,February
5776932,6352881332,80517784,4,Will definitely order again.,Customer Service,Positive,2024-01-22,2024,January
5434624,1643234106,37691544,2,Customer service was not helpful.,Product Quality,Negative,2024-12-09,2024,December
5453100,8697966993,85869195,4,Good selection of products.,Customer Service,Positive,2024-02-03,2024,February
8057176,2276061263,83701325,3,I had a bad experience.,Customer Service,Negative,2024-06-10,2024,June
6846846,4045613782,61763552,3,"Delivery was fine, but the product could be better.",Customer Service,Neutral,2023-09-08,2023,September
5208877,2959828441,9987182,4,Will definitely order again.,Customer Service,Positive,2024-03-15,2024,March
2410464,3514589876,59620534,4,"Average experience, could improve.",App Experience,Neutral,2023-10-17,2023,October
9081630,9444081952,72576730,2,Items were missing from my order.,Product Quality,Negative,2023-11-27,2023,November
6598543,8183959589,26752630,1,Product was damaged during delivery.,App Experience,Negative,2023-12-16,2023,December
450610,1712832927,5228136,4,Customer service was very helpful.,Delivery,Positive,2024-03-16,2024,March
8349571,8162867215,25713335,1,Customer service was not helpful.,App Experience,Negative,2024-08-24,2024,August
4285730,4160230443,87889031,4,"Average experience, could improve.",Product Quality,Neutral,2024-04-15,2024,April
4809263,9787535949,57340963,4,Good selection of products.,App Experience,Positive,2023-02-04,2023,February
28432,3423995261,75928073,3,"Nothing to complain about, but nothing exceptional.",Customer Service,Neutral,2023-06-05,2023,June
3839071,1523343168,80862136,4,Very happy with the service!,Customer Service,Positive,2024-07-21,2024,July
4319977,1948066291,61320989,4,"Overall good experience, thank you!",Customer Service,Positive,2024-02-10,2024,February
5463524,2021361582,99695529,3,"Nothing to complain about, but nothing exceptional.",Delivery,Neutral,2024-05-20,2024,May
4356872,7491420331,27504517,3,I had a bad experience.,Delivery,Negative,2024-05-22,2024,May
7878663,994840771,85088479,4,Customer service was very helpful.,Product Quality,Positive,2023-10-15,2023,October
4857169,6277344634,11202130,2,Customer service was not helpful.,Customer Service,Negative,2024-07-23,2024,July
1942072,4092653338,13604883,1,Delivery was late and I was unhappy.,Customer Service,Negative,2024-04-24,2024,April
6124518,7213712604,49433260,1,The order was incorrect.,Delivery,Negative,2023-11-17,2023,November
7931562,7326709115,22800586,4,Will definitely order again.,Product Quality,Positive,2023-11-26,2023,November
2043914,9419789569,8733344,3,"Nothing to complain about, but nothing exceptional.",App Experience,Neutral,2024-07-17,2024,July
2626791,5388191488,74735607,4,"Average experience, could improve.",Delivery,Neutral,2024-03-31,2024,March
4501779,9065873433,32635818,4,"Delivery was fine, but the product could be better.",App Experience,Neutral,2023-10-23,2023,October
8855501,4627342297,88843865,3,"Delivery was fine, but the product could be better.",Delivery,Neutral,2023-08-28,2023,August
7639568,4286971111,469006,3,Customer service was not helpful.,App Experience,Negative,2024-05-27,2024,May
5453353,645282074,13265605,3,"Average experience, could improve.",Delivery,Neutral,2023-05-25,2023,May
5467505,7260939789,39999278,4,"It was okay, nothing special.",App Experience,Neutral,2023-10-28,2023,October
8701014,1716322448,95873651,2,Delivery was late and I was unhappy.,Delivery,Negative,2023-06-09,2023,June
5336879,4293959647,820740,2,The order was incorrect.,Product Quality,Negative,2023-03-10,2023,March
6453103,3331935300,29095552,1,Items were missing from my order.,Delivery,Negative,2023-06-15,2023,June
3958853,1775389576,15830066,4,"Delivery was fine, but the product could be better.",Product Quality,Neutral,2024-10-03,2024,October
9085939,8194774262,46836361,4,"Delivery was fine, but the product could be better.",App Experience,Neutral,2024-06-10,2024,June
2480674,3615279775,61618079,3,"Average experience, could improve.",Customer Service,Neutral,2023-01-11,2023,January
9215137,11467999,78267238,5,Very happy with the service!,Customer Service,Positive,2023-04-23,2023,April
6081427,3971267196,8536503,4,Customer service was very helpful.,Customer Service,Positive,2024-01-14,2024,January
5150934,1584863963,61877649,4,"Average experience, could improve.",Customer Service,Neutral,2024-07-21,2024,July
761648,1557893814,75244116,2,Product was damaged during delivery.,Delivery,Negative,2024-02-04,2024,February
2681578,8172695964,45323391,3,"Average experience, could improve.",Customer Service,Neutral,2024-07-07,2024,July
9942145,7462800868,93127511,4,Very fresh and well-packaged.,Customer Service,Positive,2023-10-19,2023,October
7353695,5438961669,37245065,5,Very fresh and well-packaged.,App Experience,Positive,2024-10-09,2024,October
4236291,4904849001,93563435,2,The order was incorrect.,Product Quality,Negative,2023-11-30,2023,November
4219382,4816980820,52613657,4,Great prices and fast delivery!,Product Quality,Positive,2023-03-27,2023,March
8580133,9004078716,55552600,1,Taste was not as expected.,Product Quality,Negative,2023-08-21,2023,August
2841833,8350353728,25585013,1,Taste was not as expected.,Customer Service,Negative,2024-01-25,2024,January
9049506,1204084245,1342184,3,Customer service was not helpful.,Product Quality,Negative,2023-09-26,2023,September
3239235,4142209897,44557943,3,Not worth the price I paid.,Delivery,Negative,2023-07-09,2023,July
49570,125551624,14693393,5,Good selection of products.,Customer Service,Positive,2024-12-08,2024,December
2719090,9970545044,22931642,1,Not worth the price I paid.,App Experience,Negative,2023-08-08,2023,August
3002219,7976032064,72946405,2,Taste was not as expected.,Customer Service,Negative,2024-03-05,2024,March
2801569,8691567542,41640262,2,The packaging was poor.,Customer Service,Negative,2024-06-27,2024,June
1302585,3592747590,12755730,2,I had a bad experience.,Customer Service,Negative,2024-04-24,2024,April
8597123,7495753437,4758426,3,"Nothing to complain about, but nothing exceptional.",Delivery,Neutral,2023-02-06,2023,February
5871103,3965847120,80761521,4,Highly recommended!,App Experience,Positive,2023-05-05,2023,May
4879303,9365984533,89704218,5,Very happy with the service!,Product Quality,Positive,2024-06-25,2024,June
5549223,2948242102,13189939,5,Good selection of products.,Customer Service,Positive,2023-12-10,2023,December
695372,6161193691,55693909,4,Good selection of products.,App Experience,Positive,2023-05-30,2023,May
3768358,5964122835,14006996,5,"Overall good experience, thank you!",App Experience,Positive,2024-03-29,2024,March
2548472,8879377902,61320989,3,The product met my expectations.,Customer Service,Neutral,2024-09-03,2024,September
3624049,8158068874,64403005,5,Highly recommended!,Customer Service,Positive,2024-07-25,2024,July
4172409,7039570964,68941950,5,Highly recommended!,Customer Service,Positive,2024-04-13,2024,April
4523289,5482913265,88324928,4,"Average experience, could improve.",App Experience,Neutral,2024-08-08,2024,August
5363730,1018255782,2219590,4,"It was okay, nothing special.",Product Quality,Neutral,2024-08-09,2024,August
1479616,8441505853,48409448,5,Very fresh and well-packaged.,App Experience,Positive,2023-10-11,2023,October
9028098,3850018395,57674875,3,"It was okay, nothing special.",App Experience,Neutral,2023-09-06,2023,September
3226423,4884197611,28173165,3,The order was incorrect.,Product Quality,Negative,2023-04-19,2023,April
2894458,5321849748,84468124,4,Items were in perfect condition.,Customer Service,Positive,2024-01-03,2024,January
2454880,9808738347,7728406,4,Very happy with the service!,Product Quality,Positive,2024-03-28,2024,March
8629527,8727249149,35826539,3,The product met my expectations.,App Experience,Neutral,2023-06-27,2023,June
270589,2772154780,50899600,5,"Excellent quality, will buy again!",Customer Service,Positive,2024-07-18,2024,July
7304927,9128056381,98691989,1,Very disappointed with the quality.,Delivery,Negative,2024-10-06,2024,October
7791478,4461463308,81352781,3,The product met my expectations.,App Experience,Neutral,2023-06-16,2023,June
7477228,5636483988,34095555,4,"Nothing to complain about, but nothing exceptional.",App Experience,Neutral,2024-01-29,2024,January
1944212,1532065529,75464725,1,Not worth the price I paid.,Customer Service,Negative,2023-07-12,2023,July
8458096,9933994647,83304571,1,Items were missing from my order.,Delivery,Negative,2024-02-27,2024,February
1253043,4823026749,34835738,2,Items were missing from my order.,Product Quality,Negative,2024-08-08,2024,August
9403741,7453442245,77869660,3,Product was damaged during delivery.,Product Quality,Negative,2024-08-09,2024,August
7465998,6519941559,29902416,5,Will definitely order again.,App Experience,Positive,2024-10-05,2024,October
8662941,3798769654,75913572,5,"Overall good experience, thank you!",Product Quality,Positive,2024-09-28,2024,September
7152198,5034289521,21201299,3,"It was okay, nothing special.",Delivery,Neutral,2024-05-15,2024,May
1093536,6971088688,11389698,4,The product met my expectations.,Customer Service,Neutral,2023-07-18,2023,July
7243157,5650184107,19771128,3,"Average experience, could improve.",Product Quality,Neutral,2023-06-21,2023,June
9922332,5770410311,20956158,5,Great prices and fast delivery!,Delivery,Positive,2023-12-31,2023,December
1675649,274530126,35278126,3,Not worth the price I paid.,App Experience,Negative,2023-08-04,2023,August
2025024,4819831152,66886852,5,"Excellent quality, will buy again!",Product Quality,Positive,2024-09-22,2024,September
7517863,6977688323,56780331,4,"Average experience, could improve.",App Experience,Neutral,2023-07-06,2023,July
1699913,2035952734,63360864,3,Customer service was not helpful.,Product Quality,Negative,2023-04-17,2023,April
7483634,3665334102,51476157,3,"It was okay, nothing special.",Delivery,Neutral,2024-04-11,2024,April
6057729,1862413314,48150243,5,Customer service was very helpful.,Delivery,Positive,2024-05-31,2024,May
3051987,4466643926,82989313,4,The product met my expectations.,Product Quality,Neutral,2024-08-04,2024,August
3311244,4470717835,76008165,2,Customer service was not helpful.,Delivery,Negative,2023-08-07,2023,August
5836719,3018086191,76359458,1,Items were missing from my order.,App Experience,Negative,2024-07-02,2024,July
4020070,2447983559,99772709,3,"Nothing to complain about, but nothing exceptional.",App Experience,Neutral,2024-03-10,2024,March
4636707,5116322704,63360864,4,Items were in perfect condition.,App Experience,Positive,2024-06-20,2024,June
187542,8941550852,54145987,4,Will definitely order again.,Delivery,Positive,2024-04-20,2024,April
4396650,8026773850,94730288,3,The product met my expectations.,Product Quality,Neutral,2023-10-23,2023,October
542263,2102402075,30317733,4,Good selection of products.,Delivery,Positive,2024-07-14,2024,July
4776792,989844439,30468930,4,"It was okay, nothing special.",Customer Service,Neutral,2023-07-23,2023,July
3599242,8426805628,11636968,5,"Excellent quality, will buy again!",Product Quality,Positive,2023-04-17,2023,April
1985991,7662188403,35554129,4,The product met my expectations.,Product Quality,Neutral,2023-09-05,2023,September
2330293,9141654140,77811864,3,"Nothing to complain about, but nothing exceptional.",Product Quality,Neutral,2023-07-14,2023,July
6166248,5696947751,90745023,4,The product met my expectations.,Customer Service,Neutral,2023-06-11,2023,June
7387379,8953871540,1601161,1,Customer service was not helpful.,App Experience,Negative,2023-11-14,2023,November
711303,1767778760,67729191,1,Not worth the price I paid.,Delivery,Negative,2023-04-14,2023,April
505660,5516201271,73661993,1,Product was damaged during delivery.,Delivery,Negative,2024-10-07,2024,October
6098728,9358248664,75213636,4,Great prices and fast delivery!,Customer Service,Positive,2023-12-20,2023,December
2091055,1530424665,45700739,5,Very fresh and well-packaged.,Delivery,Positive,2023-04-21,2023,April
4562866,7816293360,87669943,2,I had a bad experience.,App Experience,Negative,2023-07-27,2023,July
1917447,1602396548,11063505,3,Not worth the price I paid.,Delivery,Negative,2024-10-09,2024,October
8056653,7938126128,26199489,2,The packaging was poor.,Product Quality,Negative,2023-06-16,2023,June
4731537,271744331,47274329,3,"It was okay, nothing special.",App Experience,Neutral,2023-08-21,2023,August
8258208,387311360,70221073,4,"Average experience, could improve.",Delivery,Neutral,2023-07-08,2023,July
1816046,1286123100,45659330,3,The product met my expectations.,App Experience,Neutral,2023-12-31,2023,December
5082750,4832392771,10038382,3,Customer service was not helpful.,Product Quality,Negative,2023-02-11,2023,February
9757843,4800106448,49970560,4,Very happy with the service!,Product Quality,Positive,2023-10-12,2023,October
2111693,5500008514,31371112,5,"Excellent quality, will buy again!",Product Quality,Positive,2024-03-05,2024,March
7539747,7879575037,7228206,4,"Nothing to complain about, but nothing exceptional.",Delivery,Neutral,2024-07-01,2024,July
7312687,50845914,54893418,3,Delivery was late and I was unhappy.,Customer Service,Negative,2023-09-04,2023,September
578260,9766990467,48358028,1,Product was damaged during delivery.,App Experience,Negative,2023-06-30,2023,June
4088993,4215602937,66499992,5,"Overall good experience, thank you!",Delivery,Positive,2023-04-10,2023,April
4049457,238484255,73869823,2,Product was damaged during delivery.,App Experience,Negative,2024-11-04,2024,November
4894139,3293988248,89986926,1,I had a bad experience.,App Experience,Negative,2024-09-29,2024,September
6973629,5296157775,99231937,5,Items were in perfect condition.,Delivery,Positive,2024-07-27,2024,July
7645524,1143489067,21432404,3,The packaging was poor.,Customer Service,Negative,2023-09-14,2023,September
551355,8524452029,40986000,3,The product met my expectations.,Delivery,Neutral,2023-07-11,2023,July
6753827,4256779885,88745052,5,"Overall good experience, thank you!",App Experience,Positive,2023-01-06,2023,January
795431,7744686996,72946405,2,Delivery was late and I was unhappy.,App Experience,Negative,2023-09-27,2023,September
7042439,5427462399,41647393,5,Great prices and fast delivery!,App Experience,Positive,2024-06-21,2024,June
693454,8596751747,66359719,1,Product was damaged during delivery.,Product Quality,Negative,2024-09-03,2024,September
562006,4746468643,15144290,4,"Average experience, could improve.",App Experience,Neutral,2023-08-17,2023,August
4366924,3010047327,5716817,1,Items were missing from my order.,Customer Service,Negative,2023-12-15,2023,December
991290,1236959246,94033330,5,Will definitely order again.,Product Quality,Positive,2024-06-10,2024,June
7004363,6600422315,79726146,4,Very happy with the service!,Customer Service,Positive,2023-09-19,2023,September
7464077,3227252410,83023956,4,The product met my expectations.,App Experience,Neutral,2024-02-16,2024,February
8769084,6972292408,19682060,4,"It was okay, nothing special.",Delivery,Neutral,2023-11-16,2023,November
1551406,7562754470,10700664,3,I had a bad experience.,Customer Service,Negative,2024-02-15,2024,February
3064209,7361971676,27504517,4,"Excellent quality, will buy again!",Customer Service,Positive,2023-08-23,2023,August
947,8875605037,93867669,1,Customer service was not helpful.,App Experience,Negative,2023-09-27,2023,September
2267899,8508253527,31233120,2,Delivery was late and I was unhappy.,App Experience,Negative,2024-05-09,2024,May
2954942,6798775600,24845814,4,Items were in perfect condition.,Customer Service,Positive,2023-09-10,2023,September
9775764,3624810422,42366724,2,The packaging was poor.,Customer Service,Negative,2024-10-08,2024,October
7391471,4740213452,84066402,2,Very disappointed with the quality.,Customer Service,Negative,2024-02-22,2024,February
4497261,3825468344,81337068,4,The product met my expectations.,Product Quality,Neutral,2023-09-04,2023,September
6122779,902245665,44828791,5,Good selection of products.,Customer Service,Positive,2024-08-08,2024,August
7576416,6874299189,24633671,3,"It was okay, nothing special.",App Experience,Neutral,2023-08-14,2023,August
4697247,1127125313,91312072,2,Product was damaged during delivery.,Customer Service,Negative,2023-12-15,2023,December
691219,3606548818,85354059,4,"Delivery was fine, but the product could be better.",App Experience,Neutral,2023-12-05,2023,December
5166281,5750044154,11636968,3,"Nothing to complain about, but nothing exceptional.",App Experience,Neutral,2024-09-16,2024,September
1382377,3872847781,27727819,3,Customer service was not helpful.,Customer Service,Negative,2023-09-16,2023,September
97811,5939554684,3875480,3,"Nothing to complain about, but nothing exceptional.",Delivery,Neutral,2023-11-06,2023,November
5621884,676412814,57291761,4,"Delivery was fine, but the product could be better.",Customer Service,Neutral,2024-07-26,2024,July
3808119,4248390724,6390687,2,Not worth the price I paid.,Product Quality,Negative,2023-08-22,2023,August
2046453,8938687150,97664747,2,Delivery was late and I was unhappy.,Product Quality,Negative,2023-04-25,2023,April
8438675,7898867047,899941,2,Delivery was late and I was unhappy.,Delivery,Negative,2023-03-05,2023,March
6032503,2142065357,469006,4,Great prices and fast delivery!,Delivery,Positive,2024-01-27,2024,January
4480675,9024719693,21597477,5,Very fresh and well-packaged.,Delivery,Positive,2024-06-06,2024,June
4809948,8976616698,90346920,1,Product was damaged during delivery.,Customer Service,Negative,2023-08-23,2023,August
4863117,8792586840,91566278,3,The product met my expectations.,Customer Service,Neutral,2023-06-14,2023,June
2044654,5375387413,66768157,1,Taste was not as expected.,App Experience,Negative,2023-04-04,2023,April
2287698,4252164097,72366758,5,Will definitely order again.,App Experience,Positive,2023-09-28,2023,September
5142344,8423273411,5418547,1,The packaging was poor.,Delivery,Negative,2023-05-23,2023,May
2440501,2551179741,18791381,2,Items were missing from my order.,Customer Service,Negative,2024-10-04,2024,October
8368694,227511348,11775073,4,"Average experience, could improve.",Product Quality,Neutral,2024-01-08,2024,January
3759920,4434464045,7591711,3,The order was incorrect.,Customer Service,Negative,2023-09-22,2023,September
4041388,7041011843,35705377,3,Very disappointed with the quality.,App Experience,Negative,2024-06-02,2024,June
2902698,6510283268,67383024,3,Very disappointed with the quality.,Customer Service,Negative,2024-12-06,2024,December
3980335,6853654698,85198177,4,Customer service was very helpful.,App Experience,Positive,2023-06-08,2023,June
7570854,9338996795,2219590,4,"Nothing to complain about, but nothing exceptional.",Customer Service,Neutral,2024-09-01,2024,September
3514343,7346145952,96629258,4,"Nothing to complain about, but nothing exceptional.",Customer Service,Neutral,2024-12-03,2024,December
998290,6497069610,52672659,3,The product met my expectations.,Delivery,Neutral,2024-10-04,2024,October
3367308,1741402363,87200291,1,The order was incorrect.,Product Quality,Negative,2024-12-06,2024,December
7059559,4825878367,46717997,2,Product was damaged during delivery.,Delivery,Negative,2024-07-10,2024,July
5924784,7019011442,41640262,4,Will definitely order again.,Customer Service,Positive,2023-06-30,2023,June
8946524,1674463798,52085702,4,The product met my expectations.,App Experience,Neutral,2024-09-21,2024,September
6399504,305684588,46876240,1,I had a bad experience.,Customer Service,Negative,2024-08-25,2024,August
2714845,5967495442,77086074,3,"Average experience, could improve.",Product Quality,Neutral,2024-07-18,2024,July
6673711,2571047526,90665975,2,Not worth the price I paid.,Delivery,Negative,2023-06-19,2023,June
2934013,7784811086,53332493,4,"Excellent quality, will buy again!",Product Quality,Positive,2024-07-09,2024,July
1368168,7942005230,78614729,4,The product met my expectations.,Delivery,Neutral,2023-03-25,2023,March
6113742,6653543195,95334407,4,"Overall good experience, thank you!",App Experience,Positive,2023-09-15,2023,September
3227569,397928918,71902700,4,"Average experience, could improve.",Customer Service,Neutral,2024-09-14,2024,September
5227689,776120140,25128143,3,"Nothing to complain about, but nothing exceptional.",Product Quality,Neutral,2023-12-11,2023,December
9554223,8293188779,28991365,1,Delivery was late and I was unhappy.,Product Quality,Negative,2024-10-16,2024,October
5832996,178737268,2164524,3,"Delivery was fine, but the product could be better.",Customer Service,Neutral,2023-06-18,2023,June
1975368,5246598523,90665975,5,Great prices and fast delivery!,Customer Service,Positive,2023-11-22,2023,November
9396068,1172544737,30188374,4,"Excellent quality, will buy again!",App Experience,Positive,2023-11-24,2023,November
6962998,6419533291,92404798,3,"Nothing to complain about, but nothing exceptional.",Delivery,Neutral,2023-07-28,2023,July
918874,882083749,51833636,4,Very happy with the service!,Customer Service,Positive,2023-06-18,2023,June
6190918,3185510401,43990799,4,Highly recommended!,Delivery,Positive,2024-10-14,2024,October
5351111,7760767006,93018527,3,"It was okay, nothing special.",Product Quality,Neutral,2023-08-19,2023,August
1629735,3833878150,644189,3,"It was okay, nothing special.",Delivery,Neutral,2024-06-23,2024,June
2948051,369899578,44198187,3,The packaging was poor.,App Experience,Negative,2023-08-19,2023,August
3052466,1944466212,70798876,4,Good selection of products.,Product Quality,Positive,2024-09-09,2024,September
7144855,4064447117,6061349,3,"Nothing to complain about, but nothing exceptional.",Delivery,Neutral,2024-02-25,2024,February
505283,1553685597,22822088,3,"Average experience, could improve.",App Experience,Neutral,2024-10-28,2024,October
1436132,3682284811,96009692,3,"Average experience, could improve.",Delivery,Neutral,2024-07-18,2024,July
9095544,291439357,62679120,4,Items were in perfect condition.,Customer Service,Positive,2023-11-04,2023,November
1029897,8285784194,17390673,2,Delivery was late and I was unhappy.,Customer Service,Negative,2024-09-30,2024,September
2986134,5058742647,29562254,5,Very fresh and well-packaged.,Delivery,Positive,2024-09-17,2024,September
42109,6917020296,34655710,1,I had a bad experience.,App Experience,Negative,2024-10-07,2024,October
4450869,6671181961,50968312,5,Very fresh and well-packaged.,Customer Service,Positive,2023-10-13,2023,October
9318477,5123439997,89886179,4,"Average experience, could improve.",Delivery,Neutral,2024-02-15,2024,February
7777479,8510183245,3897936,4,"It was okay, nothing special.",App Experience,Neutral,2024-01-10,2024,January
9857802,6081384585,94529626,4,"Nothing to complain about, but nothing exceptional.",Delivery,Neutral,2024-04-03,2024,April
592339,4423613746,98088303,1,Items were missing from my order.,Delivery,Negative,2023-08-27,2023,August
8142511,1530472691,82169898,3,"It was okay, nothing special.",Product Quality,Neutral,2024-09-08,2024,September
7016969,7009303199,85519349,3,"It was okay, nothing special.",App Experience,Neutral,2024-02-25,2024,February
1695867,5386652055,71252391,5,Good selection of products.,Delivery,Positive,2024-04-16,2024,April
7234307,4413239746,22915611,5,Good selection of products.,App Experience,Positive,2023-10-04,2023,October
9206189,4988875078,65514005,4,"Overall good experience, thank you!",App Experience,Positive,2023-07-23,2023,July
952999,1617565217,43518622,3,Product was damaged during delivery.,Product Quality,Negative,2024-01-06,2024,January
3486386,392038758,24144240,4,Will definitely order again.,Product Quality,Positive,2024-07-23,2024,July
4564815,1828727552,12455156,4,Very fresh and well-packaged.,Product Quality,Positive,2024-03-26,2024,March
5714605,7119397338,25850478,3,The packaging was poor.,App Experience,Negative,2024-10-28,2024,October
193776,2611271708,11446157,3,Items were missing from my order.,Delivery,Negative,2024-04-26,2024,April
8589341,7162509481,1174162,1,Customer service was not helpful.,App Experience,Negative,2024-10-17,2024,October
5473397,131913576,48228547,2,Taste was not as expected.,Delivery,Negative,2023-10-17,2023,October
8112535,6627201490,28991365,1,Taste was not as expected.,Delivery,Negative,2023-10-12,2023,October
7876022,4644950813,81655250,4,"Overall good experience, thank you!",Product Quality,Positive,2023-08-21,2023,August
2479913,9434934993,92027021,2,Product was damaged during delivery.,Customer Service,Negative,2024-09-08,2024,September
8109035,2556317798,29562072,5,"Excellent quality, will buy again!",Customer Service,Positive,2023-09-14,2023,September
1602501,2826150539,24456825,3,"Nothing to complain about, but nothing exceptional.",Delivery,Neutral,2023-05-11,2023,May
441802,4283803308,4543215,3,"Delivery was fine, but the product could be better.",Delivery,Neutral,2023-08-12,2023,August
4407642,6873424093,35705377,5,"Overall good experience, thank you!",Customer Service,Positive,2024-10-02,2024,October
2957464,4741294126,66354642,4,Very happy with the service!,App Experience,Positive,2024-05-09,2024,May
9315691,4967241271,45708879,4,Great prices and fast delivery!,Product Quality,Positive,2023-03-05,2023,March
6038221,9554079946,69516494,5,"Excellent quality, will buy again!",App Experience,Positive,2023-12-23,2023,December
718730,4601205399,97111069,4,Highly recommended!,App Experience,Positive,2023-07-14,2023,July
8701762,5633967304,72605638,3,I had a bad experience.,Delivery,Negative,2024-01-30,2024,January
2858606,4168163237,47503133,4,Highly recommended!,Delivery,Positive,2023-06-07,2023,June
378316,5924297360,59197894,3,"It was okay, nothing special.",Product Quality,Neutral,2024-09-09,2024,September
7303951,2120299901,28499191,4,"Average experience, could improve.",Delivery,Neutral,2024-12-06,2024,December
5282550,1070876534,59329145,4,"Delivery was fine, but the product could be better.",App Experience,Neutral,2024-02-21,2024,February
2040171,7032280048,18567760,2,Delivery was late and I was unhappy.,Customer Service,Negative,2023-09-15,2023,September
2222935,156346853,57331847,5,"Excellent quality, will buy again!",Customer Service,Positive,2023-03-30,2023,March
5733557,6873267326,45546750,4,"It was okay, nothing special.",App Experience,Neutral,2024-10-02,2024,October
7842448,1370661468,64795608,5,Customer service was very helpful.,App Experience,Positive,2023-09-27,2023,September
8133334,3612128358,8513589,3,The packaging was poor.,App Experience,Negative,2024-04-24,2024,April
4645106,1736953222,86704661,5,Highly recommended!,Delivery,Positive,2024-02-18,2024,February
3931686,9107923488,85354059,4,Very happy with the service!,Delivery,Positive,2023-11-20,2023,November
6793875,4378877600,46989310,1,Very disappointed with the quality.,Product Quality,Negative,2023-11-27,2023,November
6512144,3232762361,22613559,5,"Excellent quality, will buy again!",Delivery,Positive,2023-07-24,2023,July
3075998,1831641377,76971644,3,The product met my expectations.,Product Quality,Neutral,2024-03-19,2024,March
3417089,562428866,57833505,3,"Average experience, could improve.",Delivery,Neutral,2023-04-17,2023,April
4901338,4607715908,59095971,3,"Average experience, could improve.",Customer Service,Neutral,2024-08-24,2024,August
5959915,4804575203,53974737,3,Items were missing from my order.,Product Quality,Negative,2023-05-23,2023,May
983440,8287234948,47939657,5,Customer service was very helpful.,Customer Service,Positive,2024-07-10,2024,July
5178395,6074452586,78806824,3,The order was incorrect.,Product Quality,Negative,2023-01-09,2023,January
4017037,6821790656,66710182,3,I had a bad experience.,App Experience,Negative,2024-03-08,2024,March
8996588,7821942520,84468124,3,"Delivery was fine, but the product could be better.",Delivery,Neutral,2024-02-13,2024,February
1207954,3012496270,27604184,4,The product met my expectations.,Customer Service,Neutral,2023-06-04,2023,June
7547714,8980370750,76971644,1,Product was damaged during delivery.,Product Quality,Negative,2023-09-15,2023,September
3548365,6535672015,4758426,3,Taste was not as expected.,App Experience,Negative,2023-05-05,2023,May
2434820,6999060704,15534747,5,Customer service was very helpful.,Product Quality,Positive,2023-04-28,2023,April
7040880,9403732731,73393269,5,Highly recommended!,Product Quality,Positive,2024-05-26,2024,May
906286,5649255352,84119685,4,"Overall good experience, thank you!",Delivery,Positive,2024-10-30,2024,October
7109416,5034409841,46629917,3,"Average experience, could improve.",Product Quality,Neutral,2023-08-15,2023,August
521542,9072111617,49985597,2,The packaging was poor.,App Experience,Negative,2024-09-15,2024,September
5863363,9556880451,48778633,4,"Average experience, could improve.",Delivery,Neutral,2023-08-10,2023,August
5950845,4602796463,22047134,2,Items were missing from my order.,Delivery,Negative,2024-12-09,2024,December
6268912,6061353924,49241309,5,Great prices and fast delivery!,App Experience,Positive,2024-03-03,2024,March
5564520,4366519080,63339001,5,Items were in perfect condition.,Customer Service,Positive,2023-05-29,2023,May
1885638,1324817141,71694275,4,Very fresh and well-packaged.,App Experience,Positive,2023-08-17,2023,August
6933855,5419080144,55404382,3,"Nothing to complain about, but nothing exceptional.",Product Quality,Neutral,2024-01-11,2024,January
1882628,8813470284,57537308,5,Highly recommended!,Delivery,Positive,2024-04-01,2024,April
6472516,3182992799,81906973,3,I had a bad experience.,Delivery,Negative,2023-10-18,2023,October
1780948,7792996715,22081691,3,"Average experience, could improve.",App Experience,Neutral,2024-03-01,2024,March
8600331,6962624734,88866835,4,"Excellent quality, will buy again!",App Experience,Positive,2023-04-27,2023,April
6278165,5948662456,35988028,3,"Delivery was fine, but the product could be better.",Customer Service,Neutral,2023-06-29,2023,June
5974448,3395675979,88202341,4,"Average experience, could improve.",App Experience,Neutral,2023-10-06,2023,October
7720023,7550368787,51592174,4,Items were in perfect condition.,Product Quality,Positive,2023-12-30,2023,December
4357427,8357671697,97388817,3,Taste was not as expected.,Customer Service,Negative,2024-04-14,2024,April
7209600,9600704922,90372221,3,Very disappointed with the quality.,Product Quality,Negative,2023-11-13,2023,November
4521726,9915229426,12832151,2,Customer service was not helpful.,Product Quality,Negative,2024-03-02,2024,March
6861653,9927474026,94137242,4,The product met my expectations.,Product Quality,Neutral,2023-03-28,2023,March
6134638,6310535397,21461764,1,Taste was not as expected.,Customer Service,Negative,2023-05-26,2023,May
3123642,8045941430,67829645,3,"Nothing to complain about, but nothing exceptional.",Delivery,Neutral,2023-05-24,2023,May
1070868,4390394582,49795571,3,Very disappointed with the quality.,Delivery,Negative,2024-02-11,2024,February
4075027,5062545226,84275450,4,"Average experience, could improve.",Product Quality,Neutral,2023-11-28,2023,November
6131863,2836701831,62323608,2,Taste was not as expected.,App Experience,Negative,2024-06-13,2024,June
696872,4115492281,32540616,3,"Nothing to complain about, but nothing exceptional.",Customer Service,Neutral,2024-07-01,2024,July
6204921,3554645781,26227445,3,"Average experience, could improve.",Customer Service,Neutral,2024-04-25,2024,April
6056192,3983605701,19067680,1,Customer service was not helpful.,Delivery,Negative,2024-01-27,2024,January
9231567,8581516385,8241122,4,"Average experience, could improve.",Product Quality,Neutral,2023-12-14,2023,December
4960526,8290229112,88923048,4,The product met my expectations.,Delivery,Neutral,2024-09-03,2024,September
9621239,1195560119,83039559,4,Very happy with the service!,App Experience,Positive,2023-03-04,2023,March
6030761,5077327994,243838,4,"Nothing to complain about, but nothing exceptional.",App Experience,Neutral,2023-01-08,2023,January
6983952,2945185661,81102955,4,Will definitely order again.,Delivery,Positive,2023-09-07,2023,September
7128156,3951005873,52085702,1,I had a bad experience.,Delivery,Negative,2024-03-10,2024,March
9989662,3490816523,25128143,2,Product was damaged during delivery.,Delivery,Negative,2024-01-27,2024,January
3510523,6739114301,51544662,4,Items were in perfect condition.,Delivery,Positive,2023-03-26,2023,March
4229013,5728818155,31000129,3,Taste was not as expected.,Product Quality,Negative,2023-03-11,2023,March
2091825,7713651693,8351747,5,Items were in perfect condition.,Delivery,Positive,2023-07-08,2023,July
5009643,5452048621,22483684,3,"It was okay, nothing special.",Product Quality,Neutral,2024-10-22,2024,October
473283,2297027645,36578947,3,Not worth the price I paid.,App Experience,Negative,2024-04-17,2024,April
6005487,2438302298,77862447,3,"Delivery was fine, but the product could be better.",Delivery,Neutral,2023-04-24,2023,April
3232752,578811216,75739462,3,Delivery was late and I was unhappy.,Product Quality,Negative,2024-06-18,2024,June
7299954,8684710720,74172010,4,"It was okay, nothing special.",App Experience,Neutral,2023-12-09,2023,December
2467868,1249797614,54797119,2,Not worth the price I paid.,Customer Service,Negative,2024-06-27,2024,June
1459705,8013026217,52337289,4,Highly recommended!,Delivery,Positive,2023-03-21,2023,March
8571174,5421697986,95971469,4,Great prices and fast delivery!,Delivery,Positive,2023-05-26,2023,May
4603850,8922741261,22133362,4,Customer service was very helpful.,Delivery,Positive,2024-11-08,2024,November
2769312,3441102335,12077371,3,"Delivery was fine, but the product could be better.",Product Quality,Neutral,2023-04-11,2023,April
8679133,6065607924,91868185,4,Will definitely order again.,Product Quality,Positive,2024-08-05,2024,August
8080342,5153395650,94033330,3,The order was incorrect.,Product Quality,Negative,2023-03-23,2023,March
6743516,2215235447,88215615,4,"Nothing to complain about, but nothing exceptional.",Delivery,Neutral,2024-09-16,2024,September
9343709,5678676134,76917159,4,"Delivery was fine, but the product could be better.",Delivery,Neutral,2024-09-21,2024,September
1083982,5045588926,67092149,5,Items were in perfect condition.,Product Quality,Positive,2023-04-07,2023,April
8458335,1677502866,24644542,2,Product was damaged during delivery.,Product Quality,Negative,2024-01-18,2024,January
2913652,4777610024,81808190,5,Highly recommended!,App Experience,Positive,2024-05-25,2024,May
1425264,477350788,3638834,4,"Excellent quality, will buy again!",Customer Service,Positive,2023-12-10,2023,December
4789313,4616699342,11446157,4,"Nothing to complain about, but nothing exceptional.",App Experience,Neutral,2023-04-16,2023,April
6897186,8849914077,32527479,4,"Delivery was fine, but the product could be better.",Delivery,Neutral,2024-01-30,2024,January
8795566,9183435457,25722990,3,The order was incorrect.,Customer Service,Negative,2024-10-22,2024,October
1790467,6922646336,92416428,4,Good selection of products.,App Experience,Positive,2023-06-24,2023,June
5112150,3228806806,70543108,1,Very disappointed with the quality.,Product Quality,Negative,2023-06-29,2023,June
2751709,4893095476,21409946,4,"Delivery was fine, but the product could be better.",Product Quality,Neutral,2024-04-10,2024,April
3005599,7773468233,22210238,3,"Nothing to complain about, but nothing exceptional.",Product Quality,Neutral,2023-05-10,2023,May
3939292,5928657526,22076522,3,Delivery was late and I was unhappy.,App Experience,Negative,2023-10-14,2023,October
4480394,4435936422,47206881,4,Good selection of products.,Customer Service,Positive,2023-01-12,2023,January
2566002,6031122324,28603182,1,Customer service was not helpful.,Customer Service,Negative,2024-06-25,2024,June
2014440,7286969496,75913572,5,Very happy with the service!,App Experience,Positive,2023-06-21,2023,June
5023875,4665508413,77035814,4,Will definitely order again.,Delivery,Positive,2023-02-11,2023,February
3915365,9224598372,50015282,5,Highly recommended!,Delivery,Positive,2024-03-31,2024,March
1899061,842020543,99231937,4,The product met my expectations.,Product Quality,Neutral,2024-08-14,2024,August
1516907,7237143327,96253172,3,"Delivery was fine, but the product could be better.",Product Quality,Neutral,2023-09-06,2023,September
5985753,5095141954,1469696,1,Taste was not as expected.,Product Quality,Negative,2023-05-08,2023,May
3045217,6229535077,77869660,2,Not worth the price I paid.,Customer Service,Negative,2024-01-04,2024,January
1757691,2984879441,16379942,3,"Delivery was fine, but the product could be better.",Product Quality,Neutral,2024-04-22,2024,April
7612535,785895477,11389698,4,"Average experience, could improve.",Product Quality,Neutral,2023-03-19,2023,March
1919455,6220343481,79895967,4,Highly recommended!,App Experience,Positive,2023-02-06,2023,February
9757714,5897343054,52815265,3,The product met my expectations.,Customer Service,Neutral,2023-03-21,2023,March
4344466,60465,15808945,4,The product met my expectations.,Product Quality,Neutral,2024-10-23,2024,October
3533710,2245476104,8628482,5,Will definitely order again.,App Experience,Positive,2023-01-06,2023,January
5974172,6347292505,83597876,4,"Average experience, could improve.",Customer Service,Neutral,2024-06-24,2024,June
1872177,8321900643,1655637,4,Customer service was very helpful.,Product Quality,Positive,2023-10-31,2023,October
8019607,9639033064,20314691,4,Customer service was very helpful.,Product Quality,Positive,2024-08-15,2024,August
3352610,2748368258,92404798,4,Very fresh and well-packaged.,Product Quality,Positive,2023-04-08,2023,April
6463680,1444371693,9274874,4,Good selection of products.,Customer Service,Positive,2023-06-05,2023,June
3004769,7111342746,35459748,4,"It was okay, nothing special.",App Experience,Neutral,2024-10-19,2024,October
3961292,9457576236,80800079,3,"Delivery was fine, but the product could be better.",Customer Service,Neutral,2023-11-29,2023,November
3142549,4167252733,70589930,1,Delivery was late and I was unhappy.,Delivery,Negative,2023-11-27,2023,November
3620788,4304875010,89995124,4,Will definitely order again.,Product Quality,Positive,2024-01-27,2024,January
263845,4870910859,88532418,5,Very happy with the service!,Product Quality,Positive,2023-04-07,2023,April
2306581,3674118222,32868927,4,Will definitely order again.,Customer Service,Positive,2024-07-25,2024,July
9318489,38408517,39674723,3,"It was okay, nothing special.",Customer Service,Neutral,2023-11-26,2023,November
7919112,3081609596,7076456,1,Very disappointed with the quality.,Customer Service,Negative,2023-09-04,2023,September
8817684,1390229631,67952740,5,"Excellent quality, will buy again!",Customer Service,Positive,2023-07-08,2023,July
8346180,7498092418,50968312,2,Very disappointed with the quality.,App Experience,Negative,2023-12-10,2023,December
2243553,3334055527,79298972,4,Items were in perfect condition.,App Experience,Positive,2023-04-18,2023,April
9105154,8729426842,37904682,4,"Nothing to complain about, but nothing exceptional.",Product Quality,Neutral,2023-07-06,2023,July
3559125,1722808791,51014003,2,Items were missing from my order.,Customer Service,Negative,2023-05-16,2023,May
16923,9775070757,55042740,4,Will definitely order again.,Product Quality,Positive,2024-03-15,2024,March
330892,4737779056,43980719,5,Very happy with the service!,Delivery,Positive,2024-09-08,2024,September
4614205,2047483376,11493380,3,Product was damaged during delivery.,Delivery,Negative,2023-10-15,2023,October
4276956,4758632331,34853377,4,Very happy with the service!,App Experience,Positive,2023-06-09,2023,June
9496117,4741574337,40841791,4,"Overall good experience, thank you!",Customer Service,Positive,2024-09-02,2024,September
142997,5805120939,12277039,5,"Excellent quality, will buy again!",Customer Service,Positive,2024-10-07,2024,October
3138657,7550508,93127511,5,Items were in perfect condition.,Delivery,Positive,2023-10-20,2023,October
4847758,1966056265,63802820,3,Taste was not as expected.,Product Quality,Negative,2024-11-08,2024,November
2656395,6363072906,29095552,4,"It was okay, nothing special.",Product Quality,Neutral,2024-08-07,2024,August
265156,7389054351,25585013,5,Very happy with the service!,Customer Service,Positive,2023-12-22,2023,December
6014791,7146572423,80954112,1,I had a bad experience.,Product Quality,Negative,2023-01-06,2023,January
8850683,4590810848,20298398,2,I had a bad experience.,App Experience,Negative,2023-05-24,2023,May
1452552,9226364404,29858395,4,"Delivery was fine, but the product could be better.",Delivery,Neutral,2023-11-23,2023,November
6655277,6687792641,93924203,5,Highly recommended!,App Experience,Positive,2024-05-20,2024,May
9712922,5183577434,2134827,1,Not worth the price I paid.,Customer Service,Negative,2024-03-01,2024,March
6383340,7440785414,72132838,5,Good selection of products.,App Experience,Positive,2023-01-11,2023,January
5779371,7932057095,73363613,4,"Nothing to complain about, but nothing exceptional.",Product Quality,Neutral,2023-09-20,2023,September
3088210,6126906924,33675108,5,Very happy with the service!,Product Quality,Positive,2023-01-12,2023,January
4267888,8997788831,72495274,1,The packaging was poor.,Delivery,Negative,2023-03-23,2023,March
7138726,3480516243,23567263,4,Highly recommended!,Product Quality,Positive,2024-06-08,2024,June
5257765,1234692850,76971644,5,Great prices and fast delivery!,App Experience,Positive,2024-03-19,2024,March
1456324,4954911880,82359623,4,The product met my expectations.,Customer Service,Neutral,2023-09-04,2023,September
4712295,504060154,55060796,3,Product was damaged during delivery.,Product Quality,Negative,2023-07-18,2023,July
3029243,8723752267,13494314,2,Very disappointed with the quality.,Delivery,Negative,2024-09-07,2024,September
9918278,5724116944,93938425,4,"Average experience, could improve.",Customer Service,Neutral,2024-06-20,2024,June
7390259,8161349145,19080489,3,Product was damaged during delivery.,Customer Service,Negative,2024-12-03,2024,December
364879,2985254380,73377004,1,Product was damaged during delivery.,Product Quality,Negative,2023-04-11,2023,April
9365010,9837170359,42723554,5,Will definitely order again.,Customer Service,Positive,2023-12-04,2023,December
5595938,3915323515,32987624,3,"Average experience, could improve.",Customer Service,Neutral,2024-11-09,2024,November
7470294,8829163586,11387110,1,Taste was not as expected.,Product Quality,Negative,2024-01-16,2024,January
4767092,961526405,63083547,4,"Delivery was fine, but the product could be better.",App Experience,Neutral,2024-10-10,2024,October
2440958,5792721465,49617892,1,I had a bad experience.,Delivery,Negative,2024-10-18,2024,October
2249584,8094117960,95018817,4,Very happy with the service!,Delivery,Positive,2023-04-04,2023,April
8008163,9318325652,89986926,3,"Average experience, could improve.",Customer Service,Neutral,2024-12-04,2024,December
6171781,852676412,65570302,4,"Excellent quality, will buy again!",App Experience,Positive,2024-11-08,2024,November
2840947,6487883093,37309023,3,"Average experience, could improve.",Product Quality,Neutral,2024-10-19,2024,October
6067366,5398965602,99412119,3,The packaging was poor.,App Experience,Negative,2024-09-06,2024,September
1866592,6149664144,52678787,3,"Delivery was fine, but the product could be better.",App Experience,Neutral,2024-10-21,2024,October
8194534,6231586256,12755730,2,Customer service was not helpful.,Customer Service,Negative,2023-03-05,2023,March
2002448,4598622116,85518832,2,Customer service was not helpful.,Product Quality,Negative,2024-03-19,2024,March
9370393,8971796779,21786873,3,"Delivery was fine, but the product could be better.",Delivery,Neutral,2024-03-07,2024,March
7099942,2148246883,93563435,3,Not worth the price I paid.,Product Quality,Negative,2023-09-21,2023,September
9066926,4357632507,6150721,1,I had a bad experience.,Customer Service,Negative,2024-09-13,2024,September
7223334,3323576462,20163931,4,Very fresh and well-packaged.,App Experience,Positive,2023-10-12,2023,October
3711361,4220834107,74682740,5,Will definitely order again.,Product Quality,Positive,2023-09-29,2023,September
2759035,4409513224,12814732,2,Very disappointed with the quality.,App Experience,Negative,2024-10-26,2024,October
7031350,5610159677,90184276,5,Good selection of products.,Delivery,Positive,2023-08-31,2023,August
9979278,6259219127,21577948,3,Not worth the price I paid.,Product Quality,Negative,2023-12-05,2023,December
4476377,5628497118,50229203,4,"It was okay, nothing special.",App Experience,Neutral,2024-10-24,2024,October
3229379,1508576390,81541985,4,The product met my expectations.,App Experience,Neutral,2023-07-27,2023,July
2676559,5922953060,96628029,5,Very fresh and well-packaged.,Product Quality,Positive,2024-09-13,2024,September
8149792,5130838561,10524732,4,"Average experience, could improve.",Delivery,Neutral,2023-07-26,2023,July
4210815,3217749279,40643232,1,Very disappointed with the quality.,Customer Service,Negative,2023-09-29,2023,September
4265897,9279422297,15043066,4,The product met my expectations.,Product Quality,Neutral,2023-07-04,2023,July
5483280,222955546,51661209,1,Customer service was not helpful.,App Experience,Negative,2023-09-27,2023,September
3663130,8290493339,69340015,1,I had a bad experience.,App Experience,Negative,2024-01-29,2024,January
7678119,6418952352,34381941,4,"Excellent quality, will buy again!",Delivery,Positive,2023-08-31,2023,August
4005842,8978231928,73799927,4,Great prices and fast delivery!,App Experience,Positive,2024-10-30,2024,October
6594277,3746306403,47625855,4,Items were in perfect condition.,Product Quality,Positive,2023-03-07,2023,March
1570085,3157198428,61753272,4,"Average experience, could improve.",App Experience,Neutral,2024-10-30,2024,October
4779387,981939883,51119088,3,Not worth the price I paid.,Product Quality,Negative,2023-03-05,2023,March
8639376,6569836274,5228136,4,The product met my expectations.,Customer Service,Neutral,2024-06-24,2024,June
5915648,5695124358,90144978,5,Good selection of products.,App Experience,Positive,2024-05-16,2024,May
3743726,773335066,26935187,4,Items were in perfect condition.,App Experience,Positive,2023-07-24,2023,July
9138721,3618712852,27049432,3,The product met my expectations.,Customer Service,Neutral,2023-10-14,2023,October
982797,6009732867,6982488,4,"It was okay, nothing special.",App Experience,Neutral,2024-02-08,2024,February
656832,7269785858,47939657,4,"Nothing to complain about, but nothing exceptional.",Product Quality,Neutral,2024-04-08,2024,April
686445,5798831066,42102289,4,"It was okay, nothing special.",Customer Service,Neutral,2024-04-16,2024,April
9422113,5330654120,90299101,4,The product met my expectations.,Product Quality,Neutral,2024-03-11,2024,March
4873604,462189338,34755436,4,Will definitely order again.,Product Quality,Positive,2023-04-09,2023,April
6555494,7536187765,19091057,4,"Delivery was fine, but the product could be better.",Product Quality,Neutral,2024-04-15,2024,April
4463877,9938820107,27304727,4,"Nothing to complain about, but nothing exceptional.",Delivery,Neutral,2023-07-11,2023,July
2738650,9410751894,44859592,4,The product met my expectations.,Product Quality,Neutral,2024-07-25,2024,July
4341712,9172888683,71956734,1,The order was incorrect.,App Experience,Negative,2024-06-18,2024,June
756153,8018695018,68419593,4,"Excellent quality, will buy again!",Delivery,Positive,2023-04-05,2023,April
5387189,7456610316,74231111,2,Items were missing from my order.,Customer Service,Negative,2024-03-07,2024,March
1364832,5627902734,69415494,4,The product met my expectations.,App Experience,Neutral,2023-03-16,2023,March
1540943,5189768940,50045027,4,"Average experience, could improve.",App Experience,Neutral,2023-05-10,2023,May
3383383,173709007,43034188,3,The product met my expectations.,Product Quality,Neutral,2023-09-10,2023,September
9435263,1485229334,17132416,2,Delivery was late and I was unhappy.,Product Quality,Negative,2023-07-19,2023,July
4820453,9334479603,49147776,3,Delivery was late and I was unhappy.,Product Quality,Negative,2023-04-16,2023,April
3294952,8674211510,10562528,3,The product met my expectations.,Customer Service,Neutral,2023-01-09,2023,January
9405496,390257855,5228136,3,"Average experience, could improve.",Customer Service,Neutral,2023-04-22,2023,April
4202428,6642374542,32019725,5,Great prices and fast delivery!,Customer Service,Positive,2024-08-30,2024,August
8775819,6585999443,93730857,3,Delivery was late and I was unhappy.,Delivery,Negative,2023-10-06,2023,October
8494396,622705569,93723634,5,Great prices and fast delivery!,Customer Service,Positive,2024-07-07,2024,July
66658,1635083835,79135318,2,Delivery was late and I was unhappy.,Product Quality,Negative,2023-09-27,2023,September
5852690,7359512417,96511007,3,Very disappointed with the quality.,App Experience,Negative,2024-08-30,2024,August
1774624,9237698013,79895967,1,Not worth the price I paid.,Product Quality,Negative,2024-08-15,2024,August
4435315,3492935177,3660263,5,Very fresh and well-packaged.,Customer Service,Positive,2024-03-24,2024,March
7249025,4324086468,68486301,1,The order was incorrect.,Customer Service,Negative,2024-02-25,2024,February
8477173,9171218505,89968482,2,The packaging was poor.,Delivery,Negative,2024-05-31,2024,May
7178089,5068157547,46741896,1,Product was damaged during delivery.,Delivery,Negative,2023-10-10,2023,October
5469312,8558710948,70459847,5,Items were in perfect condition.,Product Quality,Positive,2024-06-21,2024,June
279599,3184669775,71643758,4,"Average experience, could improve.",Product Quality,Neutral,2024-05-13,2024,May
8292239,7079324691,38902193,4,Items were in perfect condition.,Product Quality,Positive,2023-04-04,2023,April
3033136,4210311922,56195475,4,Great prices and fast delivery!,Product Quality,Positive,2023-05-17,2023,May
3992498,7660037070,82585664,3,"Delivery was fine, but the product could be better.",App Experience,Neutral,2024-02-16,2024,February
6281860,9410025634,59643062,3,Customer service was not helpful.,Delivery,Negative,2024-01-28,2024,January
9827150,6798589010,18035010,4,"Excellent quality, will buy again!",Customer Service,Positive,2023-09-27,2023,September
5417463,5401466202,12305040,4,Will definitely order again.,Product Quality,Positive,2024-09-26,2024,September
3977347,9102648124,81533356,4,"Average experience, could improve.",Delivery,Neutral,2024-06-01,2024,June
9447774,1969956670,32203588,5,Very happy with the service!,Customer Service,Positive,2024-10-24,2024,October
202063,1194228460,61516967,5,Highly recommended!,Customer Service,Positive,2024-11-03,2024,November
5606625,9628463148,12814732,5,"Excellent quality, will buy again!",Product Quality,Positive,2024-08-25,2024,August
7619898,7745364283,25585013,4,"Average experience, could improve.",App Experience,Neutral,2023-06-18,2023,June
8608395,9892343037,55472026,1,Not worth the price I paid.,App Experience,Negative,2024-07-31,2024,July
377799,1588828749,11540364,3,Taste was not as expected.,Customer Service,Negative,2023-11-17,2023,November
5215859,4037647778,63802820,4,Very happy with the service!,Customer Service,Positive,2023-03-17,2023,March
7828080,6664301655,57474553,1,The order was incorrect.,Product Quality,Negative,2023-07-31,2023,July
2912120,7096225581,6319646,4,The product met my expectations.,Customer Service,Neutral,2024-06-27,2024,June
141849,79029185,39645619,2,Product was damaged during delivery.,App Experience,Negative,2024-06-06,2024,June
6048344,7831967187,81528623,4,Items were in perfect condition.,Delivery,Positive,2023-06-06,2023,June
8567193,482214790,31156674,4,The product met my expectations.,Customer Service,Neutral,2023-10-04,2023,October
5889075,5931307224,2361575,3,"It was okay, nothing special.",App Experience,Neutral,2023-11-27,2023,November
7153564,6410432854,28995786,4,"Delivery was fine, but the product could be better.",Customer Service,Neutral,2023-11-23,2023,November
5791997,6124624375,26844216,4,The product met my expectations.,Delivery,Neutral,2024-12-09,2024,December
6151959,8992870838,46504355,3,"It was okay, nothing special.",App Experience,Neutral,2023-09-17,2023,September
7592490,8377146126,33331259,5,Highly recommended!,Customer Service,Positive,2024-02-27,2024,February
5013175,7852428533,9246851,4,Highly recommended!,Product Quality,Positive,2023-05-06,2023,May
2853591,9258876870,26303194,3,Very disappointed with the quality.,Delivery,Negative,2024-03-14,2024,March
5924590,6810940082,84953008,4,"It was okay, nothing special.",Customer Service,Neutral,2023-02-11,2023,February
9803651,3330538479,98246574,2,Items were missing from my order.,Delivery,Negative,2024-01-23,2024,January
5059034,7270469981,22210238,2,Customer service was not helpful.,App Experience,Negative,2023-07-28,2023,July
70270,5636241570,94281220,1,Not worth the price I paid.,Product Quality,Negative,2024-06-21,2024,June
5954202,4467471002,74179536,5,Items were in perfect condition.,Customer Service,Positive,2023-11-27,2023,November
142652,6201821502,45166203,4,"Overall good experience, thank you!",Product Quality,Positive,2024-03-05,2024,March
3713340,6144140039,66233704,4,"Average experience, could improve.",Delivery,Neutral,2024-03-22,2024,March
2667509,3310749597,95372766,5,Very fresh and well-packaged.,Delivery,Positive,2023-05-07,2023,May
4551114,5085488484,67215939,2,Customer service was not helpful.,Customer Service,Negative,2023-09-12,2023,September
3853096,587498345,69863493,1,Not worth the price I paid.,Delivery,Negative,2024-06-28,2024,June
9834259,5136205193,82804543,1,Product was damaged during delivery.,Customer Service,Negative,2023-08-22,2023,August
3577097,9321319130,48943848,4,Very happy with the service!,Delivery,Positive,2023-12-31,2023,December
719655,9113393578,82359623,3,The product met my expectations.,Customer Service,Neutral,2023-09-12,2023,September
7530168,3860678807,65488134,3,Taste was not as expected.,Product Quality,Negative,2023-04-19,2023,April
7380675,3603683788,31026200,2,Not worth the price I paid.,App Experience,Negative,2023-08-18,2023,August
7811951,4472082279,41181125,1,Very disappointed with the quality.,Customer Service,Negative,2023-10-15,2023,October
5026119,4104732514,35156679,2,Very disappointed with the quality.,Delivery,Negative,2024-06-13,2024,June
4561073,9050314096,75510747,4,The product met my expectations.,Delivery,Neutral,2023-05-26,2023,May
3872293,9296105870,77614510,5,Very happy with the service!,App Experience,Positive,2024-02-21,2024,February
8563881,4678456188,21701991,4,"Average experience, could improve.",Product Quality,Neutral,2023-12-12,2023,December
3130596,812386333,72605638,1,Not worth the price I paid.,Customer Service,Negative,2024-09-18,2024,September
7843030,8100314462,15345667,4,Very happy with the service!,App Experience,Positive,2024-10-02,2024,October
1901103,781509952,41878908,4,Very fresh and well-packaged.,Product Quality,Positive,2023-02-04,2023,February
1658451,1918416669,99695529,4,"Delivery was fine, but the product could be better.",Product Quality,Neutral,2023-08-05,2023,August
8298665,1152165724,90448312,4,"Delivery was fine, but the product could be better.",Customer Service,Neutral,2024-04-01,2024,April
8638304,9664390656,16420489,1,Delivery was late and I was unhappy.,Product Quality,Negative,2023-09-08,2023,September
5156455,2686950796,22081691,3,The order was incorrect.,Product Quality,Negative,2023-05-15,2023,May
2116433,7332801173,89472859,4,"It was okay, nothing special.",Delivery,Neutral,2023-12-06,2023,December
389061,3503438244,24745800,2,Very disappointed with the quality.,App Experience,Negative,2024-02-14,2024,February
5368561,4044591373,65782437,4,"It was okay, nothing special.",Product Quality,Neutral,2024-04-19,2024,April
7366021,7817195618,40703374,4,Very fresh and well-packaged.,App Experience,Positive,2023-05-17,2023,May
5745866,8974710941,96109948,5,Will definitely order again.,Delivery,Positive,2024-03-09,2024,March
9229673,2811268404,98691989,4,"Excellent quality, will buy again!",App Experience,Positive,2023-07-21,2023,July
5527888,7251548462,8955057,3,"Nothing to complain about, but nothing exceptional.",Product Quality,Neutral,2024-07-07,2024,July
4375030,352037003,47955004,3,Customer service was not helpful.,Customer Service,Negative,2024-01-28,2024,January
1368414,8510312737,89361574,4,Customer service was very helpful.,App Experience,Positive,2024-06-03,2024,June
8551149,3242700095,84468124,1,Taste was not as expected.,Customer Service,Negative,2024-10-14,2024,October
6020689,5833898647,18256339,4,"Average experience, could improve.",Product Quality,Neutral,2023-09-10,2023,September
7972447,7212771842,80315623,4,The product met my expectations.,App Experience,Neutral,2023-04-29,2023,April
7921775,7799757050,19556566,3,The packaging was poor.,Product Quality,Negative,2024-05-31,2024,May
468811,9593303695,22054087,3,"Nothing to complain about, but nothing exceptional.",Product Quality,Neutral,2023-05-07,2023,May
9627690,7709693536,59353207,5,Items were in perfect condition.,Product Quality,Positive,2023-05-09,2023,May
6398538,5092922964,92123198,3,"It was okay, nothing special.",Customer Service,Neutral,2023-11-22,2023,November
8655854,8318806722,67696145,1,The packaging was poor.,Delivery,Negative,2024-07-25,2024,July
7089200,4352870279,60620291,4,"Average experience, could improve.",App Experience,Neutral,2024-07-23,2024,July
4151824,6722040962,83412446,4,Will definitely order again.,Product Quality,Positive,2023-11-14,2023,November
3496086,1690831615,20625627,4,Items were in perfect condition.,Product Quality,Positive,2023-05-25,2023,May
9644547,6475689021,16341776,3,Delivery was late and I was unhappy.,Product Quality,Negative,2023-05-20,2023,May
4666307,8361280131,28280172,5,Highly recommended!,App Experience,Positive,2024-09-21,2024,September
4612938,2664549359,90586443,4,The product met my expectations.,App Experience,Neutral,2024-06-17,2024,June
4641545,9510912773,9274874,4,"It was okay, nothing special.",Delivery,Neutral,2023-07-05,2023,July
3524865,3654462337,35826539,3,"Nothing to complain about, but nothing exceptional.",Customer Service,Neutral,2023-09-23,2023,September
4001289,2308652017,54877984,3,"Delivery was fine, but the product could be better.",Product Quality,Neutral,2023-08-08,2023,August
2023749,8300200841,58214883,5,"Excellent quality, will buy again!",Delivery,Positive,2024-03-15,2024,March
692930,5027243163,85072416,4,Great prices and fast delivery!,Customer Service,Positive,2024-03-19,2024,March
3700214,713290065,42227189,3,The product met my expectations.,Product Quality,Neutral,2023-05-11,2023,May
6873205,2006434350,20956158,1,The order was incorrect.,Customer Service,Negative,2023-06-24,2023,June
2801282,6587221270,20496835,4,"Delivery was fine, but the product could be better.",Customer Service,Neutral,2023-12-23,2023,December
2922682,969705468,25447967,3,"Average experience, could improve.",Customer Service,Neutral,2024-06-01,2024,June
9254576,4492000627,63262519,2,Not worth the price I paid.,Delivery,Negative,2023-05-30,2023,May
9500538,977290328,14428954,4,Items were in perfect condition.,App Experience,Positive,2023-12-14,2023,December
6167610,8735245723,33331259,3,The packaging was poor.,Delivery,Negative,2023-04-07,2023,April
8006370,6299539090,80796977,3,"Nothing to complain about, but nothing exceptional.",Product Quality,Neutral,2024-08-30,2024,August
6053522,2177211652,15808945,4,Will definitely order again.,Customer Service,Positive,2023-06-29,2023,June
1785493,8972569491,72366758,5,"Excellent quality, will buy again!",Product Quality,Positive,2023-11-26,2023,November
464677,7658414712,54216497,4,Will definitely order again.,Product Quality,Positive,2023-09-14,2023,September
1918439,2069355540,98540377,3,The product met my expectations.,Delivery,Neutral,2024-07-27,2024,July
8802412,4084790776,75674671,4,"Overall good experience, thank you!",Customer Service,Positive,2024-09-09,2024,September
5176427,8716008121,38613642,5,Will definitely order again.,Customer Service,Positive,2023-12-21,2023,December
1239498,9781965606,8164639,4,"It was okay, nothing special.",Delivery,Neutral,2023-12-07,2023,December
7800873,8380133046,40392019,5,Customer service was very helpful.,Customer Service,Positive,2024-05-02,2024,May
6796400,691827543,6637282,4,The product met my expectations.,Delivery,Neutral,2023-04-15,2023,April
354518,5750245858,41146001,3,"Nothing to complain about, but nothing exceptional.",App Experience,Neutral,2023-07-04,2023,July
5554126,1578150657,32054313,2,The order was incorrect.,Delivery,Negative,2024-10-16,2024,October
3128991,9069556587,41811800,3,Delivery was late and I was unhappy.,Customer Service,Negative,2024-02-29,2024,February
9903239,8396347551,36737539,4,"It was okay, nothing special.",App Experience,Neutral,2023-09-30,2023,September
370245,6083487488,11143197,5,"Excellent quality, will buy again!",Delivery,Positive,2024-11-03,2024,November
1546968,3191281184,67538982,3,"Delivery was fine, but the product could be better.",Delivery,Neutral,2023-01-07,2023,January
9781923,6397409024,12059049,2,The packaging was poor.,App Experience,Negative,2024-03-01,2024,March
8630714,9021529086,12272282,5,Customer service was very helpful.,Delivery,Positive,2024-03-16,2024,March
504583,8214544415,56780331,4,Customer service was very helpful.,App Experience,Positive,2023-12-28,2023,December
8466799,8569302709,7378768,3,"Nothing to complain about, but nothing exceptional.",Delivery,Neutral,2023-07-10,2023,July
3041233,2219192870,41155125,3,"It was okay, nothing special.",App Experience,Neutral,2024-01-18,2024,January
6743481,8537081061,57956497,2,Delivery was late and I was unhappy.,App Experience,Negative,2023-08-16,2023,August
3148056,9284683425,30755306,3,"Nothing to complain about, but nothing exceptional.",Product Quality,Neutral,2024-05-16,2024,May
4099835,9774193601,19523014,4,"Overall good experience, thank you!",Customer Service,Positive,2023-05-30,2023,May
5037560,7496826261,21658322,4,"Average experience, could improve.",Customer Service,Neutral,2023-11-17,2023,November
4292385,1058749075,51592174,4,Will definitely order again.,Delivery,Positive,2023-08-26,2023,August
2753841,7128038799,6724509,3,"Delivery was fine, but the product could be better.",Product Quality,Neutral,2024-10-03,2024,October
7657807,3596318350,59398136,3,The product met my expectations.,Customer Service,Neutral,2024-10-13,2024,October
3303179,3187042843,8651281,1,Delivery was late and I was unhappy.,Product Quality,Negative,2024-01-01,2024,January
9863955,4673500573,59620534,4,"Nothing to complain about, but nothing exceptional.",App Experience,Neutral,2023-10-15,2023,October
7174582,881900445,34567918,1,Taste was not as expected.,Customer Service,Negative,2024-06-08,2024,June
3361006,9874112459,12799092,4,"Delivery was fine, but the product could be better.",Delivery,Neutral,2024-09-26,2024,September
1916401,4531430634,32585389,4,Highly recommended!,App Experience,Positive,2023-05-17,2023,May
6334835,6715699166,76987910,4,"Delivery was fine, but the product could be better.",Customer Service,Neutral,2023-01-08,2023,January
594056,4171748538,63083547,3,The product met my expectations.,App Experience,Neutral,2023-06-07,2023,June
9923099,4093115982,10508763,3,Customer service was not helpful.,Delivery,Negative,2023-05-24,2023,May
1115275,2515279840,21573815,2,Customer service was not helpful.,Customer Service,Negative,2023-12-24,2023,December
6514172,4981424948,79628054,4,Items were in perfect condition.,App Experience,Positive,2024-10-13,2024,October
300180,1911064507,40055711,2,The packaging was poor.,App Experience,Negative,2024-02-27,2024,February
9205336,6438392384,29562072,5,Customer service was very helpful.,Delivery,Positive,2024-09-14,2024,September
6844442,5859840400,5754255,2,Delivery was late and I was unhappy.,Product Quality,Negative,2023-10-21,2023,October
1911500,7640576778,83236183,2,Product was damaged during delivery.,Product Quality,Negative,2024-02-13,2024,February
8415630,5453475937,1719710,2,Delivery was late and I was unhappy.,App Experience,Negative,2023-09-18,2023,September
8056248,653610300,78394303,5,Very fresh and well-packaged.,Product Quality,Positive,2023-04-24,2023,April
4063738,730299055,16400639,5,"Overall good experience, thank you!",Delivery,Positive,2024-10-21,2024,October
1291061,8396250231,46088132,3,"Nothing to complain about, but nothing exceptional.",App Experience,Neutral,2024-02-26,2024,February
1731468,8556969682,48228547,3,The product met my expectations.,Delivery,Neutral,2023-05-21,2023,May
1138089,7159670875,37691544,3,Very disappointed with the quality.,Product Quality,Negative,2024-06-22,2024,June
4648412,4922278509,76533277,2,Product was damaged during delivery.,Delivery,Negative,2023-05-31,2023,May
3659354,8151274002,91550885,4,"Excellent quality, will buy again!",Customer Service,Positive,2024-06-15,2024,June
9976933,5373978100,82179338,3,The product met my expectations.,Product Quality,Neutral,2024-01-16,2024,January
448415,6210207010,1601161,3,Not worth the price I paid.,App Experience,Negative,2023-06-27,2023,June
8117237,1837403174,84993732,4,Very fresh and well-packaged.,Delivery,Positive,2023-03-05,2023,March
8075991,1148265823,21809858,2,Not worth the price I paid.,Product Quality,Negative,2024-10-29,2024,October
9421301,8472487149,74761384,2,Not worth the price I paid.,Product Quality,Negative,2024-12-02,2024,December
6447756,9111535172,9274874,2,Delivery was late and I was unhappy.,Delivery,Negative,2024-08-05,2024,August
5072671,6558001978,88520326,3,Taste was not as expected.,Product Quality,Negative,2024-02-19,2024,February
4685732,2762095386,84066402,4,The product met my expectations.,Customer Service,Neutral,2024-11-08,2024,November
7056145,2406325099,31718565,3,Not worth the price I paid.,Product Quality,Negative,2023-11-13,2023,November
213014,4274182127,22020776,2,The packaging was poor.,Customer Service,Negative,2024-09-26,2024,September
1258811,7271609994,11616535,4,"Average experience, could improve.",Product Quality,Neutral,2023-04-25,2023,April
159506,9182539734,66359719,4,Will definitely order again.,App Experience,Positive,2023-06-07,2023,June
3252378,7891517071,78412820,3,I had a bad experience.,Customer Service,Negative,2024-01-31,2024,January
366447,3666182849,63793401,2,The order was incorrect.,App Experience,Negative,2024-03-11,2024,March
6505330,8724590445,10729474,5,Great prices and fast delivery!,Delivery,Positive,2023-02-06,2023,February
8235376,7919863938,4378755,3,"It was okay, nothing special.",Delivery,Neutral,2024-08-29,2024,August
6827705,3545539999,49449238,2,The packaging was poor.,Delivery,Negative,2024-08-01,2024,August
4991618,7463392603,46684081,3,"Delivery was fine, but the product could be better.",Delivery,Neutral,2024-11-02,2024,November
3704966,7296733293,86715467,2,The packaging was poor.,Delivery,Negative,2024-09-02,2024,September
1237573,7118924734,66310963,3,Delivery was late and I was unhappy.,Product Quality,Negative,2023-10-10,2023,October
2527674,2529809156,71905368,5,"Excellent quality, will buy again!",Customer Service,Positive,2024-05-21,2024,May
9973525,2216699744,5540556,4,"Average experience, could improve.",Product Quality,Neutral,2024-06-14,2024,June
8129369,8257221712,5277675,5,Very fresh and well-packaged.,Product Quality,Positive,2023-07-10,2023,July
3962544,1357352531,9246851,4,"Average experience, could improve.",App Experience,Neutral,2023-07-06,2023,July
6722799,2108138590,67918495,4,Customer service was very helpful.,App Experience,Positive,2023-08-11,2023,August
34461,5648212121,37633848,5,Very fresh and well-packaged.,Customer Service,Positive,2023-12-28,2023,December
4859911,3951878528,28458746,1,Product was damaged during delivery.,Product Quality,Negative,2023-12-23,2023,December
9992700,8310385249,97315135,1,Delivery was late and I was unhappy.,App Experience,Negative,2023-07-29,2023,July
690686,7513562596,88130777,4,Items were in perfect condition.,App Experience,Positive,2024-05-07,2024,May
3778250,6304586678,38496400,1,The packaging was poor.,Delivery,Negative,2023-09-25,2023,September
7209678,5222812863,65294340,4,"Average experience, could improve.",Product Quality,Neutral,2024-11-04,2024,November
7388719,5393039591,40419593,5,Great prices and fast delivery!,Delivery,Positive,2024-04-10,2024,April
4160534,6708586922,91072336,3,I had a bad experience.,Customer Service,Negative,2024-05-23,2024,May
7152755,3177552965,99231937,5,Will definitely order again.,Delivery,Positive,2024-05-17,2024,May
9649271,607125614,55425478,4,"Nothing to complain about, but nothing exceptional.",Product Quality,Neutral,2024-06-05,2024,June
742663,139417019,75566105,3,"Nothing to complain about, but nothing exceptional.",Product Quality,Neutral,2023-09-07,2023,September
4662364,1893231742,51661209,4,Customer service was very helpful.,Product Quality,Positive,2024-10-19,2024,October
8255141,3580010065,95590889,4,"It was okay, nothing special.",App Experience,Neutral,2023-09-05,2023,September
4983782,962319394,44723662,4,Good selection of products.,Product Quality,Positive,2023-08-22,2023,August
575544,8321726382,82918668,4,"Delivery was fine, but the product could be better.",Delivery,Neutral,2023-04-15,2023,April
8960609,1485682761,70363568,5,"Excellent quality, will buy again!",App Experience,Positive,2023-03-10,2023,March
5558165,5008756947,73661993,2,Items were missing from my order.,Customer Service,Negative,2023-08-26,2023,August
1048884,1334996274,11493380,5,Very happy with the service!,Customer Service,Positive,2023-10-07,2023,October
7067800,2914506024,31940833,2,Not worth the price I paid.,App Experience,Negative,2024-02-27,2024,February
761117,8811831663,74682740,1,Very disappointed with the quality.,Product Quality,Negative,2023-11-04,2023,November
5244358,875427533,10686446,2,I had a bad experience.,Product Quality,Negative,2024-03-27,2024,March
8137045,5865390748,30042971,4,Customer service was very helpful.,Customer Service,Positive,2024-01-10,2024,January
6435438,4054828941,99893898,4,Great prices and fast delivery!,Delivery,Positive,2023-12-15,2023,December
8875864,1257568604,9981089,3,Items were missing from my order.,Customer Service,Negative,2023-09-28,2023,September
1412833,2738862626,56572297,3,Not worth the price I paid.,Product Quality,Negative,2024-01-21,2024,January
2758940,7352532839,9738801,5,Highly recommended!,Customer Service,Positive,2024-02-28,2024,February
3304191,520221662,53025962,3,The product met my expectations.,Customer Service,Neutral,2023-07-20,2023,July
1712978,7818925535,45477575,1,Delivery was late and I was unhappy.,Product Quality,Negative,2023-02-11,2023,February
8125071,3476023750,43990799,4,"Overall good experience, thank you!",Delivery,Positive,2023-02-06,2023,February
845334,8945838922,13415362,1,Taste was not as expected.,Product Quality,Negative,2023-05-22,2023,May
3701717,2233053313,15830066,3,"It was okay, nothing special.",Customer Service,Neutral,2023-10-14,2023,October
757618,1844073851,38808614,2,The order was incorrect.,App Experience,Negative,2024-06-02,2024,June
4257584,8348125769,29584848,4,Very fresh and well-packaged.,Product Quality,Positive,2023-08-12,2023,August
7052070,8475818223,12832151,3,"Average experience, could improve.",App Experience,Neutral,2023-11-16,2023,November
6870274,4270941188,47274329,2,The order was incorrect.,Product Quality,Negative,2024-01-13,2024,January
3727954,2611200126,91448742,2,Very disappointed with the quality.,App Experience,Negative,2024-12-05,2024,December
3997315,8573833987,12988801,4,Highly recommended!,App Experience,Positive,2024-11-02,2024,November
5337734,2979246068,61763552,3,"Average experience, could improve.",Delivery,Neutral,2024-02-23,2024,February
6363264,6779895105,64535602,5,Items were in perfect condition.,Delivery,Positive,2024-10-09,2024,October
8520319,1731478314,67215939,1,Taste was not as expected.,App Experience,Negative,2024-07-30,2024,July
4262892,3692405872,41878908,3,The product met my expectations.,App Experience,Neutral,2023-07-31,2023,July
3747956,8853713324,58505903,4,"Delivery was fine, but the product could be better.",App Experience,Neutral,2023-07-08,2023,July
7296724,979766779,57081917,1,Items were missing from my order.,Product Quality,Negative,2024-04-23,2024,April
1074209,5709672475,16543242,2,Delivery was late and I was unhappy.,Delivery,Negative,2023-08-14,2023,August
893849,3855709201,13651980,4,Customer service was very helpful.,Product Quality,Positive,2024-04-23,2024,April
4802760,6861065282,57523973,4,"It was okay, nothing special.",Customer Service,Neutral,2023-08-18,2023,August
3009937,7919724613,81200164,4,"It was okay, nothing special.",Delivery,Neutral,2023-03-21,2023,March
9788368,7882742057,32293017,4,Will definitely order again.,Delivery,Positive,2024-07-26,2024,July
5305725,1929002406,67538982,3,Customer service was not helpful.,Delivery,Negative,2023-12-25,2023,December
7451512,2458349464,99714944,2,Product was damaged during delivery.,Product Quality,Negative,2023-06-04,2023,June
9854529,6608328221,76020843,4,"Overall good experience, thank you!",Product Quality,Positive,2023-04-07,2023,April
3346882,7736615348,84161531,1,Items were missing from my order.,Product Quality,Negative,2023-06-12,2023,June
3891353,2591738507,14705462,3,"It was okay, nothing special.",Product Quality,Neutral,2024-10-31,2024,October
9391824,6751537971,98444183,4,Great prices and fast delivery!,Customer Service,Positive,2024-07-19,2024,July
4726161,9768154003,88045094,5,Great prices and fast delivery!,Delivery,Positive,2024-01-23,2024,January
2605479,5887288860,40587811,4,"Nothing to complain about, but nothing exceptional.",Delivery,Neutral,2024-01-03,2024,January
11775,3559865135,66310963,3,Not worth the price I paid.,Product Quality,Negative,2024-07-01,2024,July
3315280,209044447,2058037,4,Highly recommended!,Delivery,Positive,2024-05-10,2024,May
2659782,9643668734,34835738,5,Will definitely order again.,Delivery,Positive,2024-05-18,2024,May
6577644,6115465612,12338529,3,The product met my expectations.,App Experience,Neutral,2023-09-28,2023,September
4754761,8493723088,20238921,3,"Average experience, could improve.",App Experience,Neutral,2023-12-30,2023,December
4599227,6392024503,75640174,4,Great prices and fast delivery!,Product Quality,Positive,2023-05-09,2023,May
9877538,9863468109,73363613,4,Items were in perfect condition.,Delivery,Positive,2024-01-28,2024,January
2263184,5448628635,21658322,4,Great prices and fast delivery!,Customer Service,Positive,2023-07-05,2023,July
1837680,3329455953,31371112,1,The order was incorrect.,Delivery,Negative,2024-01-03,2024,January
6245342,3584190892,60974181,4,The product met my expectations.,Product Quality,Neutral,2023-10-17,2023,October
8788075,9097056321,16424635,5,Very fresh and well-packaged.,Product Quality,Positive,2024-08-04,2024,August
3308874,525741957,88866835,4,"Overall good experience, thank you!",Customer Service,Positive,2023-03-05,2023,March
8957885,5387395051,37095171,3,"Average experience, could improve.",Delivery,Neutral,2024-09-18,2024,September
3914733,6799246060,6245778,1,Delivery was late and I was unhappy.,Delivery,Negative,2023-06-11,2023,June
3661083,8986314607,11047835,4,Very happy with the service!,Customer Service,Positive,2024-08-30,2024,August
6955323,1085912198,93198324,3,"Delivery was fine, but the product could be better.",Delivery,Neutral,2023-03-21,2023,March
7227618,3423328091,18935489,5,Very happy with the service!,Customer Service,Positive,2023-09-24,2023,September
5610048,9848366909,34281470,3,Delivery was late and I was unhappy.,App Experience,Negative,2023-06-11,2023,June
9868870,936021770,79960955,4,"Overall good experience, thank you!",Product Quality,Positive,2024-02-02,2024,February
4636716,8916215165,49806393,5,Items were in perfect condition.,App Experience,Positive,2023-08-08,2023,August
8687194,389558867,8375298,4,Good selection of products.,Delivery,Positive,2023-12-09,2023,December
3369873,7616883530,16410155,4,"Delivery was fine, but the product could be better.",Customer Service,Neutral,2023-05-09,2023,May
420964,3851744248,61763552,4,"Average experience, could improve.",Product Quality,Neutral,2023-04-30,2023,April
928265,4953665655,14428954,2,I had a bad experience.,Product Quality,Negative,2024-01-16,2024,January
868833,962864152,24357425,4,"Nothing to complain about, but nothing exceptional.",Customer Service,Neutral,2024-07-19,2024,July
6176674,923668833,47125914,3,Very disappointed with the quality.,Customer Service,Negative,2023-12-05,2023,December
1682591,4022122330,33871107,3,The product met my expectations.,App Experience,Neutral,2023-04-12,2023,April
2530174,4564846800,79764458,2,Very disappointed with the quality.,App Experience,Negative,2023-10-08,2023,October
7393708,690652905,75289676,5,Will definitely order again.,Product Quality,Positive,2024-04-24,2024,April
167681,716741661,43052303,1,Very disappointed with the quality.,Customer Service,Negative,2024-10-15,2024,October
1179714,6575532281,44149982,2,I had a bad experience.,Product Quality,Negative,2024-03-25,2024,March
3503160,7486807731,71189232,4,"It was okay, nothing special.",Product Quality,Neutral,2023-12-13,2023,December
4831768,9721870982,79919160,2,The order was incorrect.,Delivery,Negative,2023-12-11,2023,December
2183083,8105823343,16400639,5,Great prices and fast delivery!,App Experience,Positive,2023-10-15,2023,October
3862964,7113554979,19180962,4,"Nothing to complain about, but nothing exceptional.",Delivery,Neutral,2023-11-27,2023,November
4843196,507373134,95269737,2,I had a bad experience.,App Experience,Negative,2024-10-23,2024,October
3289580,4674132573,98444183,5,Items were in perfect condition.,Delivery,Positive,2024-10-21,2024,October
575033,487395969,93924203,4,"Delivery was fine, but the product could be better.",Product Quality,Neutral,2023-12-13,2023,December
5246542,3962007460,93458307,3,Not worth the price I paid.,Delivery,Negative,2024-07-31,2024,July
6616924,2272882287,25641500,5,"Overall good experience, thank you!",Product Quality,Positive,2024-12-07,2024,December
8269913,4426246696,88923048,5,Very fresh and well-packaged.,Customer Service,Positive,2023-11-22,2023,November
3734391,1714709914,86067293,4,Very fresh and well-packaged.,Customer Service,Positive,2024-10-09,2024,October
1014391,3159133564,81541985,4,"It was okay, nothing special.",Delivery,Neutral,2023-05-08,2023,May
2564356,4531739740,98088303,5,Good selection of products.,Product Quality,Positive,2024-06-24,2024,June
7763704,3158981349,92038780,3,Taste was not as expected.,Customer Service,Negative,2023-10-25,2023,October
2919734,1789010378,81533356,1,Very disappointed with the quality.,Customer Service,Negative,2023-07-28,2023,July
3780969,705203916,58929595,4,"It was okay, nothing special.",Product Quality,Neutral,2024-04-08,2024,April
6408703,7255510932,62526813,1,I had a bad experience.,App Experience,Negative,2024-06-08,2024,June
2935962,1991167685,37309023,5,Very fresh and well-packaged.,Product Quality,Positive,2024-02-03,2024,February
1549671,5103721089,5135207,4,"Delivery was fine, but the product could be better.",App Experience,Neutral,2023-08-21,2023,August
2388405,9674006557,60561655,3,The product met my expectations.,Customer Service,Neutral,2023-02-05,2023,February
1793007,1073466441,42465414,4,Customer service was very helpful.,Delivery,Positive,2023-05-30,2023,May
923237,5407006470,95364457,5,Highly recommended!,Delivery,Positive,2024-05-24,2024,May
7369154,747347782,6398761,4,The product met my expectations.,App Experience,Neutral,2023-04-25,2023,April
6114974,8554063149,5039883,4,Good selection of products.,Delivery,Positive,2024-09-06,2024,September
5490153,4855215470,21573815,4,"Excellent quality, will buy again!",Product Quality,Positive,2024-03-31,2024,March
1456894,5008998072,26245432,5,Will definitely order again.,Delivery,Positive,2024-05-01,2024,May
9461028,9696466906,40434527,4,Highly recommended!,Customer Service,Positive,2024-01-05,2024,January
2773115,7189534591,6291143,5,Will definitely order again.,Delivery,Positive,2023-08-18,2023,August
4650840,9965941354,82286725,4,Very fresh and well-packaged.,App Experience,Positive,2023-11-13,2023,November
3169183,1275232752,83304571,2,Not worth the price I paid.,Product Quality,Negative,2023-08-24,2023,August
11897,343479370,5043760,4,"Overall good experience, thank you!",Delivery,Positive,2024-03-05,2024,March
461007,2485933387,21573815,3,Product was damaged during delivery.,Product Quality,Negative,2024-10-07,2024,October
8972406,6735843326,52085702,4,"Delivery was fine, but the product could be better.",Delivery,Neutral,2024-10-24,2024,October
1091412,6384313098,47295676,2,Items were missing from my order.,Delivery,Negative,2023-07-12,2023,July
334378,1022032613,59436131,4,"Overall good experience, thank you!",Customer Service,Positive,2023-10-12,2023,October
4627394,8026892264,93341057,3,"It was okay, nothing special.",Customer Service,Neutral,2023-09-24,2023,September
4238083,7158825499,63571453,4,"Overall good experience, thank you!",Product Quality,Positive,2024-04-14,2024,April
7763140,5327013494,89418072,5,Items were in perfect condition.,Product Quality,Positive,2024-04-18,2024,April
7546504,1002526452,97475543,4,"Average experience, could improve.",Delivery,Neutral,2023-07-31,2023,July
4674903,4650525854,71694275,2,Items were missing from my order.,Delivery,Negative,2024-01-17,2024,January
1777784,6260291784,75038062,4,"Delivery was fine, but the product could be better.",Customer Service,Neutral,2024-08-07,2024,August
8011393,1884314278,15534747,1,The packaging was poor.,Product Quality,Negative,2023-09-16,2023,September
3534065,7074219396,36737539,2,The order was incorrect.,Customer Service,Negative,2024-04-05,2024,April
5328212,807183459,76212152,3,Not worth the price I paid.,Product Quality,Negative,2023-05-09,2023,May
859913,598539940,76970363,4,Customer service was very helpful.,App Experience,Positive,2023-07-28,2023,July
5970320,427702490,71607166,3,The product met my expectations.,Customer Service,Neutral,2024-01-20,2024,January
5596356,955844536,4597433,4,"Average experience, could improve.",Customer Service,Neutral,2023-03-29,2023,March
8361916,5397640599,2684440,4,"Average experience, could improve.",Delivery,Neutral,2024-05-24,2024,May
5412614,3451246886,36774480,3,Items were missing from my order.,Delivery,Negative,2024-05-22,2024,May
3170339,8487733248,12500465,4,Very fresh and well-packaged.,Product Quality,Positive,2023-04-26,2023,April
5452763,2921621434,41194825,3,"Average experience, could improve.",Product Quality,Neutral,2023-08-17,2023,August
6568431,4757133884,34655710,4,"Average experience, could improve.",App Experience,Neutral,2024-03-08,2024,March
2361738,1793847102,93563435,3,Delivery was late and I was unhappy.,Customer Service,Negative,2024-09-09,2024,September
1940763,6197760573,5763963,3,Customer service was not helpful.,App Experience,Negative,2023-03-27,2023,March
7379069,6818660907,38420886,5,"Excellent quality, will buy again!",Product Quality,Positive,2024-10-07,2024,October
359951,7807587130,74174956,3,Delivery was late and I was unhappy.,Customer Service,Negative,2023-11-12,2023,November
6152739,4540563647,79257353,3,The order was incorrect.,Customer Service,Negative,2023-05-14,2023,May
4863022,2480913332,95912198,4,"Average experience, could improve.",Customer Service,Neutral,2023-10-16,2023,October
2747752,5735481292,85907588,3,"Average experience, could improve.",Customer Service,Neutral,2024-06-18,2024,June
7554516,7112326373,46848302,3,"It was okay, nothing special.",Product Quality,Neutral,2023-05-13,2023,May
3096885,614274161,10240052,5,"Overall good experience, thank you!",Delivery,Positive,2023-09-27,2023,September
3813104,5512258335,1469696,4,"Delivery was fine, but the product could be better.",Customer Service,Neutral,2024-03-23,2024,March
1298809,1214757247,46675763,3,The product met my expectations.,Delivery,Neutral,2023-06-09,2023,June
9701998,4211686231,66354642,2,Items were missing from my order.,Product Quality,Negative,2023-09-06,2023,September
1907446,5288088590,9314637,5,Very fresh and well-packaged.,Customer Service,Positive,2023-12-22,2023,December
4032465,1193525681,60399360,3,"Delivery was fine, but the product could be better.",Product Quality,Neutral,2024-09-17,2024,September
7866548,5132095929,96373206,4,Great prices and fast delivery!,Delivery,Positive,2024-06-29,2024,June
4846712,7703144556,31328762,4,"Nothing to complain about, but nothing exceptional.",App Experience,Neutral,2023-12-21,2023,December
2144837,6786199145,21701991,5,Will definitely order again.,Delivery,Positive,2024-04-09,2024,April
4529790,2463627380,24644542,3,"Nothing to complain about, but nothing exceptional.",Delivery,Neutral,2024-03-08,2024,March
9050289,6331115638,99729547,4,"Nothing to complain about, but nothing exceptional.",Customer Service,Neutral,2023-07-15,2023,July
7477218,9212312136,6959437,1,Customer service was not helpful.,App Experience,Negative,2023-06-12,2023,June
1878165,6788500162,48033969,4,"Nothing to complain about, but nothing exceptional.",Delivery,Neutral,2024-10-07,2024,October
6191989,2166421384,85218071,4,"It was okay, nothing special.",App Experience,Neutral,2024-05-18,2024,May
3252509,2744509800,69276352,2,The packaging was poor.,Delivery,Negative,2023-08-31,2023,August
3096809,8806260669,15631726,3,"It was okay, nothing special.",Product Quality,Neutral,2023-10-17,2023,October
5564277,7773287963,93563435,4,Highly recommended!,Delivery,Positive,2023-03-22,2023,March
129950,8153845667,30192942,1,Product was damaged during delivery.,Customer Service,Negative,2024-09-08,2024,September
4300963,8345887091,54145987,4,"It was okay, nothing special.",Product Quality,Neutral,2024-10-13,2024,October
6140938,6638429050,75739462,1,Taste was not as expected.,Product Quality,Negative,2024-09-18,2024,September
6124739,4132900691,42262168,4,"It was okay, nothing special.",Product Quality,Neutral,2024-11-09,2024,November
4610920,2119346062,18259715,4,"Average experience, could improve.",Customer Service,Neutral,2023-03-07,2023,March
1176001,689310626,69416782,2,Very disappointed with the quality.,Delivery,Negative,2024-01-10,2024,January
5094948,9246993674,21701991,5,Good selection of products.,Product Quality,Positive,2023-10-11,2023,October
5116156,2282234185,94706375,3,Taste was not as expected.,Product Quality,Negative,2024-07-14,2024,July
2136690,9697170386,48776805,1,Items were missing from my order.,Customer Service,Negative,2024-07-10,2024,July
2224152,6376147802,60495351,4,"Nothing to complain about, but nothing exceptional.",Customer Service,Neutral,2024-07-16,2024,July
4732060,7415158732,30192942,2,I had a bad experience.,Delivery,Negative,2024-05-01,2024,May
1782995,343300311,37095171,4,"Overall good experience, thank you!",Product Quality,Positive,2024-04-08,2024,April
6817054,3922539531,10048910,4,"Delivery was fine, but the product could be better.",Delivery,Neutral,2024-09-24,2024,September
7585732,7634516705,2058037,3,"It was okay, nothing special.",Customer Service,Neutral,2023-10-15,2023,October
8858288,8731122718,50572914,4,"Nothing to complain about, but nothing exceptional.",Product Quality,Neutral,2023-04-23,2023,April
1024170,9471236505,5540556,4,Items were in perfect condition.,Customer Service,Positive,2024-05-10,2024,May
855787,9497014025,79764458,4,"Delivery was fine, but the product could be better.",Customer Service,Neutral,2024-03-11,2024,March
1158659,592358946,54952806,1,The order was incorrect.,Delivery,Negative,2024-08-22,2024,August
9277195,9680783354,20517871,3,The product met my expectations.,Product Quality,Neutral,2023-09-04,2023,September
6123876,6109792602,20148223,1,Delivery was late and I was unhappy.,Delivery,Negative,2023-09-13,2023,September
1035924,2734817654,6184558,3,The product met my expectations.,Delivery,Neutral,2023-12-04,2023,December
8794154,6380542008,76917159,5,Very happy with the service!,App Experience,Positive,2023-08-06,2023,August
5709899,4784760589,97111069,3,Very disappointed with the quality.,Customer Service,Negative,2024-03-21,2024,March
8273824,1577703194,25641500,1,Not worth the price I paid.,Delivery,Negative,2024-04-28,2024,April
3489528,6758737749,70363568,3,Very disappointed with the quality.,Product Quality,Negative,2023-10-26,2023,October
2031091,4081640450,97557157,5,"Excellent quality, will buy again!",Product Quality,Positive,2024-03-16,2024,March
6544224,9258266990,76512976,3,Items were missing from my order.,Delivery,Negative,2024-03-31,2024,March
5359859,2109410707,19741509,5,"Overall good experience, thank you!",App Experience,Positive,2024-07-08,2024,July
3219602,576022547,31681710,4,Items were in perfect condition.,Product Quality,Positive,2024-07-04,2024,July
9033033,2106943908,27604184,4,"Average experience, could improve.",App Experience,Neutral,2024-01-28,2024,January
3598465,6541281594,51812283,4,"Nothing to complain about, but nothing exceptional.",Product Quality,Neutral,2023-11-18,2023,November
176838,2664220988,92091019,2,Delivery was late and I was unhappy.,Delivery,Negative,2023-05-05,2023,May
5873248,493514666,12141418,3,I had a bad experience.,Customer Service,Negative,2023-11-20,2023,November
9701188,9658669384,29664214,3,"Delivery was fine, but the product could be better.",Delivery,Neutral,2023-06-09,2023,June
5545179,8765283513,21461764,5,Good selection of products.,App Experience,Positive,2024-02-23,2024,February
9165530,6421427812,21948041,4,"It was okay, nothing special.",Product Quality,Neutral,2023-05-10,2023,May
6954818,4467093205,8025622,3,Very disappointed with the quality.,App Experience,Negative,2023-10-24,2023,October
4365257,7560862152,34755436,4,Very happy with the service!,Customer Service,Positive,2023-04-15,2023,April
4081612,8218080678,53538932,4,Very happy with the service!,Customer Service,Positive,2024-04-05,2024,April
8701560,8196173573,59110513,3,"Nothing to complain about, but nothing exceptional.",Product Quality,Neutral,2024-07-17,2024,July
8391214,1174856327,10855630,1,Not worth the price I paid.,Delivery,Negative,2024-06-16,2024,June
8430998,9754365788,17805991,5,Items were in perfect condition.,Customer Service,Positive,2023-02-12,2023,February
3924102,8398774908,90448312,3,Delivery was late and I was unhappy.,Product Quality,Negative,2024-02-26,2024,February
4886279,626433439,41640262,1,Delivery was late and I was unhappy.,Product Quality,Negative,2024-02-17,2024,February
5569401,3097299525,80862136,3,The product met my expectations.,Customer Service,Neutral,2023-12-10,2023,December
9118685,5367488413,18113428,1,Product was damaged during delivery.,Delivery,Negative,2023-12-12,2023,December
7430182,3700795655,47515046,5,Very fresh and well-packaged.,Customer Service,Positive,2023-10-06,2023,October
8716075,3161904185,82374625,3,I had a bad experience.,Product Quality,Negative,2024-01-13,2024,January
4337801,8149944548,16436359,4,"It was okay, nothing special.",Delivery,Neutral,2024-07-24,2024,July
5921423,4961830447,3408982,3,"Nothing to complain about, but nothing exceptional.",App Experience,Neutral,2024-06-09,2024,June
2311904,613578154,53974737,2,Delivery was late and I was unhappy.,Customer Service,Negative,2024-03-08,2024,March
3758874,2582466700,65368179,4,Very fresh and well-packaged.,Customer Service,Positive,2024-10-09,2024,October
5095918,3840910839,77869660,5,Very happy with the service!,App Experience,Positive,2023-10-09,2023,October
569959,399559401,84456355,3,The product met my expectations.,Product Quality,Neutral,2023-01-11,2023,January
7024084,4037817241,48716374,2,Product was damaged during delivery.,App Experience,Negative,2023-12-19,2023,December
9103306,582598096,75213636,5,Items were in perfect condition.,Customer Service,Positive,2023-10-27,2023,October
8996085,9218060399,80286283,3,"It was okay, nothing special.",Product Quality,Neutral,2024-10-25,2024,October
234571,6650174202,14255231,2,Customer service was not helpful.,App Experience,Negative,2023-10-07,2023,October
7669334,2715902884,67711384,1,Not worth the price I paid.,Delivery,Negative,2024-08-27,2024,August
2518165,7957986242,69761993,3,Product was damaged during delivery.,Product Quality,Negative,2023-10-12,2023,October
340860,7148568995,30447453,3,"Nothing to complain about, but nothing exceptional.",Delivery,Neutral,2023-06-04,2023,June
3125805,670358911,20834589,4,"Delivery was fine, but the product could be better.",App Experience,Neutral,2023-12-21,2023,December
7161886,6098277214,46876240,3,"It was okay, nothing special.",Customer Service,Neutral,2023-03-22,2023,March
1012515,4621664126,5386246,1,Product was damaged during delivery.,Customer Service,Negative,2024-07-17,2024,July
5583324,6336460663,95018817,4,"Average experience, could improve.",Product Quality,Neutral,2023-08-28,2023,August
3294648,909027635,77214094,4,The product met my expectations.,Delivery,Neutral,2023-06-24,2023,June
943208,2854202683,23081177,2,Very disappointed with the quality.,Customer Service,Negative,2023-10-18,2023,October
9549702,7936387697,36998375,1,Items were missing from my order.,App Experience,Negative,2023-03-29,2023,March
2285851,8337736091,66768157,3,"Average experience, could improve.",Delivery,Neutral,2024-04-04,2024,April
4343192,4404350734,57892837,5,Will definitely order again.,Customer Service,Positive,2024-01-16,2024,January
8224533,6565246127,12455156,5,Great prices and fast delivery!,Delivery,Positive,2024-05-18,2024,May
6545946,3494650073,49806393,4,"Excellent quality, will buy again!",Customer Service,Positive,2024-03-03,2024,March
4686285,1920923798,71189232,4,"Delivery was fine, but the product could be better.",App Experience,Neutral,2024-01-05,2024,January
1024022,5069524975,90246977,3,Product was damaged during delivery.,Product Quality,Negative,2024-07-24,2024,July
1758877,3873368520,53392567,5,Very fresh and well-packaged.,Customer Service,Positive,2023-04-10,2023,April
9488724,3111414152,56195475,5,Great prices and fast delivery!,App Experience,Positive,2024-01-08,2024,January
4425750,7104489974,47618810,3,The product met my expectations.,Product Quality,Neutral,2023-06-28,2023,June
6335439,3211566084,45383958,2,Delivery was late and I was unhappy.,Customer Service,Negative,2024-02-24,2024,February
8837678,2416717644,11493300,5,Good selection of products.,Product Quality,Positive,2023-12-09,2023,December
7132626,4535670244,22210238,1,Taste was not as expected.,App Experience,Negative,2024-05-17,2024,May
2072967,7309958460,3282647,5,Good selection of products.,Delivery,Positive,2024-01-20,2024,January
1377902,9996182478,39976965,3,"It was okay, nothing special.",Customer Service,Neutral,2023-04-18,2023,April
5762971,2231942521,15931134,3,Delivery was late and I was unhappy.,Customer Service,Negative,2023-12-24,2023,December
9315043,554028972,3421258,3,"Average experience, could improve.",Product Quality,Neutral,2023-09-26,2023,September
3968312,8756001290,85340038,4,Will definitely order again.,Product Quality,Positive,2023-06-05,2023,June
7776543,8047899303,11254582,2,Not worth the price I paid.,Product Quality,Negative,2023-09-28,2023,September
2560910,9720683332,87641623,5,"Excellent quality, will buy again!",Product Quality,Positive,2024-06-23,2024,June
5176983,218670241,70220141,5,Very happy with the service!,App Experience,Positive,2023-07-06,2023,July
206603,1382880255,94078407,2,The order was incorrect.,Product Quality,Negative,2024-11-08,2024,November
1305586,332975964,99824171,5,Very fresh and well-packaged.,Delivery,Positive,2023-09-21,2023,September
157996,2638683222,2457734,2,Very disappointed with the quality.,Product Quality,Negative,2024-10-30,2024,October
1076549,9150146711,54923640,5,Will definitely order again.,Product Quality,Positive,2024-04-29,2024,April
8817304,1553626879,6579892,3,Items were missing from my order.,Product Quality,Negative,2024-10-26,2024,October
6201,9271384187,67749649,1,The packaging was poor.,Delivery,Negative,2023-11-28,2023,November
8711449,1409544327,86444757,3,Not worth the price I paid.,Customer Service,Negative,2024-07-13,2024,July
203415,637100019,62868582,4,"Excellent quality, will buy again!",Delivery,Positive,2023-10-23,2023,October
5523244,186083059,67829645,5,Items were in perfect condition.,Delivery,Positive,2024-01-07,2024,January
1356014,1804073530,10048910,4,Highly recommended!,Product Quality,Positive,2024-06-19,2024,June
1211127,5291430311,75081265,4,The product met my expectations.,App Experience,Neutral,2023-10-19,2023,October
8726995,6947225582,89051578,4,Items were in perfect condition.,Customer Service,Positive,2024-03-04,2024,March
7470170,5710643134,38420886,2,Delivery was late and I was unhappy.,App Experience,Negative,2023-04-16,2023,April
8144657,8329733630,46717997,2,Product was damaged during delivery.,Delivery,Negative,2024-04-03,2024,April
2138749,6772651293,27049432,4,Very happy with the service!,App Experience,Positive,2023-12-15,2023,December
4326983,581212790,21461764,4,"Delivery was fine, but the product could be better.",Customer Service,Neutral,2024-06-29,2024,June
618104,4766571706,71176678,1,Taste was not as expected.,Delivery,Negative,2023-05-05,2023,May
9588052,9961298199,37926207,5,Items were in perfect condition.,Product Quality,Positive,2023-11-27,2023,November
2547480,8102675591,51119088,5,Highly recommended!,Customer Service,Positive,2024-03-02,2024,March
9295609,604050223,29689766,5,"Excellent quality, will buy again!",App Experience,Positive,2024-04-18,2024,April
9520673,782327552,45586151,4,Will definitely order again.,Delivery,Positive,2023-07-07,2023,July
5701029,6156638188,70589930,2,The packaging was poor.,Customer Service,Negative,2023-03-17,2023,March
9015050,6475299855,5238055,5,Good selection of products.,App Experience,Positive,2023-10-13,2023,October
2438647,689110145,84161531,5,"Excellent quality, will buy again!",Product Quality,Positive,2023-03-05,2023,March
3827516,2785467351,59009727,4,Good selection of products.,Delivery,Positive,2024-12-05,2024,December
9104541,7188270379,86487478,3,Items were missing from my order.,Customer Service,Negative,2024-04-15,2024,April
6724114,9209192342,42227189,1,Items were missing from my order.,Customer Service,Negative,2024-05-03,2024,May
9604625,3193016310,58115779,2,Taste was not as expected.,Customer Service,Negative,2023-02-12,2023,February
8086499,9743228131,34839913,1,Not worth the price I paid.,Customer Service,Negative,2024-09-07,2024,September
265991,4417542973,84937877,5,Good selection of products.,Product Quality,Positive,2024-08-23,2024,August
2824821,3065857200,82359623,3,"It was okay, nothing special.",Customer Service,Neutral,2024-06-26,2024,June
9247574,6994732191,35278126,3,"Nothing to complain about, but nothing exceptional.",Product Quality,Neutral,2023-07-24,2023,July
7299671,7663189769,85006599,4,"Nothing to complain about, but nothing exceptional.",App Experience,Neutral,2023-01-08,2023,January
1050921,5012619147,66130660,3,The product met my expectations.,Delivery,Neutral,2023-03-05,2023,March
6701233,7456088789,36737539,4,Very happy with the service!,Delivery,Positive,2023-09-04,2023,September
165649,3270559373,13604883,4,Items were in perfect condition.,Product Quality,Positive,2023-03-19,2023,March
7813343,4703798183,21597477,3,The product met my expectations.,App Experience,Neutral,2023-12-23,2023,December
8673081,3968840556,93723634,4,Great prices and fast delivery!,App Experience,Positive,2024-09-09,2024,September
9249938,2331647373,84848018,5,Customer service was very helpful.,App Experience,Positive,2023-11-08,2023,November
3369095,6683347454,34697768,3,Product was damaged during delivery.,Delivery,Negative,2023-05-25,2023,May
534802,5710259220,17287733,2,The order was incorrect.,Customer Service,Negative,2023-04-15,2023,April
59148,9871546057,39418109,1,Delivery was late and I was unhappy.,Product Quality,Negative,2024-12-05,2024,December
9992189,5459704311,47295676,4,The product met my expectations.,Customer Service,Neutral,2023-01-12,2023,January
1908816,3426702134,50229203,4,"Nothing to complain about, but nothing exceptional.",Delivery,Neutral,2024-08-23,2024,August
5259898,7671357353,16420489,4,The product met my expectations.,Product Quality,Neutral,2024-02-18,2024,February
8293964,9656230693,40305293,5,Good selection of products.,Delivery,Positive,2023-04-16,2023,April
6949693,3315369956,9105829,4,Will definitely order again.,App Experience,Positive,2023-04-21,2023,April
1672142,1762287720,94404245,4,Very happy with the service!,Customer Service,Positive,2024-08-30,2024,August
8229594,4816206081,36142455,1,Taste was not as expected.,Delivery,Negative,2023-12-05,2023,December
502262,2808133351,11071601,4,"Average experience, could improve.",Product Quality,Neutral,2023-03-12,2023,March
3579072,3444569396,57967753,5,Customer service was very helpful.,Customer Service,Positive,2024-09-25,2024,September
1154241,9704671447,25977417,3,Taste was not as expected.,Product Quality,Negative,2023-05-12,2023,May
328822,6454001692,2136830,2,Customer service was not helpful.,Delivery,Negative,2023-09-09,2023,September
4861693,2624508626,63262519,3,"Nothing to complain about, but nothing exceptional.",Product Quality,Neutral,2024-02-28,2024,February
8766510,932273820,17287733,3,The product met my expectations.,App Experience,Neutral,2024-06-05,2024,June
4472332,7908614088,12622901,3,"Nothing to complain about, but nothing exceptional.",Delivery,Neutral,2023-05-14,2023,May
5486644,9730765358,82708090,2,Taste was not as expected.,Product Quality,Negative,2023-08-20,2023,August
2558717,4748284156,38969732,3,Customer service was not helpful.,Delivery,Negative,2023-09-18,2023,September
170752,1829286278,45052594,4,The product met my expectations.,Delivery,Neutral,2023-09-27,2023,September
5959972,3180415318,22076522,3,"It was okay, nothing special.",Delivery,Neutral,2024-07-07,2024,July
4399563,1008158736,62971413,5,Highly recommended!,Customer Service,Positive,2024-10-06,2024,October
4465018,5092816701,89531595,4,"Delivery was fine, but the product could be better.",Customer Service,Neutral,2024-03-06,2024,March
2920138,4339850858,16230299,5,"Overall good experience, thank you!",Delivery,Positive,2023-10-25,2023,October
2996435,1564040362,93924203,4,Very happy with the service!,Customer Service,Positive,2023-01-08,2023,January
8469697,4856827800,43784632,4,"Nothing to complain about, but nothing exceptional.",Product Quality,Neutral,2024-08-20,2024,August
4776111,2465711187,48511124,4,"Average experience, could improve.",Product Quality,Neutral,2023-03-30,2023,March
8997243,7741314063,32054313,2,Items were missing from my order.,Customer Service,Negative,2024-09-13,2024,September
5706530,6973696848,21779155,3,"Nothing to complain about, but nothing exceptional.",Customer Service,Neutral,2023-04-23,2023,April
5458271,443178123,56248757,3,Delivery was late and I was unhappy.,Customer Service,Negative,2024-08-29,2024,August
4526565,2155491764,77869660,1,Items were missing from my order.,Product Quality,Negative,2024-08-29,2024,August
294116,282887897,97492493,2,I had a bad experience.,App Experience,Negative,2023-09-19,2023,September
6665325,1014190951,70798876,2,Customer service was not helpful.,Product Quality,Negative,2023-04-25,2023,April
3277902,4632027192,64162093,4,The product met my expectations.,Customer Service,Neutral,2024-09-07,2024,September
1239916,9196809062,58979427,3,"It was okay, nothing special.",Product Quality,Neutral,2024-05-19,2024,May
3999276,3802671506,55028958,3,"Delivery was fine, but the product could be better.",Product Quality,Neutral,2023-07-30,2023,July
1136751,931138604,38133873,3,The product met my expectations.,Customer Service,Neutral,2023-08-24,2023,August
9870408,6507222211,46623192,5,Will definitely order again.,Customer Service,Positive,2024-01-15,2024,January
7943730,9091185978,4606533,3,"Average experience, could improve.",App Experience,Neutral,2023-07-22,2023,July
8504990,6314310505,42272393,3,"Average experience, could improve.",Delivery,Neutral,2024-02-16,2024,February
129491,2711467206,21658322,2,Product was damaged during delivery.,Customer Service,Negative,2023-07-04,2023,July
2534781,1359318731,72675976,3,"Delivery was fine, but the product could be better.",App Experience,Neutral,2024-08-27,2024,August
7984701,4521042050,99734256,5,Very happy with the service!,App Experience,Positive,2024-04-25,2024,April
5425735,1317016672,87256913,1,Customer service was not helpful.,App Experience,Negative,2024-09-21,2024,September
5815158,7624598493,69516494,2,I had a bad experience.,Customer Service,Negative,2024-04-18,2024,April
9192897,1753431230,9048817,5,Items were in perfect condition.,Customer Service,Positive,2024-03-24,2024,March
382533,8650539199,41640262,3,"Delivery was fine, but the product could be better.",Delivery,Neutral,2023-04-12,2023,April
4200126,3276478503,10048910,4,"Average experience, could improve.",App Experience,Neutral,2024-03-04,2024,March
102511,5080943123,2164524,3,"Average experience, could improve.",Delivery,Neutral,2023-09-21,2023,September
9546144,6158083683,78158536,5,"Overall good experience, thank you!",Customer Service,Positive,2024-08-03,2024,August
8183319,9228072842,93370787,4,"Nothing to complain about, but nothing exceptional.",Product Quality,Neutral,2023-07-25,2023,July
5359166,4028432722,77397957,4,"Average experience, could improve.",Customer Service,Neutral,2024-05-21,2024,May
8218399,3679730192,83404008,5,Customer service was very helpful.,Delivery,Positive,2023-05-07,2023,May
5570618,71793937,13189939,5,Customer service was very helpful.,Product Quality,Positive,2024-04-21,2024,April
460889,47467466,55693909,5,Great prices and fast delivery!,App Experience,Positive,2023-05-09,2023,May
8208589,4538136436,18170800,3,"Average experience, could improve.",Product Quality,Neutral,2023-05-23,2023,May
8671275,8750169461,96989204,2,I had a bad experience.,Delivery,Negative,2024-07-09,2024,July
4339875,9371021811,76850859,2,Taste was not as expected.,Product Quality,Negative,2024-10-24,2024,October
2415813,679274212,91243571,3,"It was okay, nothing special.",Delivery,Neutral,2024-10-19,2024,October
8858420,6601671674,49136375,3,"Delivery was fine, but the product could be better.",Delivery,Neutral,2023-09-07,2023,September
7754881,2708441500,23286884,3,"Average experience, could improve.",App Experience,Neutral,2024-12-01,2024,December
194572,9548480220,82594354,4,Very fresh and well-packaged.,App Experience,Positive,2023-08-09,2023,August
5830086,5440864021,44409533,1,Customer service was not helpful.,Delivery,Negative,2023-09-15,2023,September
7220230,5705224767,3897936,4,The product met my expectations.,Product Quality,Neutral,2023-02-06,2023,February
2849428,9945458771,8733344,1,I had a bad experience.,Customer Service,Negative,2024-08-27,2024,August
4956264,336832815,10769994,5,Items were in perfect condition.,Customer Service,Positive,2023-09-12,2023,September
5522580,9543126726,24308515,4,"Nothing to complain about, but nothing exceptional.",Delivery,Neutral,2024-01-05,2024,January
697306,5134666123,38613642,3,The product met my expectations.,Customer Service,Neutral,2024-02-05,2024,February
7479682,5663657880,69632084,3,I had a bad experience.,Product Quality,Negative,2024-06-05,2024,June
5372251,5352647396,49756591,5,Highly recommended!,App Experience,Positive,2023-11-10,2023,November
354715,7995172779,40703374,5,Good selection of products.,Delivery,Positive,2023-06-15,2023,June
4404688,605779703,8881320,4,Highly recommended!,Customer Service,Positive,2024-07-03,2024,July
6980950,685688121,60371334,3,"Nothing to complain about, but nothing exceptional.",App Experience,Neutral,2023-10-27,2023,October
8887300,5966726971,57833505,4,"Average experience, could improve.",Product Quality,Neutral,2023-06-09,2023,June
5445599,6763510083,4055790,2,The packaging was poor.,Product Quality,Negative,2023-07-06,2023,July
4587901,6735813139,90448312,2,The packaging was poor.,Customer Service,Negative,2023-04-04,2023,April
8057129,8361205778,47274329,1,Not worth the price I paid.,App Experience,Negative,2023-06-20,2023,June
7787113,3640952655,50105174,5,Highly recommended!,Delivery,Positive,2023-01-06,2023,January
3902606,6395279829,34588087,4,"Delivery was fine, but the product could be better.",Delivery,Neutral,2023-10-26,2023,October
9342925,339410846,61618079,4,Good selection of products.,App Experience,Positive,2023-06-05,2023,June
5998210,8924056486,74172010,3,"Delivery was fine, but the product could be better.",Customer Service,Neutral,2024-08-04,2024,August
4467516,6616322616,61763552,4,Good selection of products.,Delivery,Positive,2023-03-12,2023,March
9781975,4178578583,69340015,1,Delivery was late and I was unhappy.,App Experience,Negative,2024-09-29,2024,September
515450,7558107764,50968312,4,Great prices and fast delivery!,Customer Service,Positive,2024-03-13,2024,March
1187780,7894708851,78678612,3,The product met my expectations.,Product Quality,Neutral,2024-12-04,2024,December
6200903,1916638346,20163931,1,I had a bad experience.,App Experience,Negative,2023-06-28,2023,June
1891343,4973943462,68341636,3,"It was okay, nothing special.",Delivery,Neutral,2024-10-29,2024,October
6863831,6567129123,66135710,3,Very disappointed with the quality.,Product Quality,Negative,2023-09-09,2023,September
6995063,8702642032,23676689,4,"Nothing to complain about, but nothing exceptional.",Product Quality,Neutral,2023-08-22,2023,August
9548486,7857954356,76864442,4,The product met my expectations.,Delivery,Neutral,2024-01-20,2024,January
9487600,5376218500,24644542,4,"Delivery was fine, but the product could be better.",Customer Service,Neutral,2023-11-16,2023,November
5327406,3452449295,71252391,2,Delivery was late and I was unhappy.,Product Quality,Negative,2023-09-10,2023,September
3664180,1694826296,12277039,5,Very fresh and well-packaged.,Customer Service,Positive,2023-09-05,2023,September
8711086,9449954611,97111119,4,Great prices and fast delivery!,Product Quality,Positive,2023-12-08,2023,December
5841843,7722059222,63630649,3,I had a bad experience.,Product Quality,Negative,2023-11-16,2023,November
1934781,2871448124,81091233,3,Items were missing from my order.,Product Quality,Negative,2024-05-28,2024,May
3884291,4158839033,38969732,3,Taste was not as expected.,App Experience,Negative,2024-09-22,2024,September
1841197,9936118648,54885705,2,I had a bad experience.,App Experience,Negative,2024-04-03,2024,April
8292947,6804747901,89619421,3,"It was okay, nothing special.",App Experience,Neutral,2024-01-31,2024,January
9587255,7579444448,53354003,1,Items were missing from my order.,Product Quality,Negative,2024-06-06,2024,June
9067286,4379043082,88167544,4,"Delivery was fine, but the product could be better.",Product Quality,Neutral,2023-12-05,2023,December
5390862,4212894712,20310720,3,"Nothing to complain about, but nothing exceptional.",Product Quality,Neutral,2024-09-06,2024,September
5556530,7962511808,60371334,5,Highly recommended!,App Experience,Positive,2024-11-02,2024,November
5762414,6478815087,22293666,2,The order was incorrect.,Product Quality,Negative,2024-07-18,2024,July
1024838,6239166986,6724509,4,"Overall good experience, thank you!",Customer Service,Positive,2024-05-23,2024,May
7060639,9894863460,35826539,3,Taste was not as expected.,Delivery,Negative,2023-03-25,2023,March
9938985,2982638677,48554440,3,Customer service was not helpful.,App Experience,Negative,2024-01-13,2024,January
160530,3284797515,13164195,5,Great prices and fast delivery!,Product Quality,Positive,2024-10-09,2024,October
7500804,8895501673,15066187,4,"Nothing to complain about, but nothing exceptional.",App Experience,Neutral,2023-11-07,2023,November
9649572,914992221,90882023,4,"Delivery was fine, but the product could be better.",Delivery,Neutral,2023-07-27,2023,July
9424407,2067729457,79916464,4,"It was okay, nothing special.",Delivery,Neutral,2023-09-23,2023,September
9463798,5389250154,94179692,4,"Delivery was fine, but the product could be better.",App Experience,Neutral,2024-09-15,2024,September
3942032,4352973016,35912599,4,The product met my expectations.,App Experience,Neutral,2024-07-10,2024,July
600642,7667555396,13796199,4,"It was okay, nothing special.",Customer Service,Neutral,2024-03-02,2024,March
2685179,168804744,25128143,4,"Excellent quality, will buy again!",Delivery,Positive,2023-10-28,2023,October
5719693,854218304,84377964,5,Great prices and fast delivery!,Customer Service,Positive,2023-04-11,2023,April
5503916,2616618240,12402437,4,Items were in perfect condition.,Delivery,Positive,2024-03-14,2024,March
349310,8891144024,47590944,3,The product met my expectations.,App Experience,Neutral,2023-06-04,2023,June
7076780,4606856320,57102800,4,The product met my expectations.,Delivery,Neutral,2024-03-08,2024,March
4278457,1876194333,51945420,2,Not worth the price I paid.,Delivery,Negative,2024-03-27,2024,March
5037114,1471186096,51503088,4,"Nothing to complain about, but nothing exceptional.",App Experience,Neutral,2023-11-21,2023,November
2334318,4763556417,91602727,2,The order was incorrect.,Product Quality,Negative,2023-01-04,2023,January
8874752,5961097387,75474920,4,"Overall good experience, thank you!",Product Quality,Positive,2023-08-27,2023,August
9178763,1509646137,31456752,4,"Average experience, could improve.",App Experience,Neutral,2024-12-04,2024,December
1204524,7533431274,23984022,3,"Nothing to complain about, but nothing exceptional.",Product Quality,Neutral,2023-11-08,2023,November
9351661,3598818329,22293666,1,Delivery was late and I was unhappy.,Customer Service,Negative,2023-07-29,2023,July
4607232,2561337790,30823988,2,I had a bad experience.,Delivery,Negative,2024-09-10,2024,September
3397646,2359692348,5418547,4,Very fresh and well-packaged.,App Experience,Positive,2024-08-31,2024,August
9465380,3146098826,12799092,4,Highly recommended!,App Experience,Positive,2024-06-20,2024,June
2355944,8638050442,52770036,4,"Delivery was fine, but the product could be better.",Delivery,Neutral,2023-11-16,2023,November
5703770,1833854180,60062501,3,Items were missing from my order.,Delivery,Negative,2023-03-23,2023,March
4106245,5687148136,32527479,4,Items were in perfect condition.,App Experience,Positive,2023-06-24,2023,June
4878540,7133253616,14940427,5,"Overall good experience, thank you!",App Experience,Positive,2024-08-14,2024,August
1366943,7899569162,90745023,1,The packaging was poor.,Product Quality,Negative,2023-08-15,2023,August
9674092,6119637917,77961205,3,"Average experience, could improve.",Customer Service,Neutral,2024-06-28,2024,June
1665939,4924477011,7333934,4,"Nothing to complain about, but nothing exceptional.",App Experience,Neutral,2024-01-13,2024,January
4749029,577458306,94165062,4,"It was okay, nothing special.",Product Quality,Neutral,2023-03-10,2023,March
6070927,1605287230,7076456,3,"It was okay, nothing special.",Delivery,Neutral,2023-08-08,2023,August
1797913,5743074720,44828791,4,Good selection of products.,Product Quality,Positive,2024-08-02,2024,August
3639693,1645477578,47625855,1,Taste was not as expected.,Delivery,Negative,2023-07-20,2023,July
4954836,6231311270,91144803,5,Good selection of products.,Product Quality,Positive,2023-07-12,2023,July
5219677,4629648516,93507573,2,Items were missing from my order.,Product Quality,Negative,2023-08-21,2023,August
4029981,2706229594,81337068,4,Highly recommended!,Product Quality,Positive,2024-04-10,2024,April
802000,6814009039,10605484,3,"Average experience, could improve.",Delivery,Neutral,2023-03-11,2023,March
4668145,5604135912,11478478,2,Product was damaged during delivery.,Customer Service,Negative,2024-08-19,2024,August
4744641,766789724,60446619,3,"Average experience, could improve.",Delivery,Neutral,2024-08-20,2024,August
3897394,2727595593,80875034,1,Customer service was not helpful.,Delivery,Negative,2023-11-17,2023,November
1268072,9887978407,43256928,5,Very happy with the service!,Delivery,Positive,2023-07-16,2023,July
9305973,6825742544,29689766,4,The product met my expectations.,Product Quality,Neutral,2024-04-02,2024,April
9413424,7081192087,15529446,4,"Overall good experience, thank you!",App Experience,Positive,2023-07-29,2023,July
3941200,3185620074,57526322,3,"Average experience, could improve.",Product Quality,Neutral,2023-08-14,2023,August
3048823,7162086351,74231111,4,The product met my expectations.,Delivery,Neutral,2023-11-15,2023,November
5252017,5504768409,84850688,3,I had a bad experience.,App Experience,Negative,2023-07-08,2023,July
9027609,6721093047,22054087,3,"It was okay, nothing special.",App Experience,Neutral,2024-10-03,2024,October
9388876,1134990529,63971358,5,Customer service was very helpful.,App Experience,Positive,2024-07-24,2024,July
1847636,4632975114,92409489,5,Very fresh and well-packaged.,App Experience,Positive,2023-05-15,2023,May
5699115,1471897083,78439088,4,The product met my expectations.,Product Quality,Neutral,2023-06-12,2023,June
1318827,6081974624,79764458,3,"Nothing to complain about, but nothing exceptional.",Delivery,Neutral,2024-03-19,2024,March
4342611,806680874,14632090,3,"Delivery was fine, but the product could be better.",Delivery,Neutral,2023-11-15,2023,November
9176018,8213018419,16640907,3,"Delivery was fine, but the product could be better.",App Experience,Neutral,2023-10-04,2023,October
690010,4610876894,59485034,1,Not worth the price I paid.,Delivery,Negative,2023-08-14,2023,August
1724246,9116180240,17696094,3,"It was okay, nothing special.",App Experience,Neutral,2023-05-23,2023,May
775467,8916648395,8138417,4,The product met my expectations.,Delivery,Neutral,2023-07-15,2023,July
6271953,3626990751,81940369,5,Customer service was very helpful.,Delivery,Positive,2023-10-05,2023,October
6629918,2544173358,43295656,4,The product met my expectations.,Customer Service,Neutral,2024-03-11,2024,March
1011746,3654075570,81906973,1,Taste was not as expected.,App Experience,Negative,2023-06-25,2023,June
6978013,9846277624,78732957,5,Great prices and fast delivery!,Product Quality,Positive,2024-09-17,2024,September
5197207,8600159148,64748953,1,Not worth the price I paid.,Customer Service,Negative,2023-08-15,2023,August
6815745,9184012674,54139038,3,"Average experience, could improve.",Delivery,Neutral,2024-07-20,2024,July
1442291,5842678913,6756256,5,Great prices and fast delivery!,Product Quality,Positive,2024-02-06,2024,February
7622162,6284066457,68341636,4,Very happy with the service!,Customer Service,Positive,2023-03-19,2023,March
5734896,957188879,88067569,3,Not worth the price I paid.,Delivery,Negative,2024-12-01,2024,December
5201172,2027766693,91024604,5,Very happy with the service!,Delivery,Positive,2023-07-17,2023,July
6818847,5201172375,18199057,2,Taste was not as expected.,Product Quality,Negative,2024-07-01,2024,July
4739077,5211206337,84824280,5,Good selection of products.,Delivery,Positive,2024-04-03,2024,April
6414925,519985157,35455991,2,Customer service was not helpful.,Customer Service,Negative,2023-07-06,2023,July
4820370,2599819074,66310963,3,"It was okay, nothing special.",Delivery,Neutral,2023-08-05,2023,August
1224951,6564176767,28221067,3,"Average experience, could improve.",Product Quality,Neutral,2024-11-04,2024,November
5919040,5969684091,13604883,1,I had a bad experience.,Customer Service,Negative,2023-02-12,2023,February
4982482,8152246475,46989310,1,Taste was not as expected.,Customer Service,Negative,2023-07-04,2023,July
9531448,1954493018,41612464,4,"Average experience, could improve.",App Experience,Neutral,2024-08-25,2024,August
653696,3695589383,91868185,3,"Average experience, could improve.",Customer Service,Neutral,2024-01-13,2024,January
9128606,6340807810,57537308,4,The product met my expectations.,Product Quality,Neutral,2024-12-07,2024,December
7612300,8029845822,90621147,5,Items were in perfect condition.,Product Quality,Positive,2023-06-07,2023,June
8711940,8208755570,46564935,1,Product was damaged during delivery.,Delivery,Negative,2023-12-12,2023,December
6367818,9622488249,96629258,2,I had a bad experience.,App Experience,Negative,2024-06-26,2024,June
1767978,5410788959,40055711,3,The packaging was poor.,Delivery,Negative,2024-12-06,2024,December
1687361,7087374685,48268435,4,Good selection of products.,Customer Service,Positive,2024-09-21,2024,September
7878255,1469556300,65514005,5,Great prices and fast delivery!,App Experience,Positive,2023-09-26,2023,September
6614535,864290652,57392064,3,"It was okay, nothing special.",Customer Service,Neutral,2023-10-30,2023,October
4382991,3052167498,92636025,5,Will definitely order again.,Product Quality,Positive,2023-07-24,2023,July
7479284,8370088792,9107360,2,Delivery was late and I was unhappy.,Delivery,Negative,2023-05-16,2023,May
8015584,8955500595,58415368,1,Product was damaged during delivery.,Product Quality,Negative,2023-07-05,2023,July
2442565,6946637946,70372270,4,"Nothing to complain about, but nothing exceptional.",Customer Service,Neutral,2024-02-18,2024,February
8446406,5461546808,21948041,5,Good selection of products.,App Experience,Positive,2023-12-21,2023,December
2067494,9921425481,29653387,4,"Overall good experience, thank you!",Delivery,Positive,2023-05-17,2023,May
8208481,3583323379,10418604,1,Taste was not as expected.,Customer Service,Negative,2024-03-04,2024,March
3164222,3427534518,73807097,4,"It was okay, nothing special.",Product Quality,Neutral,2024-12-10,2024,December
7671091,9997994965,13796199,5,Very happy with the service!,Customer Service,Positive,2023-12-27,2023,December
3857869,5015358514,4057678,3,"Average experience, could improve.",Customer Service,Neutral,2024-12-08,2024,December
9514499,5769065545,1108176,5,Will definitely order again.,App Experience,Positive,2024-01-28,2024,January
1074882,4062815570,98152679,3,"Nothing to complain about, but nothing exceptional.",Delivery,Neutral,2024-02-24,2024,February
2977989,39405769,24621386,4,Highly recommended!,Product Quality,Positive,2023-07-04,2023,July
9205838,9553518696,83304462,3,"Average experience, could improve.",Customer Service,Neutral,2023-11-07,2023,November
3500001,8023712979,83701325,5,Very happy with the service!,Delivery,Positive,2023-12-05,2023,December
6210024,1111747100,83236183,3,The product met my expectations.,App Experience,Neutral,2023-07-19,2023,July
8983814,3598180305,75836905,3,"Average experience, could improve.",App Experience,Neutral,2023-08-31,2023,August
8461435,8171660349,79628054,5,"Overall good experience, thank you!",Product Quality,Positive,2024-09-05,2024,September
9617089,3644704128,39717448,5,Highly recommended!,App Experience,Positive,2024-01-06,2024,January
6317946,1254907139,94854830,4,Will definitely order again.,Delivery,Positive,2023-07-13,2023,July
8280400,9810593187,46313756,3,"Nothing to complain about, but nothing exceptional.",Product Quality,Neutral,2023-05-19,2023,May
6853621,3205629870,95001589,3,"Average experience, could improve.",Customer Service,Neutral,2024-05-27,2024,May
3360056,8608459871,14472401,3,I had a bad experience.,Delivery,Negative,2023-09-21,2023,September
3911487,2730458449,13383642,4,Customer service was very helpful.,Delivery,Positive,2024-10-02,2024,October
5385673,2807397566,28663279,4,Very happy with the service!,App Experience,Positive,2024-05-19,2024,May
4652530,7217535512,81541985,2,The packaging was poor.,App Experience,Negative,2023-11-11,2023,November
4078939,3321951407,40305293,5,"Overall good experience, thank you!",Customer Service,Positive,2023-09-13,2023,September
5100133,7189146676,10789681,3,The product met my expectations.,Delivery,Neutral,2024-05-20,2024,May
3686405,5601251774,96629258,1,Delivery was late and I was unhappy.,Delivery,Negative,2024-10-10,2024,October
1424986,8884350133,55425478,1,Delivery was late and I was unhappy.,Delivery,Negative,2024-09-22,2024,September
1423259,8168306307,98152679,3,"Delivery was fine, but the product could be better.",Delivery,Neutral,2023-12-17,2023,December
4950490,7689275881,54580166,3,"Average experience, could improve.",Delivery,Neutral,2024-03-02,2024,March
6415109,6593510732,87266831,2,Product was damaged during delivery.,Delivery,Negative,2023-10-09,2023,October
3468323,3066405445,53354003,4,Very happy with the service!,Customer Service,Positive,2023-06-14,2023,June
6528921,5319633841,95364457,2,Delivery was late and I was unhappy.,Delivery,Negative,2024-05-05,2024,May
5256809,1113665104,83034412,5,Highly recommended!,Delivery,Positive,2024-11-06,2024,November
905658,8436983782,98896871,4,Very fresh and well-packaged.,Delivery,Positive,2024-10-22,2024,October
1642213,1958942711,30643619,5,Good selection of products.,Delivery,Positive,2024-12-05,2024,December
7065122,6485627928,59769142,3,"It was okay, nothing special.",Delivery,Neutral,2024-09-13,2024,September
4245262,8147959428,31000129,5,Good selection of products.,App Experience,Positive,2024-07-23,2024,July
6549194,3697060283,57642258,3,"It was okay, nothing special.",Delivery,Neutral,2024-08-25,2024,August
1301309,2039437258,20298398,4,Good selection of products.,Customer Service,Positive,2023-12-12,2023,December
6878301,7655293952,23348269,4,"Nothing to complain about, but nothing exceptional.",Delivery,Neutral,2024-02-16,2024,February
4996036,39791095,625395,4,"It was okay, nothing special.",Delivery,Neutral,2024-06-04,2024,June
5161924,8071046067,33651554,2,The packaging was poor.,Product Quality,Negative,2024-09-28,2024,September
1473618,2656326203,92356639,4,Great prices and fast delivery!,App Experience,Positive,2023-11-16,2023,November
4927084,2366866840,99772709,4,Very fresh and well-packaged.,App Experience,Positive,2023-04-22,2023,April
4052932,8227348656,25977417,3,"Delivery was fine, but the product could be better.",Product Quality,Neutral,2023-01-12,2023,January
4738483,3917024194,53640286,5,Good selection of products.,Product Quality,Positive,2024-09-30,2024,September
5317004,3101265,89617089,1,Customer service was not helpful.,Customer Service,Negative,2024-05-23,2024,May
1051131,9907835880,67340606,1,I had a bad experience.,Delivery,Negative,2024-10-15,2024,October
1442543,3396210655,52075070,3,Product was damaged during delivery.,App Experience,Negative,2023-10-24,2023,October
2891765,3000018472,24104630,2,Not worth the price I paid.,Customer Service,Negative,2024-08-18,2024,August
3570162,7166339556,6319646,4,"Average experience, could improve.",Customer Service,Neutral,2024-06-22,2024,June
2291508,2194351161,22800586,1,Not worth the price I paid.,Customer Service,Negative,2023-09-05,2023,September
9094122,3224986973,66761643,5,Great prices and fast delivery!,App Experience,Positive,2024-02-16,2024,February
823044,6882280967,14472401,3,"Delivery was fine, but the product could be better.",Product Quality,Neutral,2023-09-15,2023,September
7199080,8556188247,46623192,4,"Nothing to complain about, but nothing exceptional.",App Experience,Neutral,2023-05-10,2023,May
1105700,5236345617,61851054,5,Will definitely order again.,App Experience,Positive,2023-09-28,2023,September
4852044,5153146875,31156674,4,"Average experience, could improve.",App Experience,Neutral,2023-06-06,2023,June
1556573,2011151353,67908555,1,Taste was not as expected.,Customer Service,Negative,2024-05-15,2024,May
5942451,9880145668,39317905,1,Customer service was not helpful.,Product Quality,Negative,2024-02-28,2024,February
6457571,2724264210,98687927,3,Taste was not as expected.,App Experience,Negative,2024-10-24,2024,October
9674103,871734663,93321933,4,The product met my expectations.,App Experience,Neutral,2024-03-06,2024,March
5074782,3883638432,6245778,5,Will definitely order again.,Product Quality,Positive,2023-07-26,2023,July
5156321,1282422181,188838,3,Very disappointed with the quality.,App Experience,Negative,2024-02-19,2024,February
9670027,4500802008,41164215,4,Highly recommended!,Delivery,Positive,2024-06-17,2024,June
2726436,8209715885,17597449,3,Delivery was late and I was unhappy.,Delivery,Negative,2023-05-25,2023,May
9919641,9391482926,56352626,3,Not worth the price I paid.,App Experience,Negative,2023-12-09,2023,December
1970888,7217765772,5238055,4,"Nothing to complain about, but nothing exceptional.",Product Quality,Neutral,2024-05-07,2024,May
2664164,7848556658,97191387,2,The order was incorrect.,Customer Service,Negative,2024-04-27,2024,April
8577298,9000851345,81822494,4,"Overall good experience, thank you!",Product Quality,Positive,2024-10-03,2024,October
8921243,3019634875,58170168,5,"Excellent quality, will buy again!",Product Quality,Positive,2024-10-29,2024,October
9603606,7013612817,22036818,4,Very fresh and well-packaged.,Customer Service,Positive,2023-09-09,2023,September
1806264,59461109,67708491,1,Not worth the price I paid.,App Experience,Negative,2023-06-05,2023,June
7750286,740245864,45659330,4,Good selection of products.,Delivery,Positive,2023-05-18,2023,May
86769,8432648823,69364309,3,"Nothing to complain about, but nothing exceptional.",Delivery,Neutral,2023-05-19,2023,May
4646533,5863164527,38671747,4,Will definitely order again.,App Experience,Positive,2023-11-13,2023,November
3387790,8615999186,96001315,1,Items were missing from my order.,Delivery,Negative,2024-08-09,2024,August
4054276,1743268828,53332493,4,"Average experience, could improve.",Product Quality,Neutral,2024-02-05,2024,February
1800432,5475369740,49433260,4,Items were in perfect condition.,Product Quality,Positive,2024-12-05,2024,December
6220722,6520584496,67215939,4,"Delivery was fine, but the product could be better.",Customer Service,Neutral,2023-10-24,2023,October
7301568,3854394048,89531595,1,Delivery was late and I was unhappy.,App Experience,Negative,2023-10-15,2023,October
9845439,4105779656,58644651,3,"Nothing to complain about, but nothing exceptional.",Product Quality,Neutral,2024-02-04,2024,February
5395642,5960266785,97419742,4,The product met my expectations.,Delivery,Neutral,2023-11-21,2023,November
9727139,7380998329,96989204,4,"Nothing to complain about, but nothing exceptional.",App Experience,Neutral,2023-07-29,2023,July
9156751,460625201,26716400,3,"Nothing to complain about, but nothing exceptional.",Product Quality,Neutral,2024-05-17,2024,May
2876943,5442705208,38420886,5,Very fresh and well-packaged.,App Experience,Positive,2024-08-27,2024,August
1697983,643302284,24153726,5,"Excellent quality, will buy again!",Customer Service,Positive,2024-05-30,2024,May
992859,6141016209,20469626,3,The product met my expectations.,Customer Service,Neutral,2024-04-13,2024,April
5140466,4058658914,96001315,4,"It was okay, nothing special.",Product Quality,Neutral,2024-09-02,2024,September
9754312,4731454539,62419778,5,Good selection of products.,Delivery,Positive,2024-05-01,2024,May
5118736,148408710,60565603,3,The product met my expectations.,Product Quality,Neutral,2024-01-01,2024,January
5960061,3263142674,12455156,4,"It was okay, nothing special.",Delivery,Neutral,2024-01-30,2024,January
8605594,9591201821,38478423,4,The product met my expectations.,Customer Service,Neutral,2023-12-11,2023,December
9453874,2227944524,93938425,4,"Average experience, could improve.",Product Quality,Neutral,2023-07-06,2023,July
6231474,2307375554,95768401,1,Product was damaged during delivery.,Delivery,Negative,2024-01-31,2024,January
3899333,8521887524,5961261,2,Very disappointed with the quality.,Customer Service,Negative,2024-04-13,2024,April
6146219,3298709387,22321208,4,Customer service was very helpful.,Delivery,Positive,2023-01-07,2023,January
975325,8608686211,29689766,5,"Excellent quality, will buy again!",Product Quality,Positive,2023-07-27,2023,July
5686022,5125482761,89531595,3,"Nothing to complain about, but nothing exceptional.",Delivery,Neutral,2023-05-28,2023,May
1388194,7388146343,78806824,3,"Average experience, could improve.",App Experience,Neutral,2023-09-24,2023,September
2357618,7064723322,19259955,4,Will definitely order again.,Customer Service,Positive,2023-10-15,2023,October
1424791,1766291529,74682740,4,"Overall good experience, thank you!",App Experience,Positive,2024-12-07,2024,December
7402766,8183491568,85074810,1,Product was damaged during delivery.,App Experience,Negative,2023-09-15,2023,September
6352978,6419111681,19216141,5,Customer service was very helpful.,App Experience,Positive,2024-01-24,2024,January
2192142,9193945481,28277304,5,"Excellent quality, will buy again!",Delivery,Positive,2024-08-22,2024,August
4088403,3937750618,46504355,1,Very disappointed with the quality.,Customer Service,Negative,2023-08-26,2023,August
9713941,2056682923,18940384,3,Product was damaged during delivery.,Delivery,Negative,2024-05-27,2024,May
5434712,7229998672,41194825,5,Great prices and fast delivery!,Delivery,Positive,2023-10-09,2023,October
1990660,7028582657,36578947,1,Taste was not as expected.,Product Quality,Negative,2024-01-11,2024,January
2215592,1732091066,93018527,3,"It was okay, nothing special.",App Experience,Neutral,2024-12-05,2024,December
480048,9389363975,35302195,4,The product met my expectations.,App Experience,Neutral,2024-08-01,2024,August
9280509,9477050930,1449273,1,Very disappointed with the quality.,App Experience,Negative,2023-01-09,2023,January
2675938,6808771388,88739922,3,Not worth the price I paid.,Customer Service,Negative,2024-04-29,2024,April
8667318,7616458551,86294036,4,The product met my expectations.,Product Quality,Neutral,2023-05-05,2023,May
394093,2784959025,59207798,3,Product was damaged during delivery.,Product Quality,Negative,2023-07-04,2023,July
3288975,2716611235,85626346,2,Delivery was late and I was unhappy.,Delivery,Negative,2024-02-19,2024,February
5988040,3797871396,5712468,1,I had a bad experience.,Delivery,Negative,2023-12-19,2023,December
8020606,5895445193,39093069,5,Very fresh and well-packaged.,Customer Service,Positive,2023-09-18,2023,September
8669148,5281640953,65396354,4,Very fresh and well-packaged.,Delivery,Positive,2024-05-19,2024,May
5618564,9006387145,61226563,3,"It was okay, nothing special.",Product Quality,Neutral,2023-07-16,2023,July
1884910,2015702046,46828932,4,"It was okay, nothing special.",Customer Service,Neutral,2023-05-17,2023,May
5079562,9260334793,15487049,1,I had a bad experience.,Product Quality,Negative,2024-10-07,2024,October
4717275,5912752928,29562254,1,Not worth the price I paid.,App Experience,Negative,2023-12-20,2023,December
2365660,7691723645,93675757,3,The order was incorrect.,Customer Service,Negative,2024-04-08,2024,April
2283634,9166904790,57674875,1,Product was damaged during delivery.,Customer Service,Negative,2024-01-19,2024,January
5961183,1668797251,27698051,1,Customer service was not helpful.,Delivery,Negative,2023-05-18,2023,May
1817774,3350348511,2442235,2,The packaging was poor.,Product Quality,Negative,2023-05-10,2023,May
9781710,2475154947,13760839,3,The product met my expectations.,Product Quality,Neutral,2024-01-14,2024,January
6386579,1348544692,72489544,5,Very fresh and well-packaged.,App Experience,Positive,2024-04-15,2024,April
1013486,6770208707,8241122,3,Delivery was late and I was unhappy.,App Experience,Negative,2024-01-05,2024,January
3947813,9500356395,99729547,3,Not worth the price I paid.,App Experience,Negative,2024-10-29,2024,October
3620953,6280233997,1507408,3,The packaging was poor.,Customer Service,Negative,2023-08-23,2023,August
5348,935645101,63368244,3,Not worth the price I paid.,Product Quality,Negative,2023-09-27,2023,September
533771,3492077995,97466783,2,Customer service was not helpful.,App Experience,Negative,2023-06-24,2023,June
1524390,6971044672,68985290,3,Very disappointed with the quality.,Product Quality,Negative,2024-03-21,2024,March
9826488,9417710958,75892474,4,"Delivery was fine, but the product could be better.",App Experience,Neutral,2023-09-20,2023,September
5771681,114851727,46875863,3,Taste was not as expected.,Delivery,Negative,2024-04-10,2024,April
1561160,7521503340,65660660,1,Customer service was not helpful.,Product Quality,Negative,2024-05-30,2024,May
3528912,7709878408,90745023,5,"Overall good experience, thank you!",Product Quality,Positive,2023-09-08,2023,September
3762488,7941755463,19705695,3,Customer service was not helpful.,Customer Service,Negative,2024-09-30,2024,September
1347524,4540271027,23126356,4,"Nothing to complain about, but nothing exceptional.",Delivery,Neutral,2024-05-14,2024,May
714006,8022168472,70230254,4,"Delivery was fine, but the product could be better.",Delivery,Neutral,2024-02-20,2024,February
4035590,3808358945,78014505,3,"It was okay, nothing special.",Customer Service,Neutral,2023-08-26,2023,August
8509121,5112444865,45868300,4,"Excellent quality, will buy again!",Product Quality,Positive,2024-06-06,2024,June
2629195,9965551056,33658749,3,Very disappointed with the quality.,Delivery,Negative,2023-06-24,2023,June
4989853,7695708103,51119088,5,Will definitely order again.,Customer Service,Positive,2024-05-16,2024,May
8098875,7022728237,21677923,4,Great prices and fast delivery!,Product Quality,Positive,2023-03-06,2023,March
8667711,2062715135,13197985,1,Product was damaged during delivery.,App Experience,Negative,2024-08-20,2024,August
3285644,3287815959,73061709,4,"It was okay, nothing special.",Delivery,Neutral,2024-09-08,2024,September
5097936,9015471552,23081177,2,Very disappointed with the quality.,App Experience,Negative,2024-04-13,2024,April
2339018,1595123446,30188374,4,Will definitely order again.,Customer Service,Positive,2024-02-27,2024,February
6416336,4888577440,35237846,4,Highly recommended!,Product Quality,Positive,2024-05-19,2024,May
3789341,9039053330,82425179,4,"Nothing to complain about, but nothing exceptional.",Customer Service,Neutral,2023-08-16,2023,August
8064104,3091360904,59252433,4,"Overall good experience, thank you!",Delivery,Positive,2024-06-16,2024,June
1252726,6821938492,90346920,4,"Overall good experience, thank you!",Delivery,Positive,2023-06-09,2023,June
7032053,4553785640,94486311,3,"Nothing to complain about, but nothing exceptional.",Product Quality,Neutral,2024-08-13,2024,August
4351782,4005611015,5763963,3,I had a bad experience.,Product Quality,Negative,2024-03-30,2024,March
2613579,8480910658,73799927,4,"Overall good experience, thank you!",Product Quality,Positive,2023-08-28,2023,August
1438649,1922667245,66252737,5,Highly recommended!,Product Quality,Positive,2023-09-24,2023,September
7888565,379758677,54139038,3,Items were missing from my order.,Product Quality,Negative,2023-12-26,2023,December
8993487,4903380842,71229024,1,The packaging was poor.,Delivery,Negative,2024-03-06,2024,March
7394180,9244122658,1588560,5,"Overall good experience, thank you!",App Experience,Positive,2024-12-03,2024,December
6412617,5054410467,49147776,4,The product met my expectations.,Product Quality,Neutral,2023-01-07,2023,January
6198175,9877212995,30065862,1,Customer service was not helpful.,Delivery,Negative,2024-04-05,2024,April
9766355,8375236356,22974816,3,The order was incorrect.,Delivery,Negative,2023-09-22,2023,September
5492087,2652063230,24144240,4,"Average experience, could improve.",Customer Service,Neutral,2023-11-22,2023,November
7607345,7258243894,72797175,5,Items were in perfect condition.,Delivery,Positive,2024-07-14,2024,July
3115449,5980648426,23982977,2,The order was incorrect.,Customer Service,Negative,2023-12-15,2023,December
2811451,365104159,19581959,3,Taste was not as expected.,App Experience,Negative,2023-11-27,2023,November
8731726,7038005775,49617531,4,The product met my expectations.,Product Quality,Neutral,2023-02-07,2023,February
5710913,1456792223,80875034,3,"It was okay, nothing special.",Customer Service,Neutral,2024-08-13,2024,August
3219052,6673964264,34526442,3,The product met my expectations.,Delivery,Neutral,2024-10-18,2024,October
974795,5780280518,74230420,2,Not worth the price I paid.,Customer Service,Negative,2024-08-23,2024,August
7565756,6220137166,16485871,3,"Nothing to complain about, but nothing exceptional.",Customer Service,Neutral,2023-09-12,2023,September
3219006,2615887425,18465047,5,Good selection of products.,Customer Service,Positive,2023-10-28,2023,October
3005557,5610987488,85626346,5,"Overall good experience, thank you!",Product Quality,Positive,2023-08-14,2023,August
4150095,6038240765,48002829,4,"Delivery was fine, but the product could be better.",Delivery,Neutral,2023-05-27,2023,May
1503251,5004974422,83660688,5,Great prices and fast delivery!,Customer Service,Positive,2023-03-07,2023,March
7376219,2349863203,20310720,4,Very happy with the service!,Delivery,Positive,2023-12-20,2023,December
2313608,9487956261,62600289,5,"Excellent quality, will buy again!",Product Quality,Positive,2023-07-25,2023,July
8268690,7169945062,32830199,3,"Nothing to complain about, but nothing exceptional.",Delivery,Neutral,2023-06-14,2023,June
2128705,5393866026,13164195,3,"Nothing to complain about, but nothing exceptional.",Delivery,Neutral,2023-10-04,2023,October
445517,7266772806,79942821,1,Very disappointed with the quality.,App Experience,Negative,2024-06-09,2024,June
4055107,2411227007,46875863,2,Not worth the price I paid.,Delivery,Negative,2024-09-06,2024,September
6100772,960728650,34526570,2,Delivery was late and I was unhappy.,App Experience,Negative,2023-04-16,2023,April
5510018,2326500581,24308515,2,Customer service was not helpful.,App Experience,Negative,2024-07-21,2024,July
5001104,9489310879,42989999,5,Very fresh and well-packaged.,Customer Service,Positive,2024-10-15,2024,October
2940619,2341242955,8228843,2,Not worth the price I paid.,Customer Service,Negative,2024-12-01,2024,December
9559017,1023485121,63310076,3,The product met my expectations.,Delivery,Neutral,2024-11-02,2024,November
7129375,9742218709,83412446,3,The product met my expectations.,Product Quality,Neutral,2024-09-25,2024,September
7580961,9039933820,69219122,5,"Overall good experience, thank you!",Delivery,Positive,2023-09-12,2023,September
1278370,1391881327,50557979,1,Customer service was not helpful.,Customer Service,Negative,2024-01-07,2024,January
4795324,3360648053,2584499,3,The order was incorrect.,Delivery,Negative,2023-05-15,2023,May
4483833,9758418980,69219122,3,The product met my expectations.,Customer Service,Neutral,2023-05-07,2023,May
4057033,9859459525,67952740,4,The product met my expectations.,Delivery,Neutral,2023-07-13,2023,July
8698468,6924226309,62526567,4,"Delivery was fine, but the product could be better.",Product Quality,Neutral,2024-09-27,2024,September
1143416,7672052920,20238921,1,Items were missing from my order.,App Experience,Negative,2023-07-12,2023,July
1026588,4597359399,57967753,5,Very happy with the service!,App Experience,Positive,2024-09-20,2024,September
3490538,665402174,51557673,3,"Average experience, could improve.",Delivery,Neutral,2024-04-16,2024,April
8338891,3986082657,49152878,1,The packaging was poor.,App Experience,Negative,2024-02-17,2024,February
3000338,4275746826,44410149,4,Customer service was very helpful.,Delivery,Positive,2024-05-03,2024,May
5292502,525864604,33651554,4,"Average experience, could improve.",Delivery,Neutral,2024-03-24,2024,March
1665925,4473658819,376144,3,The packaging was poor.,Customer Service,Negative,2023-05-12,2023,May
1231699,8824559505,88553721,5,Items were in perfect condition.,Product Quality,Positive,2024-08-14,2024,August
6226960,1824646473,51670882,1,Items were missing from my order.,Delivery,Negative,2023-02-04,2023,February
231413,776389097,10797688,3,"Delivery was fine, but the product could be better.",App Experience,Neutral,2024-10-02,2024,October
4655561,4908634706,88223261,4,The product met my expectations.,App Experience,Neutral,2023-10-15,2023,October
1323031,3516204561,64562786,3,The product met my expectations.,Customer Service,Neutral,2023-09-09,2023,September
191717,9510792757,625395,1,Product was damaged during delivery.,Product Quality,Negative,2023-04-11,2023,April
2977955,3504903228,31776996,4,Great prices and fast delivery!,Product Quality,Positive,2023-06-30,2023,June
4376640,3438202422,43860025,4,Very fresh and well-packaged.,Customer Service,Positive,2023-08-10,2023,August
6011954,3007616042,77869660,2,The packaging was poor.,Customer Service,Negative,2024-07-14,2024,July
633398,4656199468,13581527,1,Taste was not as expected.,Delivery,Negative,2023-10-29,2023,October
7594075,6994560237,96109948,5,Very happy with the service!,Customer Service,Positive,2024-03-07,2024,March
872521,8442552565,12851610,3,"Delivery was fine, but the product could be better.",Delivery,Neutral,2023-05-11,2023,May
3422410,414299117,41008070,4,"It was okay, nothing special.",App Experience,Neutral,2023-07-28,2023,July
1241527,8146956033,44888581,3,Very disappointed with the quality.,Customer Service,Negative,2024-10-08,2024,October
7857610,7919748594,75213636,4,Very fresh and well-packaged.,App Experience,Positive,2024-09-20,2024,September
4005586,7834171020,52915166,1,Items were missing from my order.,Product Quality,Negative,2024-04-01,2024,April
2793107,3735968672,211163,4,Will definitely order again.,Customer Service,Positive,2023-12-22,2023,December
8325609,3864051985,31776996,3,The product met my expectations.,Product Quality,Neutral,2024-06-04,2024,June
4854840,8299074079,59930550,5,Good selection of products.,Customer Service,Positive,2024-08-06,2024,August
9768670,891333736,96853930,5,Will definitely order again.,App Experience,Positive,2023-09-24,2023,September
1808084,2874220576,99734256,2,The order was incorrect.,Delivery,Negative,2023-04-10,2023,April
2521183,6375536946,94430842,3,The product met my expectations.,App Experience,Neutral,2024-10-01,2024,October
1796471,1966054573,31389750,5,"Overall good experience, thank you!",App Experience,Positive,2023-09-05,2023,September
9877604,1565942558,40858753,2,The packaging was poor.,App Experience,Negative,2024-04-08,2024,April
743982,4624281313,11493380,1,Not worth the price I paid.,Product Quality,Negative,2024-10-22,2024,October
4749424,6884010758,22210238,4,Items were in perfect condition.,Product Quality,Positive,2024-04-27,2024,April
2540547,4351744653,9423628,3,Customer service was not helpful.,Customer Service,Negative,2023-03-04,2023,March
6414140,8698000932,43519553,1,The order was incorrect.,Customer Service,Negative,2024-05-28,2024,May
2694037,3844380421,6344345,3,"It was okay, nothing special.",Customer Service,Neutral,2023-10-19,2023,October
7498989,7105842598,99707100,1,Not worth the price I paid.,Customer Service,Negative,2023-08-24,2023,August
8467925,8993722297,69088723,1,Very disappointed with the quality.,Customer Service,Negative,2023-04-07,2023,April
4821323,2929439019,63858550,2,Taste was not as expected.,Customer Service,Negative,2023-10-28,2023,October
6426351,1661854320,79169760,1,Items were missing from my order.,Product Quality,Negative,2024-09-28,2024,September
9119649,3082165628,49617892,1,Not worth the price I paid.,App Experience,Negative,2023-02-05,2023,February
3678115,1745045814,88532418,5,Items were in perfect condition.,Product Quality,Positive,2023-11-30,2023,November
3628101,813387880,92455970,4,"Delivery was fine, but the product could be better.",Customer Service,Neutral,2023-08-07,2023,August
1478542,8189879400,66427343,5,Customer service was very helpful.,Customer Service,Positive,2023-11-16,2023,November
7724959,8465045467,13604883,5,Great prices and fast delivery!,Customer Service,Positive,2024-01-05,2024,January
4273988,9232350528,4055790,4,"Excellent quality, will buy again!",App Experience,Positive,2023-03-10,2023,March
1138993,1728666371,23126356,4,The product met my expectations.,App Experience,Neutral,2024-12-05,2024,December
4577854,6131815766,65514005,4,"Delivery was fine, but the product could be better.",Product Quality,Neutral,2023-03-18,2023,March
1563690,6438773635,67302239,5,Customer service was very helpful.,Delivery,Positive,2024-07-19,2024,July
3085567,6912676966,29324437,4,"Average experience, could improve.",Product Quality,Neutral,2023-10-06,2023,October
9790734,2840314717,26432512,5,"Excellent quality, will buy again!",Customer Service,Positive,2023-06-27,2023,June
268937,9508359721,3002538,4,"It was okay, nothing special.",App Experience,Neutral,2024-08-24,2024,August
4167530,2244679313,4458329,3,"It was okay, nothing special.",Customer Service,Neutral,2024-05-08,2024,May
3948338,9407544177,66310963,4,The product met my expectations.,Delivery,Neutral,2024-03-11,2024,March
540592,2528398796,87889031,3,Not worth the price I paid.,Product Quality,Negative,2023-07-04,2023,July
6686488,9464988762,13567338,3,"Nothing to complain about, but nothing exceptional.",Product Quality,Neutral,2023-02-10,2023,February
5820841,6373867899,66655397,5,Great prices and fast delivery!,Delivery,Positive,2023-08-11,2023,August
382913,4028185110,4789829,4,"It was okay, nothing special.",Delivery,Neutral,2023-04-25,2023,April
6988923,9717018638,73679086,3,"Average experience, could improve.",Delivery,Neutral,2024-07-13,2024,July
2677176,4898477588,66766629,3,The order was incorrect.,Product Quality,Negative,2024-02-15,2024,February
8224785,4723165081,29562254,3,"Average experience, could improve.",Product Quality,Neutral,2024-02-02,2024,February
663206,2845954128,31324823,4,"Average experience, could improve.",Product Quality,Neutral,2024-04-07,2024,April
7508992,23158044,31681710,4,"It was okay, nothing special.",Delivery,Neutral,2023-05-19,2023,May
7693398,1486548042,13465850,1,The packaging was poor.,Customer Service,Negative,2023-12-10,2023,December
833352,708351411,69762479,3,Not worth the price I paid.,Customer Service,Negative,2023-10-16,2023,October
5012056,5512110908,40192266,4,"Nothing to complain about, but nothing exceptional.",Customer Service,Neutral,2023-11-22,2023,November
199155,2295441899,58644651,4,Items were in perfect condition.,Delivery,Positive,2024-02-18,2024,February
3855515,4867173151,35885052,3,"Nothing to complain about, but nothing exceptional.",Customer Service,Neutral,2023-10-24,2023,October
6280160,4635037652,69925688,4,"Nothing to complain about, but nothing exceptional.",Customer Service,Neutral,2024-01-23,2024,January
5005454,2209259378,86995126,4,"It was okay, nothing special.",Customer Service,Neutral,2023-12-23,2023,December
7777342,4079286483,22227829,4,Great prices and fast delivery!,App Experience,Positive,2023-05-19,2023,May
8958720,9506078962,27336589,4,"Nothing to complain about, but nothing exceptional.",Customer Service,Neutral,2024-05-07,2024,May
3276632,6894691072,83577942,1,The packaging was poor.,Customer Service,Negative,2024-03-22,2024,March
6397248,4481256065,66499992,3,I had a bad experience.,App Experience,Negative,2024-04-04,2024,April
6397824,5050919809,46885873,3,"Nothing to complain about, but nothing exceptional.",Product Quality,Neutral,2024-05-13,2024,May
234514,1328085383,67538982,5,Very happy with the service!,App Experience,Positive,2023-11-05,2023,November
5723311,5382246981,87266309,4,Good selection of products.,Customer Service,Positive,2023-08-30,2023,August
1869090,5647827263,96171594,3,"Nothing to complain about, but nothing exceptional.",App Experience,Neutral,2024-07-05,2024,July
9966788,9244268951,64316806,4,Items were in perfect condition.,Delivery,Positive,2023-10-30,2023,October
8905833,6217777735,12059049,4,"Average experience, could improve.",Delivery,Neutral,2024-07-22,2024,July
1411292,3682639473,99301505,4,"Overall good experience, thank you!",Delivery,Positive,2023-11-21,2023,November
2074108,3859331666,23676689,4,Highly recommended!,Customer Service,Positive,2023-02-07,2023,February
6640879,7971689217,64932019,4,Very happy with the service!,Product Quality,Positive,2023-10-18,2023,October
2975338,6822492679,98540377,1,Product was damaged during delivery.,Product Quality,Negative,2023-07-28,2023,July
3776189,7211194993,16561710,3,Not worth the price I paid.,Customer Service,Negative,2023-04-09,2023,April
2800790,461485679,4594944,3,The order was incorrect.,Customer Service,Negative,2023-08-08,2023,August
7514619,3209732414,87335844,3,The product met my expectations.,Customer Service,Neutral,2024-04-18,2024,April
8647784,6537694730,75490147,5,Customer service was very helpful.,Customer Service,Positive,2024-08-15,2024,August
8682044,7653097776,63184222,5,Will definitely order again.,Delivery,Positive,2023-07-16,2023,July
6006567,4928556641,97475543,4,Very fresh and well-packaged.,Delivery,Positive,2023-09-19,2023,September
2218002,5905518100,86995126,2,Delivery was late and I was unhappy.,App Experience,Negative,2023-09-25,2023,September
375376,8337948336,25706121,3,"Delivery was fine, but the product could be better.",App Experience,Neutral,2023-04-07,2023,April
5584189,8814435884,69908484,4,Customer service was very helpful.,Delivery,Positive,2024-11-08,2024,November
4523234,6645415772,64906311,4,Will definitely order again.,Delivery,Positive,2024-02-07,2024,February
20698,5274039950,87059497,4,"Nothing to complain about, but nothing exceptional.",App Experience,Neutral,2023-12-14,2023,December
698204,7404052550,45166203,4,Very happy with the service!,Delivery,Positive,2023-09-13,2023,September
2576444,8179058864,76970363,4,Will definitely order again.,App Experience,Positive,2023-05-18,2023,May
7142181,5195997912,29562072,3,The product met my expectations.,Customer Service,Neutral,2024-07-20,2024,July
5311710,3320194259,68219091,2,Customer service was not helpful.,Delivery,Negative,2023-07-12,2023,July
2841360,8185684967,46686696,4,Customer service was very helpful.,Delivery,Positive,2023-05-05,2023,May
831600,2324568019,59677346,5,"Overall good experience, thank you!",Customer Service,Positive,2023-06-07,2023,June
7346559,3522645150,22483684,4,"Excellent quality, will buy again!",Product Quality,Positive,2023-05-16,2023,May
8973364,4510488834,90586443,5,Items were in perfect condition.,Product Quality,Positive,2024-08-09,2024,August
5334677,9433427403,46848302,3,Very disappointed with the quality.,App Experience,Negative,2023-05-17,2023,May
9285230,8065436106,5763963,4,"Delivery was fine, but the product could be better.",Product Quality,Neutral,2024-01-22,2024,January
5063458,846586265,10418604,4,The product met my expectations.,App Experience,Neutral,2023-02-07,2023,February
1989482,4337013612,30823988,4,"Excellent quality, will buy again!",App Experience,Positive,2023-05-15,2023,May
5965876,8916023990,3588443,2,I had a bad experience.,Customer Service,Negative,2024-05-18,2024,May
3913389,6018805430,35358395,1,Very disappointed with the quality.,Delivery,Negative,2023-04-09,2023,April
6582203,2676353168,25595836,2,Customer service was not helpful.,Delivery,Negative,2024-10-09,2024,October
7118563,1069724600,10945990,5,Highly recommended!,Customer Service,Positive,2023-07-26,2023,July
1691834,5503476312,36774480,4,"Delivery was fine, but the product could be better.",App Experience,Neutral,2024-06-16,2024,June
6646276,4439677910,91791128,2,Delivery was late and I was unhappy.,App Experience,Negative,2024-02-26,2024,February
7399435,8045361592,16543242,4,Items were in perfect condition.,Delivery,Positive,2024-11-10,2024,November
2515393,1873731593,20209237,3,"It was okay, nothing special.",App Experience,Neutral,2023-11-24,2023,November
1130375,1126011099,53557741,4,"Overall good experience, thank you!",App Experience,Positive,2024-02-21,2024,February
7355876,4100626744,15484407,3,Items were missing from my order.,Delivery,Negative,2024-10-21,2024,October
6190656,8616880376,16256136,4,Good selection of products.,Delivery,Positive,2024-03-18,2024,March
4412931,1427911940,20634789,3,The product met my expectations.,Delivery,Neutral,2024-02-24,2024,February
6675115,4416398885,10945990,5,"Overall good experience, thank you!",Customer Service,Positive,2024-10-22,2024,October
2407418,2584579895,94713625,5,Highly recommended!,Delivery,Positive,2024-12-01,2024,December
7066125,7770651576,87266309,5,Will definitely order again.,App Experience,Positive,2023-04-09,2023,April
2322170,3705985582,34897081,2,I had a bad experience.,Customer Service,Negative,2023-08-19,2023,August
7991991,5160295213,22133362,4,"Delivery was fine, but the product could be better.",Customer Service,Neutral,2024-01-25,2024,January
9876858,4374285559,53399500,3,"Nothing to complain about, but nothing exceptional.",Product Quality,Neutral,2024-02-09,2024,February
6182235,9096638812,70243933,1,Not worth the price I paid.,App Experience,Negative,2023-05-12,2023,May
2444490,2888179397,51341672,3,"Nothing to complain about, but nothing exceptional.",Delivery,Neutral,2023-08-26,2023,August
5272684,3387165389,376144,1,The order was incorrect.,App Experience,Negative,2024-07-14,2024,July
3470898,1925647539,13424885,4,Items were in perfect condition.,Product Quality,Positive,2023-08-14,2023,August
9948786,6160848562,59769142,4,Will definitely order again.,Delivery,Positive,2023-10-09,2023,October
1675986,2343495895,2584499,3,The product met my expectations.,Delivery,Neutral,2024-04-08,2024,April
8195141,8812220964,66742602,3,Product was damaged during delivery.,Product Quality,Negative,2023-08-29,2023,August
6557105,8640364495,51670882,1,The order was incorrect.,App Experience,Negative,2023-05-13,2023,May
728842,4610687284,27698051,3,Items were missing from my order.,Delivery,Negative,2023-09-26,2023,September
205642,189431942,58115779,3,Product was damaged during delivery.,Customer Service,Negative,2024-01-23,2024,January
8510700,1746826454,36462363,1,Very disappointed with the quality.,App Experience,Negative,2024-05-01,2024,May
8318822,948345459,66629497,5,Great prices and fast delivery!,Product Quality,Positive,2024-03-23,2024,March
7787531,9959881029,35782051,4,"Nothing to complain about, but nothing exceptional.",Delivery,Neutral,2024-09-30,2024,September
3208756,621213006,43377076,4,Good selection of products.,App Experience,Positive,2024-07-22,2024,July
8332542,1772464528,66655397,3,"Nothing to complain about, but nothing exceptional.",Delivery,Neutral,2023-07-09,2023,July
213163,7732863862,89476734,3,I had a bad experience.,Product Quality,Negative,2023-02-08,2023,February
8800771,3064828239,6186471,4,Will definitely order again.,Delivery,Positive,2024-02-18,2024,February
4984915,6363526452,53292177,3,"Nothing to complain about, but nothing exceptional.",Product Quality,Neutral,2023-10-10,2023,October
4442482,6988011282,74212242,4,"Overall good experience, thank you!",Product Quality,Positive,2024-10-30,2024,October
6634230,8523250818,77673290,4,"Overall good experience, thank you!",App Experience,Positive,2024-11-02,2024,November
2070800,5595210484,93507573,4,"Overall good experience, thank you!",Delivery,Positive,2023-05-17,2023,May
4753532,1461081366,13604883,3,"Nothing to complain about, but nothing exceptional.",App Experience,Neutral,2024-08-15,2024,August
2916512,4922364507,79628054,4,Great prices and fast delivery!,Delivery,Positive,2024-06-07,2024,June
3966870,6597871211,59815512,4,"It was okay, nothing special.",Product Quality,Neutral,2024-03-05,2024,March
3793719,2719816862,85074810,2,Not worth the price I paid.,Product Quality,Negative,2024-09-20,2024,September
5195829,9830788650,87160527,5,"Excellent quality, will buy again!",Customer Service,Positive,2023-07-07,2023,July
3410299,140980199,27504517,3,"Average experience, could improve.",Customer Service,Neutral,2024-05-03,2024,May
8221229,7595842583,90150193,1,Very disappointed with the quality.,Product Quality,Negative,2024-02-24,2024,February
4122440,2390228992,46699982,4,Highly recommended!,Customer Service,Positive,2023-07-31,2023,July
9291890,8178738469,95873651,3,"Average experience, could improve.",Delivery,Neutral,2023-12-06,2023,December
6532844,9964671001,79591237,4,"Overall good experience, thank you!",Delivery,Positive,2024-03-14,2024,March
9854565,1258689954,89886179,4,"Delivery was fine, but the product could be better.",Delivery,Neutral,2024-03-31,2024,March
1918099,4647158015,13461704,4,"Nothing to complain about, but nothing exceptional.",Customer Service,Neutral,2023-11-18,2023,November
3551265,2382974038,83610315,4,The product met my expectations.,Customer Service,Neutral,2024-05-16,2024,May
1279690,3663827875,28499191,4,"Average experience, could improve.",Product Quality,Neutral,2023-02-11,2023,February
9556216,6501113916,22210238,5,Customer service was very helpful.,Product Quality,Positive,2024-07-01,2024,July
5373570,3300719369,32830199,2,Delivery was late and I was unhappy.,Product Quality,Negative,2024-05-25,2024,May
2537624,3239722852,26935187,3,The product met my expectations.,Customer Service,Neutral,2023-02-07,2023,February
9887729,6694899030,36142455,5,Very fresh and well-packaged.,App Experience,Positive,2024-09-21,2024,September
8362169,992895707,18259715,4,Will definitely order again.,Customer Service,Positive,2023-05-14,2023,May
5411652,8432150432,9650263,3,"It was okay, nothing special.",Customer Service,Neutral,2024-11-05,2024,November
1186736,6220520171,42366724,3,Very disappointed with the quality.,Delivery,Negative,2023-01-12,2023,January
2490613,735608722,3292927,4,"Average experience, could improve.",Customer Service,Neutral,2024-08-06,2024,August
5797232,7303161073,98444183,4,Good selection of products.,Delivery,Positive,2024-03-15,2024,March
7489765,9783380107,70976153,5,Customer service was very helpful.,Delivery,Positive,2024-09-06,2024,September
205948,3835886077,8384106,4,"Nothing to complain about, but nothing exceptional.",Customer Service,Neutral,2023-11-19,2023,November
6177173,8140652447,11705793,1,Taste was not as expected.,Delivery,Negative,2024-04-15,2024,April
7037520,6412390967,66023110,3,"Nothing to complain about, but nothing exceptional.",App Experience,Neutral,2024-03-02,2024,March
7693454,6688575911,48943848,3,The product met my expectations.,Delivery,Neutral,2023-12-26,2023,December
5826968,3890111511,68965787,3,"Delivery was fine, but the product could be better.",Product Quality,Neutral,2024-10-09,2024,October
2538635,5145256852,57770044,3,"Delivery was fine, but the product could be better.",Customer Service,Neutral,2024-10-09,2024,October
7143670,7375057413,12799092,2,Items were missing from my order.,Delivery,Negative,2023-05-17,2023,May
6712892,3047491006,61182897,1,Taste was not as expected.,Product Quality,Negative,2024-09-21,2024,September
8344886,7715738110,81605722,3,"It was okay, nothing special.",App Experience,Neutral,2023-10-05,2023,October
7839999,6191554160,77869660,1,Delivery was late and I was unhappy.,Delivery,Negative,2023-07-20,2023,July
9792021,896919031,42366724,4,"Average experience, could improve.",Product Quality,Neutral,2024-08-10,2024,August
4999738,1535818185,99772709,4,Very happy with the service!,Product Quality,Positive,2024-03-05,2024,March
8241950,4428830794,701493,4,"It was okay, nothing special.",Delivery,Neutral,2024-06-18,2024,June
3341226,3610035622,20956158,1,The packaging was poor.,App Experience,Negative,2024-04-04,2024,April
1649092,8674445072,50080663,1,The packaging was poor.,Product Quality,Negative,2024-04-08,2024,April
6661876,9623704312,38613295,3,"Nothing to complain about, but nothing exceptional.",Product Quality,Neutral,2024-02-24,2024,February
3478248,7786002894,30373140,2,Not worth the price I paid.,Product Quality,Negative,2023-12-21,2023,December
2807274,3264409553,70976153,3,The packaging was poor.,App Experience,Negative,2023-03-30,2023,March
2009787,7736534043,22915611,3,Taste was not as expected.,Customer Service,Negative,2023-05-28,2023,May
3375739,5936596117,67729191,5,Very happy with the service!,Customer Service,Positive,2024-10-25,2024,October
9271891,1980087245,38875754,3,"Nothing to complain about, but nothing exceptional.",Delivery,Neutral,2023-06-16,2023,June
1601958,8861557989,52913011,3,"Delivery was fine, but the product could be better.",App Experience,Neutral,2024-08-25,2024,August
9515364,6702391437,13130974,5,"Overall good experience, thank you!",Delivery,Positive,2024-01-21,2024,January
1873791,6385452188,38875754,3,"Nothing to complain about, but nothing exceptional.",App Experience,Neutral,2024-04-06,2024,April
7323771,8813216380,85177880,1,Very disappointed with the quality.,App Experience,Negative,2024-09-10,2024,September
9221474,5563712992,4597433,5,"Overall good experience, thank you!",Delivery,Positive,2024-11-01,2024,November
7806868,966468552,70459847,1,The packaging was poor.,App Experience,Negative,2023-06-24,2023,June
5037523,4368529506,76327561,5,Good selection of products.,Delivery,Positive,2024-06-30,2024,June
7565757,3777009463,25829710,3,"Delivery was fine, but the product could be better.",Delivery,Neutral,2024-01-09,2024,January
6645152,3560912801,20163931,3,"It was okay, nothing special.",Product Quality,Neutral,2024-09-09,2024,September
9536517,1741224538,90621147,4,The product met my expectations.,Product Quality,Neutral,2023-03-29,2023,March
2346852,4579251445,1507408,4,"It was okay, nothing special.",Delivery,Neutral,2023-08-28,2023,August
6487583,3438127101,59141605,4,The product met my expectations.,Product Quality,Neutral,2023-11-27,2023,November
4318185,9741958794,13164195,3,Very disappointed with the quality.,Product Quality,Negative,2024-08-20,2024,August
6749864,882082341,75828735,3,Taste was not as expected.,App Experience,Negative,2024-10-10,2024,October
7977109,3629321763,79369660,4,"Delivery was fine, but the product could be better.",App Experience,Neutral,2024-06-08,2024,June
4035300,888938572,12695670,3,The order was incorrect.,Product Quality,Negative,2023-02-04,2023,February
3416664,5263181887,90150193,5,Will definitely order again.,App Experience,Positive,2024-09-28,2024,September
4994356,7071557807,19375332,1,Taste was not as expected.,Product Quality,Negative,2024-04-29,2024,April
7738248,6888804296,2442235,3,"Delivery was fine, but the product could be better.",Delivery,Neutral,2024-10-24,2024,October
8235897,814182718,65134271,3,"Nothing to complain about, but nothing exceptional.",Customer Service,Neutral,2023-11-17,2023,November
2665736,3513524740,1301661,1,Very disappointed with the quality.,Customer Service,Negative,2024-03-07,2024,March
116275,1234169434,22112867,1,The order was incorrect.,Customer Service,Negative,2023-10-17,2023,October
828944,2577990012,71902700,3,Not worth the price I paid.,Delivery,Negative,2023-09-22,2023,September
3719505,8446065263,79773912,5,Good selection of products.,Delivery,Positive,2023-11-15,2023,November
6904125,4220970302,90621147,2,Product was damaged during delivery.,App Experience,Negative,2024-01-11,2024,January
2563916,5712516128,11503405,1,I had a bad experience.,Product Quality,Negative,2023-07-14,2023,July
5850548,807167715,26521850,2,I had a bad experience.,Product Quality,Negative,2024-08-28,2024,August
5284164,213972345,71252391,4,"Nothing to complain about, but nothing exceptional.",Product Quality,Neutral,2024-06-14,2024,June
3590678,1013762407,51174875,3,"Nothing to complain about, but nothing exceptional.",App Experience,Neutral,2024-10-19,2024,October
1431116,5234194751,14207332,4,Very happy with the service!,App Experience,Positive,2024-02-19,2024,February
4272503,1389077693,37947202,3,Items were missing from my order.,Customer Service,Negative,2023-06-27,2023,June
4186992,1895143216,43295656,3,"Delivery was fine, but the product could be better.",Customer Service,Neutral,2023-03-25,2023,March
3386806,3667250123,7728406,2,Very disappointed with the quality.,Product Quality,Negative,2024-04-03,2024,April
7971835,6430529802,6459100,2,Items were missing from my order.,Customer Service,Negative,2023-07-23,2023,July
1968694,4856277700,67729191,3,The product met my expectations.,Delivery,Neutral,2023-08-17,2023,August
3561233,1492403962,11389698,4,Highly recommended!,Delivery,Positive,2023-09-07,2023,September
8534841,4348167632,93675757,4,"Average experience, could improve.",App Experience,Neutral,2023-11-29,2023,November
7460561,3682471195,90856813,2,Taste was not as expected.,Delivery,Negative,2023-06-12,2023,June
5385199,6888837939,67708491,4,"It was okay, nothing special.",Customer Service,Neutral,2024-03-27,2024,March
9718178,2278004109,99301505,4,"Delivery was fine, but the product could be better.",App Experience,Neutral,2024-01-09,2024,January
5010171,7471013149,46185579,1,Delivery was late and I was unhappy.,App Experience,Negative,2024-10-13,2024,October
2999329,755745232,3844290,4,"It was okay, nothing special.",App Experience,Neutral,2024-02-10,2024,February
6926602,2963187161,91448742,4,Good selection of products.,Customer Service,Positive,2024-06-18,2024,June
2002167,3980591844,96903782,4,Very fresh and well-packaged.,Product Quality,Positive,2023-06-20,2023,June
711431,9960808976,78748184,4,"Overall good experience, thank you!",App Experience,Positive,2024-08-04,2024,August
1393032,8740552000,34095555,5,"Excellent quality, will buy again!",Delivery,Positive,2023-05-16,2023,May
7435143,9230099449,60319216,4,The product met my expectations.,Customer Service,Neutral,2023-08-05,2023,August
4136987,4277432248,91408854,1,Delivery was late and I was unhappy.,Product Quality,Negative,2023-10-05,2023,October
6664050,3624765984,36400756,2,Delivery was late and I was unhappy.,App Experience,Negative,2023-11-12,2023,November
2953364,8533110341,10524732,3,The product met my expectations.,Delivery,Neutral,2023-06-14,2023,June
5687390,5036664068,2667357,3,"It was okay, nothing special.",Product Quality,Neutral,2023-06-11,2023,June
415485,9989636336,191616,3,Delivery was late and I was unhappy.,Product Quality,Negative,2024-05-24,2024,May
575957,2843642858,46208150,4,Highly recommended!,Delivery,Positive,2024-03-14,2024,March
51332,7510849424,82585664,4,"Delivery was fine, but the product could be better.",Customer Service,Neutral,2024-08-03,2024,August
2844579,8744806310,8395343,2,Not worth the price I paid.,Delivery,Negative,2023-03-07,2023,March
1882765,7605774154,6150721,5,"Excellent quality, will buy again!",Customer Service,Positive,2024-02-02,2024,February
206837,6904233594,65514005,3,"Nothing to complain about, but nothing exceptional.",Customer Service,Neutral,2024-09-08,2024,September
6139293,6371336060,8241122,1,Customer service was not helpful.,Product Quality,Negative,2024-07-21,2024,July
8796279,8137624530,22210238,3,"Nothing to complain about, but nothing exceptional.",App Experience,Neutral,2023-10-25,2023,October
5825320,9131474241,98246574,1,Delivery was late and I was unhappy.,Product Quality,Negative,2024-10-18,2024,October
271310,7413772322,98709982,4,"Nothing to complain about, but nothing exceptional.",Customer Service,Neutral,2023-12-06,2023,December
8078398,9400852015,44149982,4,The product met my expectations.,Product Quality,Neutral,2024-01-07,2024,January
1650064,4867437863,13164195,5,Great prices and fast delivery!,Delivery,Positive,2024-01-25,2024,January
9279964,4219458877,87222820,5,Very happy with the service!,Product Quality,Positive,2023-12-27,2023,December
7270078,35135941,28205701,4,The product met my expectations.,App Experience,Neutral,2024-07-29,2024,July
5588336,4754258275,10019218,3,Very disappointed with the quality.,Delivery,Negative,2023-09-16,2023,September
557592,9195687538,74548003,3,The packaging was poor.,Delivery,Negative,2024-06-01,2024,June
3031164,344554037,78847070,4,"Excellent quality, will buy again!",Customer Service,Positive,2023-10-11,2023,October
3346471,7503255456,82948843,4,Highly recommended!,Delivery,Positive,2023-03-08,2023,March
1259964,5903638531,78209683,3,Not worth the price I paid.,Customer Service,Negative,2023-02-05,2023,February
3838759,1670694517,92356639,3,"It was okay, nothing special.",Product Quality,Neutral,2024-09-08,2024,September
8896134,2369121788,60062501,4,"Nothing to complain about, but nothing exceptional.",Delivery,Neutral,2024-05-28,2024,May
5172688,6012082951,88866835,5,Items were in perfect condition.,Customer Service,Positive,2023-05-17,2023,May
7708785,3675914158,89361574,4,Highly recommended!,Customer Service,Positive,2024-08-03,2024,August
3454505,1396605672,20956158,4,Customer service was very helpful.,Customer Service,Positive,2024-07-01,2024,July
9886489,4260996213,77035814,5,Good selection of products.,Product Quality,Positive,2023-12-04,2023,December
7861041,4749534376,53100521,4,"Average experience, could improve.",App Experience,Neutral,2024-05-19,2024,May
4863033,6095091385,34839913,4,The product met my expectations.,Customer Service,Neutral,2024-11-07,2024,November
5285441,1131338162,21201299,4,Will definitely order again.,App Experience,Positive,2024-03-02,2024,March
5590922,6100236720,83660688,1,Items were missing from my order.,Delivery,Negative,2023-08-24,2023,August
3335234,3363683548,43367112,3,The product met my expectations.,Delivery,Neutral,2024-09-02,2024,September
8789199,8721540965,38902882,3,Delivery was late and I was unhappy.,Customer Service,Negative,2024-05-07,2024,May
5146498,1712456261,90448312,3,The product met my expectations.,Product Quality,Neutral,2023-10-15,2023,October
2778397,760930025,49756591,1,The order was incorrect.,App Experience,Negative,2023-06-19,2023,June
3066201,5652465358,57523973,4,Highly recommended!,App Experience,Positive,2024-06-17,2024,June
6078994,3580915899,87954926,2,Product was damaged during delivery.,Product Quality,Negative,2023-10-23,2023,October
6732189,1174382816,773410,3,"It was okay, nothing special.",Customer Service,Neutral,2024-08-14,2024,August
9193816,3200474667,15631726,3,Very disappointed with the quality.,App Experience,Negative,2024-09-17,2024,September
3669283,7474651061,63238941,4,Highly recommended!,Delivery,Positive,2023-09-06,2023,September
9574407,1892282465,80517784,4,Very happy with the service!,Product Quality,Positive,2023-08-23,2023,August
9179536,3859828998,701493,5,"Excellent quality, will buy again!",App Experience,Positive,2023-04-14,2023,April
8328393,2554590672,19482392,3,Not worth the price I paid.,Delivery,Negative,2023-03-12,2023,March
7508312,9667675052,40871915,5,Great prices and fast delivery!,App Experience,Positive,2023-09-29,2023,September
1510834,8382437838,46185579,2,Not worth the price I paid.,Customer Service,Negative,2024-05-30,2024,May
7129887,6247090607,90038364,3,"It was okay, nothing special.",Product Quality,Neutral,2023-07-10,2023,July
2872886,5004073261,27304827,4,"Overall good experience, thank you!",Customer Service,Positive,2024-06-16,2024,June
6765832,6595898122,67896836,3,"Delivery was fine, but the product could be better.",Customer Service,Neutral,2024-07-13,2024,July
6716579,9844371682,31527100,1,I had a bad experience.,Product Quality,Negative,2023-10-06,2023,October
9050152,7198169379,26844216,4,Very happy with the service!,App Experience,Positive,2023-07-13,2023,July
5211244,2815855636,38808614,3,Customer service was not helpful.,App Experience,Negative,2023-07-28,2023,July
5220047,6033660622,65618148,2,Product was damaged during delivery.,Product Quality,Negative,2023-12-04,2023,December
6100124,7944056454,10729474,4,"Delivery was fine, but the product could be better.",Product Quality,Neutral,2023-05-22,2023,May
7205542,4354264440,25722990,5,Will definitely order again.,Customer Service,Positive,2023-12-13,2023,December
9043754,5623096090,68703613,1,Product was damaged during delivery.,Customer Service,Negative,2023-08-25,2023,August
6289100,701856661,11143197,4,Great prices and fast delivery!,Product Quality,Positive,2024-10-06,2024,October
3634267,1911276445,73799927,1,The packaging was poor.,App Experience,Negative,2024-10-20,2024,October
7974792,9323909987,47990044,1,The order was incorrect.,App Experience,Negative,2024-09-05,2024,September
9414859,1988898073,78157360,4,The product met my expectations.,App Experience,Neutral,2024-02-21,2024,February
76698,6457671753,51048402,2,Taste was not as expected.,Customer Service,Negative,2024-07-01,2024,July
959459,3556497272,9347990,5,Highly recommended!,Product Quality,Positive,2024-10-18,2024,October
8434097,2182762247,54347213,5,Very fresh and well-packaged.,Customer Service,Positive,2023-06-09,2023,June
5448415,6026842782,75928073,5,Great prices and fast delivery!,Customer Service,Positive,2024-08-27,2024,August
4470528,1227108607,69242672,3,I had a bad experience.,Delivery,Negative,2024-09-18,2024,September
2629752,9362226645,28428852,4,Will definitely order again.,Product Quality,Positive,2024-12-05,2024,December
958580,6313785973,28603182,4,The product met my expectations.,Product Quality,Neutral,2023-03-21,2023,March
753793,1297253359,77811864,4,Customer service was very helpful.,App Experience,Positive,2024-04-24,2024,April
9406171,6138091203,41261495,3,Not worth the price I paid.,App Experience,Negative,2023-09-09,2023,September
5274905,4770739350,61753272,5,"Excellent quality, will buy again!",Delivery,Positive,2024-12-07,2024,December
4045999,6253838449,19393135,5,"Excellent quality, will buy again!",Customer Service,Positive,2024-11-06,2024,November
8644842,1015708455,24153726,3,The product met my expectations.,Delivery,Neutral,2023-04-09,2023,April
5028805,2201201842,6398761,5,Will definitely order again.,Product Quality,Positive,2023-02-10,2023,February
6766887,200000051,8632679,4,Very happy with the service!,Customer Service,Positive,2023-04-10,2023,April
4711738,409570377,12574626,1,Very disappointed with the quality.,Product Quality,Negative,2024-03-27,2024,March
835953,5944464513,34095555,3,Very disappointed with the quality.,Delivery,Negative,2023-03-25,2023,March
2320395,7064377287,26716400,4,Very fresh and well-packaged.,Product Quality,Positive,2024-02-09,2024,February
8525956,7763036477,26285589,3,The product met my expectations.,Product Quality,Neutral,2024-08-14,2024,August
8087614,7494002152,91382237,2,The packaging was poor.,Customer Service,Negative,2024-01-05,2024,January
8218608,692127479,67538982,1,Product was damaged during delivery.,Delivery,Negative,2024-09-07,2024,September
3801127,7544245121,87160527,5,Great prices and fast delivery!,Customer Service,Positive,2024-09-26,2024,September
4174680,4429641190,11562458,3,"It was okay, nothing special.",Customer Service,Neutral,2023-06-18,2023,June
8635005,8093366865,29451600,1,The packaging was poor.,Customer Service,Negative,2024-10-16,2024,October
7125255,6269075067,81382213,5,Items were in perfect condition.,App Experience,Positive,2023-11-16,2023,November
7305285,4056304110,211163,3,Very disappointed with the quality.,Product Quality,Negative,2023-11-25,2023,November
8488480,4447978623,31076002,5,"Overall good experience, thank you!",Delivery,Positive,2024-08-21,2024,August
9847528,5875285677,62510499,3,Items were missing from my order.,Delivery,Negative,2023-05-20,2023,May
2733106,4177774653,23844919,1,Very disappointed with the quality.,App Experience,Negative,2024-05-20,2024,May
9730829,502632296,9450435,1,Product was damaged during delivery.,Customer Service,Negative,2024-05-15,2024,May
9599937,5037688536,49756591,4,Customer service was very helpful.,App Experience,Positive,2024-02-24,2024,February
8774877,6844277478,47577193,4,"Nothing to complain about, but nothing exceptional.",Product Quality,Neutral,2024-08-28,2024,August
8545346,3368317718,70867736,5,Good selection of products.,Customer Service,Positive,2024-01-06,2024,January
9971179,913881994,13251137,4,"Nothing to complain about, but nothing exceptional.",App Experience,Neutral,2024-04-08,2024,April
7701161,6445700839,4988545,3,Very disappointed with the quality.,Customer Service,Negative,2024-06-03,2024,June
247967,101613683,43377076,4,"Average experience, could improve.",App Experience,Neutral,2023-06-29,2023,June
8538732,7094586913,82900175,3,Delivery was late and I was unhappy.,Product Quality,Negative,2023-01-10,2023,January
3637633,2478557609,58170168,5,Customer service was very helpful.,Delivery,Positive,2024-06-15,2024,June
1418143,9516720368,97466783,5,Great prices and fast delivery!,App Experience,Positive,2024-04-04,2024,April
8315550,3808010352,23126356,5,Great prices and fast delivery!,Customer Service,Positive,2024-02-17,2024,February
9905886,7921886899,11143197,3,The packaging was poor.,Customer Service,Negative,2023-01-07,2023,January
5505533,6818712547,66655397,4,Great prices and fast delivery!,Customer Service,Positive,2023-12-27,2023,December
4170052,4538204462,35812567,1,I had a bad experience.,App Experience,Negative,2024-02-26,2024,February
2618931,2008331630,36833857,4,The product met my expectations.,App Experience,Neutral,2023-07-13,2023,July
9925798,3901338038,63238941,5,Will definitely order again.,App Experience,Positive,2024-08-23,2024,August
7331564,1483786406,63451391,4,Good selection of products.,Delivery,Positive,2023-03-25,2023,March
4308893,5022936426,73377004,5,Very fresh and well-packaged.,Delivery,Positive,2023-09-18,2023,September
6916189,5470875365,55042740,3,"Delivery was fine, but the product could be better.",App Experience,Neutral,2024-03-31,2024,March
7799885,7144611408,33280073,2,The order was incorrect.,Customer Service,Negative,2023-08-18,2023,August
2509633,9411421675,61226563,4,"Average experience, could improve.",Delivery,Neutral,2024-01-24,2024,January
1577470,7315949343,14458150,4,"Average experience, could improve.",Delivery,Neutral,2023-09-17,2023,September
32434,9430475133,24621386,4,Good selection of products.,Customer Service,Positive,2023-03-25,2023,March
459934,3062145702,24821281,1,Very disappointed with the quality.,App Experience,Negative,2024-06-21,2024,June
3360819,6500458984,35912599,3,"Average experience, could improve.",Customer Service,Neutral,2023-08-11,2023,August
3097656,7429306851,62541176,4,"Nothing to complain about, but nothing exceptional.",Customer Service,Neutral,2024-04-22,2024,April
5356218,2687236003,83588803,3,The order was incorrect.,Customer Service,Negative,2024-10-01,2024,October
1795894,1885906938,13455530,4,The product met my expectations.,Delivery,Neutral,2023-09-10,2023,September
292488,9949334146,73363613,4,Items were in perfect condition.,Product Quality,Positive,2024-05-08,2024,May
9608612,2555454584,19182548,5,Highly recommended!,Customer Service,Positive,2023-12-08,2023,December
6397203,2503209946,26844216,1,Very disappointed with the quality.,Customer Service,Negative,2024-04-28,2024,April
2936594,2329563439,78157360,1,Product was damaged during delivery.,Customer Service,Negative,2023-03-11,2023,March
8748002,1041536174,93018527,2,Product was damaged during delivery.,Delivery,Negative,2023-06-15,2023,June
4811909,6631188689,8361353,4,"It was okay, nothing special.",Product Quality,Neutral,2024-03-28,2024,March
8963236,9300178512,26936578,3,The product met my expectations.,Customer Service,Neutral,2023-07-25,2023,July
7875906,1086881691,77035814,4,"Nothing to complain about, but nothing exceptional.",Delivery,Neutral,2024-10-04,2024,October
694806,8008880980,57505804,5,Great prices and fast delivery!,Customer Service,Positive,2024-04-18,2024,April
502958,2417680703,30823988,5,"Overall good experience, thank you!",Delivery,Positive,2024-11-02,2024,November
1401262,1117730990,96640716,4,"Nothing to complain about, but nothing exceptional.",Product Quality,Neutral,2024-08-23,2024,August
9250547,1678557345,49136375,2,Delivery was late and I was unhappy.,Customer Service,Negative,2024-12-05,2024,December
6116789,4505129824,17341194,4,Items were in perfect condition.,App Experience,Positive,2023-11-14,2023,November
9800229,8737295686,69749541,2,Delivery was late and I was unhappy.,App Experience,Negative,2023-11-12,2023,November
7669412,7997347191,31813,3,Product was damaged during delivery.,App Experience,Negative,2024-11-07,2024,November
589797,1930645698,35554129,4,"It was okay, nothing special.",Product Quality,Neutral,2024-07-08,2024,July
8255813,5393373590,5712468,4,"It was okay, nothing special.",Customer Service,Neutral,2024-09-27,2024,September
4669308,5851854765,82032191,4,"Delivery was fine, but the product could be better.",Customer Service,Neutral,2023-11-24,2023,November
9484726,3765179520,43784632,4,Highly recommended!,App Experience,Positive,2024-06-23,2024,June
8982404,683969424,98225598,4,Items were in perfect condition.,Product Quality,Positive,2023-10-08,2023,October
7575305,8459624382,64489709,4,"Delivery was fine, but the product could be better.",App Experience,Neutral,2023-08-22,2023,August
6219685,7110044004,62807542,3,"Delivery was fine, but the product could be better.",App Experience,Neutral,2023-04-24,2023,April
9833616,4302375314,96253172,1,Very disappointed with the quality.,Customer Service,Negative,2024-03-03,2024,March
5572624,1245307588,13760839,3,Customer service was not helpful.,Customer Service,Negative,2023-04-24,2023,April
5112022,3876260101,70420271,2,Not worth the price I paid.,App Experience,Negative,2023-11-09,2023,November
313310,3162263618,23676689,5,Very fresh and well-packaged.,Product Quality,Positive,2023-05-27,2023,May
7581449,655792395,11254582,4,Good selection of products.,Customer Service,Positive,2024-04-19,2024,April
1266740,7624743284,40392019,4,Customer service was very helpful.,Customer Service,Positive,2023-08-15,2023,August
2393336,4783962671,57765367,3,"It was okay, nothing special.",App Experience,Neutral,2023-09-10,2023,September
4433337,7166787473,97928541,3,Very disappointed with the quality.,Product Quality,Negative,2024-08-24,2024,August
9113801,9395228070,40275138,4,Good selection of products.,Product Quality,Positive,2024-12-09,2024,December
2858625,902157975,80371626,3,"Nothing to complain about, but nothing exceptional.",Customer Service,Neutral,2023-12-04,2023,December
910963,6947741744,49617531,4,"Overall good experience, thank you!",Product Quality,Positive,2023-10-07,2023,October
2488096,4788498083,16420489,2,Delivery was late and I was unhappy.,Customer Service,Negative,2023-09-17,2023,September
6159321,8070127087,27709218,2,Customer service was not helpful.,Product Quality,Negative,2024-08-22,2024,August
9620010,5191429552,14944819,4,"Nothing to complain about, but nothing exceptional.",App Experience,Neutral,2023-12-23,2023,December
6821367,5220651138,91768226,2,Product was damaged during delivery.,Customer Service,Negative,2024-03-13,2024,March
4387983,2758734705,54797119,3,Not worth the price I paid.,App Experience,Negative,2023-02-08,2023,February
2119199,2907887532,85838438,2,The packaging was poor.,Customer Service,Negative,2023-11-19,2023,November
3673091,7388846009,59094034,3,"Delivery was fine, but the product could be better.",Customer Service,Neutral,2024-02-22,2024,February
5457849,2606843929,29415527,4,"Overall good experience, thank you!",Delivery,Positive,2024-06-14,2024,June
9538895,5637567433,91562028,4,"Delivery was fine, but the product could be better.",Customer Service,Neutral,2024-02-09,2024,February
218118,8838095431,41194825,1,Very disappointed with the quality.,App Experience,Negative,2023-06-05,2023,June
7506730,1564649286,77869660,3,The order was incorrect.,Customer Service,Negative,2023-06-12,2023,June
2258334,4098166849,33741801,3,"Nothing to complain about, but nothing exceptional.",App Experience,Neutral,2023-12-10,2023,December
9694829,8091143423,25128143,1,Not worth the price I paid.,App Experience,Negative,2023-11-23,2023,November
9266040,3024045336,54877984,4,"Average experience, could improve.",Customer Service,Neutral,2024-04-15,2024,April
4627941,6152984028,60732869,3,"Delivery was fine, but the product could be better.",Customer Service,Neutral,2023-08-29,2023,August
3410468,3450790653,87266831,1,Customer service was not helpful.,Product Quality,Negative,2023-08-27,2023,August
7808003,8028917900,57340963,4,"Overall good experience, thank you!",Delivery,Positive,2023-07-18,2023,July
5396591,7781884407,90666073,4,Very fresh and well-packaged.,App Experience,Positive,2024-11-08,2024,November
8508135,3483689828,7687234,4,"It was okay, nothing special.",Product Quality,Neutral,2023-07-28,2023,July
8893880,8341286014,31076002,1,Product was damaged during delivery.,Customer Service,Negative,2024-08-29,2024,August
9969996,7936106887,95309983,4,Customer service was very helpful.,App Experience,Positive,2024-07-05,2024,July
7347232,2247354978,6668498,5,Great prices and fast delivery!,Delivery,Positive,2024-09-26,2024,September
1826471,5347701114,22036818,4,"Average experience, could improve.",Product Quality,Neutral,2023-10-16,2023,October
1853157,7846068436,93507573,3,Delivery was late and I was unhappy.,App Experience,Negative,2023-11-29,2023,November
2016981,9893439302,67277562,1,Very disappointed with the quality.,Delivery,Negative,2023-05-09,2023,May
1179030,4160816433,2219590,3,The product met my expectations.,Customer Service,Neutral,2023-09-12,2023,September
904561,6000890622,62828341,2,Taste was not as expected.,Customer Service,Negative,2024-09-14,2024,September
6006476,7317676958,92356639,2,Delivery was late and I was unhappy.,App Experience,Negative,2023-02-07,2023,February
1580186,8620144614,20122449,3,The order was incorrect.,Product Quality,Negative,2024-10-07,2024,October
5214493,3940758882,40085705,4,Highly recommended!,Delivery,Positive,2024-01-24,2024,January
9089143,5216555041,30188374,1,I had a bad experience.,Delivery,Negative,2024-03-03,2024,March
3864692,5144793312,59518795,3,"Average experience, could improve.",App Experience,Neutral,2024-01-08,2024,January
6382544,7241413847,10048910,5,Very happy with the service!,Product Quality,Positive,2023-04-15,2023,April
5135582,3567610983,1816969,5,Very fresh and well-packaged.,Customer Service,Positive,2023-08-19,2023,August
5475798,16878685,37556526,4,Very fresh and well-packaged.,App Experience,Positive,2024-09-04,2024,September
7892860,951657166,63624332,1,Not worth the price I paid.,Delivery,Negative,2024-04-21,2024,April
2079618,4189022307,21597477,3,Delivery was late and I was unhappy.,Delivery,Negative,2024-05-05,2024,May
8823012,7378521428,10857389,2,Taste was not as expected.,App Experience,Negative,2024-04-24,2024,April
4208590,6266311709,67708491,4,"Nothing to complain about, but nothing exceptional.",Delivery,Neutral,2024-06-25,2024,June
2535594,7985347262,22483684,4,"Overall good experience, thank you!",Customer Service,Positive,2024-07-31,2024,July
800814,992764262,69240186,5,Highly recommended!,Customer Service,Positive,2023-11-14,2023,November
505293,3080291353,93937586,4,Will definitely order again.,Customer Service,Positive,2024-08-16,2024,August
4267974,5532188237,211163,4,Will definitely order again.,Product Quality,Positive,2024-09-06,2024,September
3189017,6814658453,55278329,3,The order was incorrect.,Customer Service,Negative,2023-09-28,2023,September
8661182,4861499558,2684440,5,"Overall good experience, thank you!",Customer Service,Positive,2024-03-20,2024,March
769039,2521042570,28394354,2,The packaging was poor.,Customer Service,Negative,2024-05-17,2024,May
3948471,5217781278,85658166,3,The product met my expectations.,App Experience,Neutral,2023-06-27,2023,June
9584921,8006034379,43784632,4,The product met my expectations.,Customer Service,Neutral,2024-03-05,2024,March
6051768,7380913411,49869358,3,"Nothing to complain about, but nothing exceptional.",App Experience,Neutral,2024-07-06,2024,July
2240470,7706841114,68016312,4,"Delivery was fine, but the product could be better.",Delivery,Neutral,2024-02-27,2024,February
434327,1561779937,76359458,1,Delivery was late and I was unhappy.,Delivery,Negative,2024-03-27,2024,March
2667736,7196559586,85658166,4,The product met my expectations.,App Experience,Neutral,2024-08-19,2024,August
2722298,2359961993,28995786,3,"Nothing to complain about, but nothing exceptional.",Customer Service,Neutral,2024-06-18,2024,June
2971389,243819964,98225598,2,Not worth the price I paid.,Product Quality,Negative,2023-03-12,2023,March
3645904,4806735178,8651281,4,"Nothing to complain about, but nothing exceptional.",App Experience,Neutral,2024-12-06,2024,December
9558043,9198762300,46185579,3,Not worth the price I paid.,Customer Service,Negative,2023-02-12,2023,February
796848,1105231941,29600229,3,The product met my expectations.,App Experience,Neutral,2024-01-20,2024,January
5396639,5533955218,38969732,3,"It was okay, nothing special.",App Experience,Neutral,2024-06-20,2024,June
7567102,5130246751,87641623,4,"It was okay, nothing special.",Customer Service,Neutral,2023-08-05,2023,August
3048275,4528445001,20163931,4,"It was okay, nothing special.",App Experience,Neutral,2024-04-19,2024,April
1307315,9503959018,31084686,4,Good selection of products.,Customer Service,Positive,2024-09-18,2024,September
8288925,4107052604,34668988,4,"It was okay, nothing special.",Product Quality,Neutral,2023-11-21,2023,November
1028267,5578822558,8817168,3,"Nothing to complain about, but nothing exceptional.",Delivery,Neutral,2023-06-08,2023,June
8867242,5506634472,6579892,4,"Overall good experience, thank you!",App Experience,Positive,2024-09-22,2024,September
5862796,4112426763,97825663,2,Very disappointed with the quality.,Product Quality,Negative,2024-09-24,2024,September
6536852,7157334145,90021871,4,Items were in perfect condition.,Customer Service,Positive,2023-09-10,2023,September
5226763,8423458672,60698094,4,"Average experience, could improve.",App Experience,Neutral,2023-03-20,2023,March
3646915,3011683470,65121696,4,Customer service was very helpful.,Customer Service,Positive,2023-03-20,2023,March
9483867,1884947290,75244116,4,"Overall good experience, thank you!",App Experience,Positive,2023-09-09,2023,September
4838671,558163882,39317905,3,Not worth the price I paid.,Product Quality,Negative,2024-11-07,2024,November
2695814,824869105,66943324,5,Highly recommended!,Delivery,Positive,2024-08-27,2024,August
8075814,4193492511,10683250,5,"Overall good experience, thank you!",Delivery,Positive,2023-02-10,2023,February
4503464,120996684,92455970,3,Delivery was late and I was unhappy.,Product Quality,Negative,2023-02-10,2023,February
5245175,2531932780,91500615,4,"Nothing to complain about, but nothing exceptional.",Product Quality,Neutral,2023-07-16,2023,July
6317302,8095547865,27620326,3,The product met my expectations.,Customer Service,Neutral,2023-03-19,2023,March
3558916,6894204435,10700664,4,"Average experience, could improve.",Customer Service,Neutral,2023-06-17,2023,June
9309562,9514917126,43599910,5,Very happy with the service!,Delivery,Positive,2024-07-29,2024,July
3645749,9329665908,57102800,4,Customer service was very helpful.,Product Quality,Positive,2023-07-15,2023,July
8689857,1435406360,1174162,4,"Nothing to complain about, but nothing exceptional.",Customer Service,Neutral,2023-11-12,2023,November
6810284,3460843508,32797235,1,The order was incorrect.,Customer Service,Negative,2023-10-21,2023,October
4832505,4762084133,72564495,4,"It was okay, nothing special.",Customer Service,Neutral,2024-09-29,2024,September
8573577,3884862300,51544662,4,"Nothing to complain about, but nothing exceptional.",Product Quality,Neutral,2024-02-21,2024,February
9710394,1990946411,82286725,4,"Overall good experience, thank you!",Product Quality,Positive,2024-05-16,2024,May
9115271,5054937065,9274874,1,Product was damaged during delivery.,Customer Service,Negative,2024-08-24,2024,August
7997014,9431652023,59890331,1,Customer service was not helpful.,Product Quality,Negative,2024-06-09,2024,June
9907044,2268736598,19259955,4,Items were in perfect condition.,Customer Service,Positive,2023-07-07,2023,July
8624509,2793638565,26844216,5,Will definitely order again.,Product Quality,Positive,2024-11-02,2024,November
277772,4168839407,12088552,4,Good selection of products.,Product Quality,Positive,2023-06-04,2023,June
4433508,7406514357,20298398,4,"Nothing to complain about, but nothing exceptional.",Delivery,Neutral,2024-07-02,2024,July
2200908,6087916798,89968482,3,Product was damaged during delivery.,Product Quality,Negative,2023-11-17,2023,November
3299950,4319962076,36146306,4,Very fresh and well-packaged.,Product Quality,Positive,2024-11-01,2024,November
7344441,3904134741,58631874,4,"Delivery was fine, but the product could be better.",Delivery,Neutral,2024-02-05,2024,February
9999293,3770123374,29415527,4,"Delivery was fine, but the product could be better.",Product Quality,Neutral,2023-11-19,2023,November
7772418,4494390731,34768050,5,Great prices and fast delivery!,Product Quality,Positive,2023-04-28,2023,April
7069842,6109777696,89699655,3,"Average experience, could improve.",App Experience,Neutral,2024-10-17,2024,October
9554397,1401372388,71411879,3,I had a bad experience.,Product Quality,Negative,2023-04-17,2023,April
3841538,4283973398,18791381,5,"Excellent quality, will buy again!",Customer Service,Positive,2023-09-14,2023,September
9559642,3261847147,67383024,4,Customer service was very helpful.,App Experience,Positive,2023-09-16,2023,September
8001293,3153811191,87335844,4,Will definitely order again.,Customer Service,Positive,2024-08-03,2024,August
4135195,2639216409,37702698,4,Great prices and fast delivery!,Customer Service,Positive,2024-10-03,2024,October
7143754,5948575331,92038780,4,Very happy with the service!,Product Quality,Positive,2024-09-05,2024,September
5339779,7792925364,59830126,4,Items were in perfect condition.,Product Quality,Positive,2024-10-23,2024,October
4459651,7286478750,91196901,3,"Delivery was fine, but the product could be better.",Customer Service,Neutral,2023-10-13,2023,October
9857854,9776505630,15661674,2,I had a bad experience.,Delivery,Negative,2023-04-19,2023,April
9095652,4527342708,81183415,4,Very happy with the service!,App Experience,Positive,2023-03-10,2023,March
42984,1124359689,97825663,3,Very disappointed with the quality.,Product Quality,Negative,2024-09-13,2024,September
3343062,3717458742,18113428,2,The order was incorrect.,App Experience,Negative,2023-08-28,2023,August
1066171,283675535,20238921,4,Will definitely order again.,Product Quality,Positive,2023-03-24,2023,March
7794000,6039353394,86479284,5,"Excellent quality, will buy again!",App Experience,Positive,2023-08-08,2023,August
2600473,6735917931,47206881,3,"Average experience, could improve.",Customer Service,Neutral,2023-09-27,2023,September
8779672,5155256671,19523856,4,Good selection of products.,App Experience,Positive,2024-08-14,2024,August
6190057,3984108726,31576845,2,I had a bad experience.,App Experience,Negative,2024-02-27,2024,February
9083592,2491374111,2361575,4,"Nothing to complain about, but nothing exceptional.",Delivery,Neutral,2024-10-08,2024,October
4151319,2043371805,45066676,3,Product was damaged during delivery.,Product Quality,Negative,2024-02-10,2024,February
3949778,9657782153,87251489,3,Delivery was late and I was unhappy.,Customer Service,Negative,2024-02-29,2024,February
2414365,9237289778,70168151,2,The order was incorrect.,App Experience,Negative,2024-05-29,2024,May
4023586,8917116859,91562028,4,"Delivery was fine, but the product could be better.",App Experience,Neutral,2024-05-07,2024,May
8948916,720578658,37551429,4,Customer service was very helpful.,App Experience,Positive,2024-02-06,2024,February
5866547,9122210530,15066187,4,"Excellent quality, will buy again!",Product Quality,Positive,2024-01-18,2024,January
9310606,3540524256,28205701,4,"Average experience, could improve.",App Experience,Neutral,2023-10-22,2023,October
6325764,1909520255,71276926,5,Customer service was very helpful.,Product Quality,Positive,2023-05-23,2023,May
780998,8022279737,83058329,3,Not worth the price I paid.,App Experience,Negative,2024-08-09,2024,August
1374697,7381549355,75082508,5,Great prices and fast delivery!,Customer Service,Positive,2023-09-28,2023,September
1671005,3998829973,44149982,2,Delivery was late and I was unhappy.,Customer Service,Negative,2023-10-10,2023,October
2897666,2895464675,94281220,4,The product met my expectations.,Product Quality,Neutral,2023-04-20,2023,April
6384262,3971098657,90919603,4,Good selection of products.,Customer Service,Positive,2024-05-26,2024,May
674920,5278249111,78267238,3,Product was damaged during delivery.,Product Quality,Negative,2024-01-03,2024,January
4451870,9810576443,42723554,4,The product met my expectations.,Product Quality,Neutral,2023-01-11,2023,January
1816876,4128844410,76438648,4,Highly recommended!,Product Quality,Positive,2023-07-20,2023,July
3839889,6103869123,16376189,5,Very happy with the service!,Product Quality,Positive,2023-06-06,2023,June
2322560,6595041423,57291761,3,"Delivery was fine, but the product could be better.",App Experience,Neutral,2024-07-23,2024,July
7956230,3991011923,19182548,2,Taste was not as expected.,App Experience,Negative,2024-07-02,2024,July
6215097,5275440923,67046342,3,The product met my expectations.,Customer Service,Neutral,2023-03-21,2023,March
3218067,6468633344,29324437,4,Very happy with the service!,Product Quality,Positive,2024-02-23,2024,February
2261684,9992859795,4356173,4,"Average experience, could improve.",Product Quality,Neutral,2023-12-11,2023,December
2429889,7518488485,54222320,1,I had a bad experience.,App Experience,Negative,2023-04-26,2023,April
6781156,9746950023,31776996,4,Highly recommended!,Delivery,Positive,2023-02-11,2023,February
2304492,2721433550,58873572,4,Items were in perfect condition.,Delivery,Positive,2023-07-06,2023,July
89109,6131680348,83701325,2,Very disappointed with the quality.,Delivery,Negative,2024-07-19,2024,July
9670615,2281544500,40692378,5,"Overall good experience, thank you!",Customer Service,Positive,2023-09-06,2023,September
6210544,4283802879,61020,4,Will definitely order again.,Delivery,Positive,2023-10-05,2023,October
9814043,8621732366,25722990,3,Not worth the price I paid.,Product Quality,Negative,2023-05-09,2023,May
9373392,3797679856,11562458,4,Very fresh and well-packaged.,Product Quality,Positive,2023-10-12,2023,October
6833836,8532100929,31831843,4,Items were in perfect condition.,Delivery,Positive,2023-06-11,2023,June
1330308,2973976544,96795047,4,"Overall good experience, thank you!",Product Quality,Positive,2024-09-19,2024,September
7044768,814260962,14974554,1,The packaging was poor.,Product Quality,Negative,2023-09-14,2023,September
9220874,9411848231,59545278,2,Delivery was late and I was unhappy.,Delivery,Negative,2024-05-15,2024,May
1355657,6637284724,36517334,2,Product was damaged during delivery.,Delivery,Negative,2023-08-09,2023,August
4464188,6497594124,39150258,2,Customer service was not helpful.,App Experience,Negative,2024-10-24,2024,October
4413461,7213146086,4862761,3,Taste was not as expected.,Delivery,Negative,2023-03-23,2023,March
1153173,5110274761,24821281,3,The product met my expectations.,Delivery,Neutral,2024-05-23,2024,May
5807954,1112110363,98625898,5,Customer service was very helpful.,Delivery,Positive,2024-01-20,2024,January
7068080,1209202931,29451600,5,Very happy with the service!,Product Quality,Positive,2023-06-27,2023,June
877092,6384745391,37095171,3,"Average experience, could improve.",Product Quality,Neutral,2024-08-17,2024,August
6378461,3367452972,61020,3,"It was okay, nothing special.",App Experience,Neutral,2024-08-31,2024,August
5360735,2317597587,68661619,3,"It was okay, nothing special.",Delivery,Neutral,2024-06-17,2024,June
6499583,2254884198,54893418,2,Not worth the price I paid.,Delivery,Negative,2023-01-07,2023,January
49225,679196318,18642306,4,Items were in perfect condition.,Delivery,Positive,2024-08-19,2024,August
2020446,2185319815,19180962,3,Items were missing from my order.,Delivery,Negative,2024-02-03,2024,February
5592151,5965281449,17597449,4,Great prices and fast delivery!,Delivery,Positive,2023-06-26,2023,June
6385985,8616726869,37691544,3,Not worth the price I paid.,Customer Service,Negative,2024-10-01,2024,October
6303815,4786027510,5001749,4,"It was okay, nothing special.",Delivery,Neutral,2024-09-30,2024,September
443450,4910445344,44030130,4,"It was okay, nothing special.",Product Quality,Neutral,2024-05-18,2024,May
6316729,7629577899,23348269,4,The product met my expectations.,Customer Service,Neutral,2023-12-14,2023,December
3076332,4769055037,66742602,4,Very happy with the service!,Product Quality,Positive,2023-10-08,2023,October
2825859,8476029654,77085443,2,Product was damaged during delivery.,Delivery,Negative,2023-11-17,2023,November
3300971,7809866112,3999964,1,Delivery was late and I was unhappy.,Product Quality,Negative,2024-11-07,2024,November
2851803,5453896364,59840071,1,Customer service was not helpful.,Delivery,Negative,2023-06-24,2023,June
5284957,9080432189,50080663,2,Customer service was not helpful.,Product Quality,Negative,2024-08-27,2024,August
8848282,3079758919,16410155,3,Product was damaged during delivery.,Product Quality,Negative,2024-08-22,2024,August
1299237,4076039325,27604184,5,"Overall good experience, thank you!",Customer Service,Positive,2024-12-08,2024,December
2354752,9239241275,57291761,2,Customer service was not helpful.,Delivery,Negative,2024-07-02,2024,July
1228688,4864829217,26521850,3,Delivery was late and I was unhappy.,Product Quality,Negative,2023-09-19,2023,September
7092340,5108704843,10951674,2,The order was incorrect.,Delivery,Negative,2024-04-04,2024,April
1259060,8049805410,23098216,2,Product was damaged during delivery.,Delivery,Negative,2024-09-27,2024,September
385418,4711642504,76850859,1,Items were missing from my order.,Delivery,Negative,2024-08-15,2024,August
5504253,8952094523,85626346,4,Highly recommended!,Customer Service,Positive,2023-11-14,2023,November
5228421,4285784267,82169898,5,Highly recommended!,App Experience,Positive,2024-04-15,2024,April
1298762,7494670835,38728779,3,"Average experience, could improve.",Delivery,Neutral,2024-01-18,2024,January
528276,7667090453,66135710,3,"Nothing to complain about, but nothing exceptional.",App Experience,Neutral,2023-06-23,2023,June
7060904,2193572534,19682060,4,Will definitely order again.,Product Quality,Positive,2023-03-26,2023,March
4347700,5357089776,44223796,2,The order was incorrect.,Customer Service,Negative,2024-09-30,2024,September
9399814,1191016829,51661209,4,Will definitely order again.,App Experience,Positive,2023-06-27,2023,June
4219729,549484032,79206969,5,Will definitely order again.,Delivery,Positive,2023-04-13,2023,April
1112419,8164076900,91408854,2,Very disappointed with the quality.,Delivery,Negative,2023-06-18,2023,June
3988891,7136165651,59485034,3,Product was damaged during delivery.,App Experience,Negative,2024-09-30,2024,September
2028970,5368349643,46504355,5,Great prices and fast delivery!,Delivery,Positive,2023-05-22,2023,May
8691039,6965901435,33741801,1,I had a bad experience.,Delivery,Negative,2024-10-16,2024,October
5491124,6687307827,88532418,5,Customer service was very helpful.,Delivery,Positive,2023-04-19,2023,April
3644762,475294138,31084686,1,Taste was not as expected.,App Experience,Negative,2023-12-29,2023,December
3369900,9047534059,41647393,3,"It was okay, nothing special.",Product Quality,Neutral,2023-08-12,2023,August
7725341,2807487047,90448312,4,Highly recommended!,Product Quality,Positive,2024-03-11,2024,March
1821177,5840148195,66269844,4,The product met my expectations.,Product Quality,Neutral,2024-01-22,2024,January
7395665,3758135932,77007315,4,"Overall good experience, thank you!",Delivery,Positive,2023-08-25,2023,August
8442312,1978476136,97315135,4,"It was okay, nothing special.",App Experience,Neutral,2024-06-22,2024,June
3420098,423648434,82989313,3,"It was okay, nothing special.",Delivery,Neutral,2024-10-30,2024,October
4268297,7201868330,89669139,2,The order was incorrect.,Product Quality,Negative,2024-02-20,2024,February
2062790,9710106935,14458150,4,The product met my expectations.,Delivery,Neutral,2023-04-17,2023,April
5063997,4432235479,9278983,2,Product was damaged during delivery.,Delivery,Negative,2024-09-27,2024,September
3440583,6951956244,60656482,5,Will definitely order again.,Delivery,Positive,2023-10-30,2023,October
5898133,378485826,75739462,5,Great prices and fast delivery!,Delivery,Positive,2024-03-27,2024,March
249866,8982211913,23984022,5,Very fresh and well-packaged.,App Experience,Positive,2024-09-19,2024,September
4223677,6487868576,49136375,4,Highly recommended!,App Experience,Positive,2023-10-25,2023,October
292869,2973502797,74694186,4,Highly recommended!,App Experience,Positive,2024-02-06,2024,February
862999,4105022903,21282544,4,Highly recommended!,Customer Service,Positive,2023-08-20,2023,August
6773477,3668828731,72889295,2,Very disappointed with the quality.,App Experience,Negative,2024-10-08,2024,October
9387680,8644734267,23348269,2,I had a bad experience.,Delivery,Negative,2023-12-10,2023,December
8380042,3757871565,9401406,3,Delivery was late and I was unhappy.,Product Quality,Negative,2023-10-08,2023,October
7472189,5770510806,47955004,3,"It was okay, nothing special.",Customer Service,Neutral,2024-01-23,2024,January
2610215,4514836077,60834500,4,Very fresh and well-packaged.,Customer Service,Positive,2023-10-06,2023,October
5711326,5927852227,37556526,3,"Delivery was fine, but the product could be better.",Product Quality,Neutral,2024-12-04,2024,December
7132117,350719542,18642306,3,"Nothing to complain about, but nothing exceptional.",Customer Service,Neutral,2024-06-10,2024,June
5679464,868288823,65772743,4,Items were in perfect condition.,App Experience,Positive,2024-06-03,2024,June
9442728,7199670826,22694456,4,"Nothing to complain about, but nothing exceptional.",Product Quality,Neutral,2024-01-17,2024,January
1136687,3091948113,77306672,4,"Overall good experience, thank you!",App Experience,Positive,2024-02-13,2024,February
5869531,5793742966,83412446,5,Customer service was very helpful.,Product Quality,Positive,2024-04-01,2024,April
8860193,7347109009,75632045,4,The product met my expectations.,App Experience,Neutral,2023-09-24,2023,September
9459732,7078912146,36142455,5,Good selection of products.,Delivery,Positive,2023-09-18,2023,September
4489265,2480856222,30373140,5,Highly recommended!,Product Quality,Positive,2023-08-11,2023,August
7891822,281421547,88520326,3,Items were missing from my order.,Product Quality,Negative,2023-05-20,2023,May
9961760,5226963306,96628029,1,Items were missing from my order.,Product Quality,Negative,2024-06-23,2024,June
2913936,7316642056,92404798,5,Very happy with the service!,Customer Service,Positive,2024-10-02,2024,October
8747347,8997415290,85490177,4,"Delivery was fine, but the product could be better.",Customer Service,Neutral,2024-08-14,2024,August
6158304,6737025662,44928499,4,The product met my expectations.,Delivery,Neutral,2023-03-28,2023,March
3815674,8395290763,88312515,5,Items were in perfect condition.,App Experience,Positive,2024-05-31,2024,May
603426,7261119579,65903057,4,"It was okay, nothing special.",App Experience,Neutral,2024-06-07,2024,June
1682266,9938037878,9796585,4,"It was okay, nothing special.",Customer Service,Neutral,2024-10-29,2024,October
8453251,7154987905,63802820,5,Highly recommended!,Product Quality,Positive,2024-06-10,2024,June
9323563,3605534244,57526322,3,The order was incorrect.,Customer Service,Negative,2024-01-17,2024,January
595801,5626601040,19091057,4,Very fresh and well-packaged.,Product Quality,Positive,2024-02-26,2024,February
772991,2577064886,63948546,3,"Delivery was fine, but the product could be better.",Product Quality,Neutral,2024-07-06,2024,July
7574546,2561362173,33481252,4,"It was okay, nothing special.",App Experience,Neutral,2023-05-30,2023,May
2577485,2793120553,6622751,1,The order was incorrect.,App Experience,Negative,2023-06-24,2023,June
6378668,4476563699,59222551,4,"Delivery was fine, but the product could be better.",Delivery,Neutral,2023-11-09,2023,November
8643386,1580021952,30317733,5,Customer service was very helpful.,App Experience,Positive,2024-10-24,2024,October
8602869,7263454149,13760839,3,Customer service was not helpful.,Customer Service,Negative,2023-10-14,2023,October
1188667,4371924002,75944533,2,I had a bad experience.,App Experience,Negative,2024-10-21,2024,October
7036962,2955277471,79960955,1,Delivery was late and I was unhappy.,Product Quality,Negative,2023-06-12,2023,June
3322510,9445490338,6812439,3,"It was okay, nothing special.",Customer Service,Neutral,2023-05-23,2023,May
6245963,2668915104,19180962,4,Will definitely order again.,Customer Service,Positive,2023-01-12,2023,January
7907633,1045621584,85340038,3,"Average experience, could improve.",App Experience,Neutral,2023-12-19,2023,December
3651259,4550545705,17805991,4,"Excellent quality, will buy again!",Delivery,Positive,2024-06-21,2024,June
3929259,3373390154,68703613,1,I had a bad experience.,Product Quality,Negative,2024-07-24,2024,July
4594226,5142985961,2457734,3,Customer service was not helpful.,Delivery,Negative,2024-07-02,2024,July
7429066,649220272,67696145,3,Not worth the price I paid.,Product Quality,Negative,2023-09-23,2023,September
9807295,5023958886,12832151,5,"Excellent quality, will buy again!",Customer Service,Positive,2024-09-24,2024,September
725007,9993542681,42589311,4,"Nothing to complain about, but nothing exceptional.",App Experience,Neutral,2023-05-23,2023,May
659804,4380367305,8955057,4,"It was okay, nothing special.",App Experience,Neutral,2024-08-04,2024,August
2294333,3626113485,97286925,5,Will definitely order again.,Product Quality,Positive,2024-03-26,2024,March
999440,4399099668,44050697,3,"Average experience, could improve.",Delivery,Neutral,2023-06-18,2023,June
8226687,3760880745,8791577,4,"It was okay, nothing special.",Product Quality,Neutral,2024-10-13,2024,October
4724144,1803155516,98088303,1,Customer service was not helpful.,Product Quality,Negative,2023-06-21,2023,June
2946097,4413782983,47515046,3,"It was okay, nothing special.",App Experience,Neutral,2023-01-06,2023,January
7220721,6766424456,21866852,4,"Delivery was fine, but the product could be better.",App Experience,Neutral,2024-10-04,2024,October
9664520,8701531535,52613657,1,Delivery was late and I was unhappy.,Delivery,Negative,2024-03-09,2024,March
6802786,3961971562,89811984,4,"Delivery was fine, but the product could be better.",Product Quality,Neutral,2024-04-19,2024,April
5581175,1337510774,80800079,4,The product met my expectations.,App Experience,Neutral,2024-07-19,2024,July
5180990,8859147707,78394303,4,"Nothing to complain about, but nothing exceptional.",Customer Service,Neutral,2024-03-29,2024,March
723543,5850669672,24137201,3,"Nothing to complain about, but nothing exceptional.",App Experience,Neutral,2023-10-06,2023,October
9287401,1183906926,60385293,3,Customer service was not helpful.,Product Quality,Negative,2023-12-29,2023,December
7832319,6277509652,71956734,4,"Average experience, could improve.",Customer Service,Neutral,2024-10-31,2024,October
68625,72748189,82286725,4,"Nothing to complain about, but nothing exceptional.",Product Quality,Neutral,2023-06-18,2023,June
9353375,3164922639,74230420,4,"It was okay, nothing special.",Customer Service,Neutral,2024-05-05,2024,May
8443186,1768504415,20209237,4,Items were in perfect condition.,App Experience,Positive,2023-09-15,2023,September
9643753,8173155169,56441247,5,Will definitely order again.,App Experience,Positive,2024-06-01,2024,June
1874247,6164820061,91789216,3,"Average experience, could improve.",App Experience,Neutral,2023-05-26,2023,May
2936081,768283559,24621386,5,Highly recommended!,App Experience,Positive,2024-09-02,2024,September
5441986,5091744424,53624677,4,"Delivery was fine, but the product could be better.",Customer Service,Neutral,2023-11-15,2023,November
6670600,932482893,81088747,4,"It was okay, nothing special.",Customer Service,Neutral,2024-07-24,2024,July
6865531,4588148640,24137201,1,The packaging was poor.,Product Quality,Negative,2023-03-19,2023,March
5535770,8120457107,97664747,5,"Excellent quality, will buy again!",Delivery,Positive,2024-01-27,2024,January
3478785,6107471725,81940369,4,Customer service was very helpful.,App Experience,Positive,2023-08-26,2023,August
1254042,7001417958,22358567,4,"It was okay, nothing special.",App Experience,Neutral,2024-03-28,2024,March
8084167,7983443604,39717448,4,"It was okay, nothing special.",App Experience,Neutral,2024-01-18,2024,January
8042237,3057907418,81757554,1,Items were missing from my order.,Product Quality,Negative,2024-04-04,2024,April
4437518,3312147996,67711384,4,"Delivery was fine, but the product could be better.",Product Quality,Neutral,2024-06-06,2024,June
7071386,6822269883,69276352,4,Highly recommended!,Customer Service,Positive,2024-01-15,2024,January
1889158,5004539711,73933840,3,"It was okay, nothing special.",Delivery,Neutral,2023-07-28,2023,July
8914932,2426015858,22081691,4,"It was okay, nothing special.",Delivery,Neutral,2024-03-06,2024,March
4833861,4415332793,7333934,1,Product was damaged during delivery.,Product Quality,Negative,2024-04-25,2024,April
2778322,1256813796,12832151,5,Highly recommended!,App Experience,Positive,2024-09-05,2024,September
8843597,633633688,71694275,3,"Average experience, could improve.",Customer Service,Neutral,2023-04-09,2023,April
5413332,8311814996,50953418,4,"Delivery was fine, but the product could be better.",Product Quality,Neutral,2023-09-09,2023,September
1870724,1441735184,41181125,3,"It was okay, nothing special.",Customer Service,Neutral,2024-10-31,2024,October
5206838,1525742840,39042103,1,Customer service was not helpful.,App Experience,Negative,2024-06-24,2024,June
4629325,1947080315,54837637,1,Customer service was not helpful.,Product Quality,Negative,2023-09-10,2023,September
9289593,5682081545,57340963,5,Very fresh and well-packaged.,Delivery,Positive,2024-11-07,2024,November
1340060,8100817128,41494517,4,"Overall good experience, thank you!",App Experience,Positive,2023-01-04,2023,January
1447100,6051792089,68906393,3,I had a bad experience.,Customer Service,Negative,2024-07-23,2024,July
6228456,1158173915,27746432,3,I had a bad experience.,Delivery,Negative,2023-08-13,2023,August
983879,266072469,49529811,4,"Overall good experience, thank you!",App Experience,Positive,2023-02-08,2023,February
5482726,2529883737,94529626,1,Not worth the price I paid.,Customer Service,Negative,2023-10-08,2023,October
600446,9090089969,10951674,3,Delivery was late and I was unhappy.,Customer Service,Negative,2023-02-08,2023,February
1175026,7102272749,10508763,1,Items were missing from my order.,Product Quality,Negative,2024-09-04,2024,September
6335870,4948925080,21201299,4,"Overall good experience, thank you!",App Experience,Positive,2023-04-27,2023,April
7225314,9463013186,11928321,5,Good selection of products.,App Experience,Positive,2023-06-29,2023,June
8538209,5581013292,97557157,3,Not worth the price I paid.,Product Quality,Negative,2024-09-17,2024,September
9482081,7009619835,11063505,4,"Nothing to complain about, but nothing exceptional.",Customer Service,Neutral,2024-10-28,2024,October
5603065,9177283950,33472376,3,"Average experience, could improve.",Product Quality,Neutral,2023-08-25,2023,August
4787628,9359187866,60732869,3,"Nothing to complain about, but nothing exceptional.",App Experience,Neutral,2023-12-18,2023,December
6028739,1524480475,14161586,1,The packaging was poor.,Customer Service,Negative,2024-06-23,2024,June
3354327,3829990099,60379302,3,I had a bad experience.,Customer Service,Negative,2024-05-02,2024,May
6206880,1058609445,51341672,4,Will definitely order again.,Product Quality,Positive,2024-09-07,2024,September
3225831,1022764286,62243869,3,"Average experience, could improve.",Delivery,Neutral,2024-04-21,2024,April
8946007,1913299658,84377964,5,Will definitely order again.,Product Quality,Positive,2023-12-25,2023,December
3472006,5305443623,80476444,4,"Excellent quality, will buy again!",Product Quality,Positive,2024-01-13,2024,January
5641400,4074369199,18259715,4,Very happy with the service!,App Experience,Positive,2024-06-19,2024,June
4877749,9966404015,85072416,2,Product was damaged during delivery.,Customer Service,Negative,2023-10-08,2023,October
7575431,3192917514,16617201,4,Great prices and fast delivery!,Delivery,Positive,2024-10-05,2024,October
5476639,1256718210,6812439,4,The product met my expectations.,Product Quality,Neutral,2023-05-24,2023,May
759934,6067839426,30317733,5,Very fresh and well-packaged.,Delivery,Positive,2023-08-24,2023,August
5539145,2254923956,80696046,4,"Delivery was fine, but the product could be better.",Product Quality,Neutral,2024-08-19,2024,August
8357382,7367673526,97144544,5,Good selection of products.,Customer Service,Positive,2024-01-05,2024,January
172813,9467422683,10562528,2,I had a bad experience.,Product Quality,Negative,2023-09-21,2023,September
5709964,819853692,32656885,3,The product met my expectations.,App Experience,Neutral,2024-04-07,2024,April
786461,3070834475,80269328,5,Very happy with the service!,App Experience,Positive,2024-03-10,2024,March
277249,3620552357,82918668,5,Customer service was very helpful.,Customer Service,Positive,2024-06-19,2024,June
9517520,5938542755,3408982,1,Delivery was late and I was unhappy.,App Experience,Negative,2023-07-31,2023,July
29565,9315535975,70220141,3,"It was okay, nothing special.",App Experience,Neutral,2023-11-16,2023,November
7673567,3547873471,11478478,3,Product was damaged during delivery.,Product Quality,Negative,2024-08-10,2024,August
2079367,6546999829,27381533,4,"Average experience, could improve.",Delivery,Neutral,2023-06-10,2023,June
9317864,9039495201,25770577,3,"Nothing to complain about, but nothing exceptional.",Customer Service,Neutral,2024-03-27,2024,March
4410592,99708985,91130614,2,Not worth the price I paid.,App Experience,Negative,2023-11-19,2023,November
1873050,6312811061,51661209,1,Product was damaged during delivery.,Delivery,Negative,2024-08-31,2024,August
5459836,3915885220,54580166,4,"Excellent quality, will buy again!",App Experience,Positive,2024-06-21,2024,June
356447,6654736751,45804389,1,Very disappointed with the quality.,Delivery,Negative,2023-04-25,2023,April
5700319,841915361,93318833,4,"It was okay, nothing special.",Customer Service,Neutral,2024-10-31,2024,October
7013639,2543233800,46686696,3,"Average experience, could improve.",Customer Service,Neutral,2023-09-23,2023,September
1464580,5271947935,1601161,3,"It was okay, nothing special.",Customer Service,Neutral,2024-08-26,2024,August
5512827,6339554317,17132416,4,Customer service was very helpful.,Delivery,Positive,2023-06-14,2023,June
5489330,1840475676,27971619,5,"Excellent quality, will buy again!",Customer Service,Positive,2024-05-27,2024,May
3730382,6812031667,66023110,3,Very disappointed with the quality.,Customer Service,Negative,2023-12-12,2023,December
6718267,3031698482,75213636,2,Product was damaged during delivery.,App Experience,Negative,2024-11-10,2024,November
1020775,7902025520,78725001,2,Very disappointed with the quality.,Product Quality,Negative,2024-02-01,2024,February
4114443,1969446314,29584848,1,Items were missing from my order.,Delivery,Negative,2023-05-09,2023,May
3841707,9949497098,8881320,5,Great prices and fast delivery!,Delivery,Positive,2024-10-28,2024,October
9304078,4572338018,59141605,4,"It was okay, nothing special.",Customer Service,Neutral,2023-04-05,2023,April
5831923,2964153358,78725001,4,Very happy with the service!,Delivery,Positive,2023-12-06,2023,December
2621125,7642038633,27709218,3,The order was incorrect.,Delivery,Negative,2024-10-03,2024,October
3638438,8208980848,17341194,5,Very happy with the service!,App Experience,Positive,2024-02-21,2024,February
8715578,3343789681,20689141,5,"Excellent quality, will buy again!",Delivery,Positive,2023-05-27,2023,May
2424668,9478305481,92409489,3,The product met my expectations.,Customer Service,Neutral,2024-02-02,2024,February
7705557,3475260976,57291761,1,The order was incorrect.,Customer Service,Negative,2023-03-26,2023,March
7510576,3665443705,14330483,2,Customer service was not helpful.,Product Quality,Negative,2024-09-08,2024,September
3435466,673592541,75213636,3,The packaging was poor.,Delivery,Negative,2024-05-04,2024,May
7256577,8074949320,14472401,3,"It was okay, nothing special.",Delivery,Neutral,2023-08-17,2023,August
7431655,8056021378,95558510,3,Not worth the price I paid.,App Experience,Negative,2023-04-11,2023,April
9438059,2331582000,6637282,3,"Average experience, could improve.",Product Quality,Neutral,2024-03-16,2024,March
7977590,5844776722,10038382,2,The packaging was poor.,Product Quality,Negative,2024-10-01,2024,October
3356696,8426465860,88045094,1,The order was incorrect.,App Experience,Negative,2024-02-29,2024,February
6821444,9057555029,60446619,3,Delivery was late and I was unhappy.,App Experience,Negative,2024-02-02,2024,February
8058385,2210486526,65406127,1,Product was damaged during delivery.,Customer Service,Negative,2023-12-13,2023,December
8830299,6421432903,66766629,4,"Excellent quality, will buy again!",Delivery,Positive,2024-01-30,2024,January
4064423,3562901354,5039883,4,"It was okay, nothing special.",App Experience,Neutral,2024-06-05,2024,June
7387709,8194268842,17929886,3,"Nothing to complain about, but nothing exceptional.",App Experience,Neutral,2024-08-15,2024,August
8624078,7524467684,22321208,5,Items were in perfect condition.,Customer Service,Positive,2023-04-25,2023,April
9473991,1254195766,60399360,5,Great prices and fast delivery!,Customer Service,Positive,2023-12-21,2023,December
1687375,6476646153,60967677,3,The product met my expectations.,App Experience,Neutral,2024-06-10,2024,June
4118129,8278568103,28876580,4,"Overall good experience, thank you!",App Experience,Positive,2024-06-08,2024,June
9221056,8589621333,38420886,2,The packaging was poor.,Customer Service,Negative,2023-01-10,2023,January
5058986,8531683720,85747175,3,Customer service was not helpful.,Product Quality,Negative,2024-10-25,2024,October
6203968,327291657,67729191,5,Highly recommended!,Delivery,Positive,2024-07-15,2024,July
9598125,6159164139,35690581,1,The packaging was poor.,Delivery,Negative,2024-06-04,2024,June
7822817,8029863164,50652909,1,Items were missing from my order.,Product Quality,Negative,2023-10-22,2023,October
1345587,9387824629,96989204,3,Very disappointed with the quality.,Delivery,Negative,2023-12-30,2023,December
9585407,3289836195,18082040,5,Highly recommended!,Customer Service,Positive,2024-05-29,2024,May
2004729,5001931575,23380116,5,Will definitely order again.,App Experience,Positive,2024-10-28,2024,October
5997297,7258292820,20689141,3,"Nothing to complain about, but nothing exceptional.",Product Quality,Neutral,2023-08-13,2023,August
4634192,4924862857,65294340,1,The order was incorrect.,Delivery,Negative,2023-08-08,2023,August
5584340,8666314034,21697638,3,Customer service was not helpful.,Product Quality,Negative,2023-04-21,2023,April
1839372,6775326324,16379942,3,"Nothing to complain about, but nothing exceptional.",App Experience,Neutral,2023-06-17,2023,June
6305813,6092636899,53025962,5,Very happy with the service!,Product Quality,Positive,2024-10-26,2024,October
3025053,4115558056,98088303,4,The product met my expectations.,App Experience,Neutral,2024-04-17,2024,April
8970528,2352136184,75289676,3,"Average experience, could improve.",App Experience,Neutral,2023-11-21,2023,November
4748669,1706445141,93370787,3,Taste was not as expected.,App Experience,Negative,2024-11-03,2024,November
9304849,9000165912,65895091,3,The product met my expectations.,Product Quality,Neutral,2023-08-20,2023,August
6525511,7457305850,76857266,5,Will definitely order again.,Delivery,Positive,2023-08-12,2023,August
6348419,9685973820,34281470,4,"Delivery was fine, but the product could be better.",Product Quality,Neutral,2024-04-20,2024,April
4523320,168067196,11071601,3,"Average experience, could improve.",App Experience,Neutral,2024-07-16,2024,July
8562940,6105240201,53299455,5,Good selection of products.,Product Quality,Positive,2024-05-22,2024,May
3797948,1888247163,79630614,1,The packaging was poor.,App Experience,Negative,2024-09-02,2024,September
2228327,7145162326,35459748,5,Very fresh and well-packaged.,App Experience,Positive,2023-06-23,2023,June
3185741,7611231659,78841932,3,Product was damaged during delivery.,Customer Service,Negative,2023-09-22,2023,September
6342987,4508784747,3483295,3,The product met my expectations.,Product Quality,Neutral,2024-11-03,2024,November
3152074,2567590825,13604883,4,"It was okay, nothing special.",App Experience,Neutral,2023-10-10,2023,October
9977924,9255982861,83867512,4,"Average experience, could improve.",Customer Service,Neutral,2024-10-17,2024,October
384929,4102063254,86067293,2,Product was damaged during delivery.,App Experience,Negative,2024-01-13,2024,January
8067240,7373931740,49117070,4,"Nothing to complain about, but nothing exceptional.",Product Quality,Neutral,2024-08-27,2024,August
502705,5682816404,10830043,4,Very fresh and well-packaged.,App Experience,Positive,2023-10-07,2023,October
5955616,544018743,67310893,4,Highly recommended!,App Experience,Positive,2024-03-31,2024,March
4707258,3292929952,29272253,2,Product was damaged during delivery.,Delivery,Negative,2024-10-09,2024,October
3275204,9144790321,15808945,3,Product was damaged during delivery.,Delivery,Negative,2023-04-17,2023,April
3930670,9075991438,3999964,4,The product met my expectations.,App Experience,Neutral,2023-06-21,2023,June
9081467,3634813810,32527479,3,The product met my expectations.,Product Quality,Neutral,2024-12-08,2024,December
8349357,8250406975,9573071,3,The product met my expectations.,App Experience,Neutral,2023-07-12,2023,July
8085505,5877618756,80571942,3,The product met my expectations.,App Experience,Neutral,2023-07-07,2023,July
5010654,2419292139,79916464,2,Customer service was not helpful.,App Experience,Negative,2024-05-31,2024,May
2696681,9547123332,66485571,5,Highly recommended!,Product Quality,Positive,2023-07-06,2023,July
4096289,6968636396,38902193,3,Items were missing from my order.,Customer Service,Negative,2024-02-04,2024,February
5929487,5247557644,44410149,4,"Delivery was fine, but the product could be better.",Delivery,Neutral,2023-05-20,2023,May
4930305,7731193394,88553721,4,Great prices and fast delivery!,Customer Service,Positive,2024-10-15,2024,October
3153160,6048321120,24357425,4,"Excellent quality, will buy again!",App Experience,Positive,2024-07-25,2024,July
4889229,8494582006,60967677,3,The product met my expectations.,Product Quality,Neutral,2023-04-05,2023,April
2002715,5600781757,67386193,3,Taste was not as expected.,App Experience,Negative,2023-06-18,2023,June
7379581,495091707,56457995,5,Highly recommended!,App Experience,Positive,2024-09-16,2024,September
4314327,3239613823,966247,2,The packaging was poor.,Customer Service,Negative,2024-04-18,2024,April
2369256,3643352219,97928781,1,Customer service was not helpful.,App Experience,Negative,2023-09-15,2023,September
5188558,2051599638,44409533,1,I had a bad experience.,Product Quality,Negative,2023-04-22,2023,April
1271185,3514859549,16561710,4,"Nothing to complain about, but nothing exceptional.",Customer Service,Neutral,2023-12-21,2023,December
3914485,3907599008,31328762,4,The product met my expectations.,Customer Service,Neutral,2023-12-12,2023,December
9471210,1534993603,97507853,4,"Nothing to complain about, but nothing exceptional.",Customer Service,Neutral,2024-07-01,2024,July
2743823,8980701254,1601161,4,Customer service was very helpful.,Customer Service,Positive,2024-12-05,2024,December
5003269,6695408903,38613642,4,The product met my expectations.,Customer Service,Neutral,2023-05-24,2023,May
3274280,3268455899,4439806,1,Product was damaged during delivery.,Delivery,Negative,2023-09-16,2023,September
7736053,7809161755,12778027,4,Very happy with the service!,Product Quality,Positive,2023-10-04,2023,October
4647007,8873697539,91384030,4,Good selection of products.,Delivery,Positive,2024-02-14,2024,February
1722620,8603941640,82948843,2,Taste was not as expected.,Customer Service,Negative,2024-06-01,2024,June
426019,8308184279,57658033,5,Very fresh and well-packaged.,Delivery,Positive,2023-06-19,2023,June
8634012,7572826287,71252391,3,"Nothing to complain about, but nothing exceptional.",App Experience,Neutral,2023-04-23,2023,April
6180564,7478396641,77007315,4,The product met my expectations.,Product Quality,Neutral,2023-05-12,2023,May
656135,3569283921,53636086,5,Very fresh and well-packaged.,Product Quality,Positive,2023-10-27,2023,October
9873588,9947619677,6398761,3,Delivery was late and I was unhappy.,Product Quality,Negative,2024-08-20,2024,August
1962583,5396237918,8228843,4,"Average experience, could improve.",Delivery,Neutral,2024-01-31,2024,January
770300,455878765,55733729,2,Delivery was late and I was unhappy.,Customer Service,Negative,2024-06-07,2024,June
7360651,2079195080,85518832,4,Very fresh and well-packaged.,App Experience,Positive,2024-03-30,2024,March
3458028,6104211214,62816600,2,Very disappointed with the quality.,Customer Service,Negative,2024-07-21,2024,July
518878,9442939134,92245432,4,The product met my expectations.,App Experience,Neutral,2024-08-24,2024,August
7800038,3317293496,76917159,1,Not worth the price I paid.,Delivery,Negative,2024-02-13,2024,February
8232663,8243326501,31681710,2,Items were missing from my order.,App Experience,Negative,2024-01-21,2024,January
3569673,4109483569,92416428,1,The order was incorrect.,Delivery,Negative,2024-10-03,2024,October
3522911,5390352336,13462905,4,Very fresh and well-packaged.,Delivery,Positive,2024-07-15,2024,July
4552421,2581584982,25770577,5,Customer service was very helpful.,App Experience,Positive,2023-10-20,2023,October
3829031,1668737869,69908484,5,"Excellent quality, will buy again!",Product Quality,Positive,2023-03-23,2023,March
4125665,5046906329,65543312,1,The order was incorrect.,Customer Service,Negative,2023-07-08,2023,July
5647020,2536833157,19067680,3,"It was okay, nothing special.",Delivery,Neutral,2023-08-05,2023,August
3799517,9176170352,98444183,5,"Excellent quality, will buy again!",Product Quality,Positive,2023-03-11,2023,March
5056957,833930925,9278983,1,Very disappointed with the quality.,Product Quality,Negative,2024-10-01,2024,October
4241626,8515226099,15661901,2,The packaging was poor.,Customer Service,Negative,2023-08-21,2023,August
3796945,2023020278,44477365,1,Product was damaged during delivery.,Product Quality,Negative,2023-06-14,2023,June
1420079,2840526544,63360864,4,"Nothing to complain about, but nothing exceptional.",App Experience,Neutral,2023-03-28,2023,March
516028,7267422945,49260858,4,"Nothing to complain about, but nothing exceptional.",Product Quality,Neutral,2023-03-05,2023,March
2172693,9400777426,86487478,2,Items were missing from my order.,App Experience,Negative,2023-11-17,2023,November
9087201,3298603544,74515162,2,Very disappointed with the quality.,App Experience,Negative,2023-06-16,2023,June
1610547,4479973293,68965787,3,"Delivery was fine, but the product could be better.",App Experience,Neutral,2024-11-09,2024,November
4548300,356236208,62068277,4,"It was okay, nothing special.",App Experience,Neutral,2023-08-08,2023,August
8233641,6699845542,22851478,3,"Average experience, could improve.",Delivery,Neutral,2023-06-12,2023,June
2716119,3106057977,30455484,4,Good selection of products.,App Experience,Positive,2024-07-06,2024,July
3144849,1905367587,93321933,4,"Average experience, could improve.",App Experience,Neutral,2023-05-11,2023,May
9462518,169590729,10019218,4,"Overall good experience, thank you!",Product Quality,Positive,2024-05-23,2024,May
7868447,9820743709,81822494,4,"Nothing to complain about, but nothing exceptional.",Product Quality,Neutral,2023-03-12,2023,March
3141053,6605882211,33544355,2,Taste was not as expected.,Customer Service,Negative,2023-03-12,2023,March
619265,9517765444,12832151,3,The product met my expectations.,Product Quality,Neutral,2023-09-28,2023,September
4863296,7766311749,74313592,4,Customer service was very helpful.,Customer Service,Positive,2023-11-28,2023,November
4582675,742238239,10605484,1,Items were missing from my order.,App Experience,Negative,2023-12-21,2023,December
252254,3146141485,47625855,5,Very fresh and well-packaged.,App Experience,Positive,2023-12-27,2023,December
9314635,6633702824,20148223,3,Customer service was not helpful.,Customer Service,Negative,2024-06-19,2024,June
7807519,5033749011,41164215,4,"It was okay, nothing special.",Product Quality,Neutral,2023-10-22,2023,October
3731630,4009496217,62416456,4,"Average experience, could improve.",Customer Service,Neutral,2023-07-22,2023,July
2184545,4284473821,87251489,3,The product met my expectations.,Product Quality,Neutral,2024-03-25,2024,March
4813092,8860588793,50781611,1,Delivery was late and I was unhappy.,App Experience,Negative,2023-03-08,2023,March
2595784,5305428485,9796585,1,Customer service was not helpful.,Customer Service,Negative,2023-07-05,2023,July
2785226,676278878,99784559,1,Not worth the price I paid.,Delivery,Negative,2023-08-04,2023,August
6952073,9459854097,40703374,1,Customer service was not helpful.,Product Quality,Negative,2023-10-28,2023,October
9351987,3895596621,91243571,1,Items were missing from my order.,App Experience,Negative,2023-10-29,2023,October
4471732,7750915110,49050014,3,The product met my expectations.,Product Quality,Neutral,2023-09-18,2023,September
171231,5173951989,43990799,4,"Nothing to complain about, but nothing exceptional.",Product Quality,Neutral,2023-11-11,2023,November
5478195,6388954643,80286283,4,Will definitely order again.,Customer Service,Positive,2024-02-23,2024,February
4758791,5819387689,49152878,1,I had a bad experience.,App Experience,Negative,2023-08-09,2023,August
1250410,4184037584,68419593,3,Items were missing from my order.,Customer Service,Negative,2023-10-15,2023,October
6039931,9525140554,91500615,4,"Nothing to complain about, but nothing exceptional.",App Experience,Neutral,2024-10-15,2024,October
747049,1617927874,84993732,3,"It was okay, nothing special.",Customer Service,Neutral,2024-09-14,2024,September
5541809,1543944105,82804543,3,Taste was not as expected.,Delivery,Negative,2024-10-21,2024,October
9527175,341580530,45804389,3,The product met my expectations.,App Experience,Neutral,2024-10-07,2024,October
875533,5133661902,79695653,4,Great prices and fast delivery!,Customer Service,Positive,2023-11-13,2023,November
2218595,4557328309,82854537,3,"Nothing to complain about, but nothing exceptional.",Delivery,Neutral,2024-06-13,2024,June
85893,4479421205,3893903,4,Very fresh and well-packaged.,Customer Service,Positive,2024-02-07,2024,February
1605327,5740294639,67908555,4,"Nothing to complain about, but nothing exceptional.",Product Quality,Neutral,2023-07-31,2023,July
9601373,8114060961,28394354,1,I had a bad experience.,Delivery,Negative,2023-12-10,2023,December
1724433,5744553133,60495351,4,The product met my expectations.,Customer Service,Neutral,2024-04-19,2024,April
812703,5029893308,73799927,4,"Delivery was fine, but the product could be better.",Product Quality,Neutral,2024-01-26,2024,January
5640225,9663384689,89523804,5,"Excellent quality, will buy again!",Delivery,Positive,2023-03-24,2023,March
7431157,7919240958,91614690,3,Product was damaged during delivery.,Product Quality,Negative,2023-05-19,2023,May
9816353,5211751826,77768189,1,Not worth the price I paid.,Customer Service,Negative,2023-08-31,2023,August
9879755,8713129069,13189939,4,"It was okay, nothing special.",Product Quality,Neutral,2024-10-16,2024,October
8038970,1407304162,76970363,5,Highly recommended!,Product Quality,Positive,2023-03-31,2023,March
8436677,3793875046,17675915,5,Good selection of products.,Product Quality,Positive,2024-01-30,2024,January
9132203,4903700958,66866026,4,"It was okay, nothing special.",Delivery,Neutral,2024-05-30,2024,May
4442028,1989547877,60700850,1,Not worth the price I paid.,Customer Service,Negative,2023-12-14,2023,December
5883139,9584857115,25829710,3,"Nothing to complain about, but nothing exceptional.",Product Quality,Neutral,2023-12-28,2023,December
4018208,7236760938,67918495,4,Very happy with the service!,Delivery,Positive,2024-06-29,2024,June
5662443,4346903287,87463923,5,Customer service was very helpful.,Product Quality,Positive,2024-10-29,2024,October
4265813,6353755071,41972994,3,Items were missing from my order.,Delivery,Negative,2024-12-02,2024,December
350130,89194627,37947202,2,Customer service was not helpful.,Product Quality,Negative,2024-06-03,2024,June
2085986,544919267,54923640,5,Highly recommended!,Product Quality,Positive,2024-09-25,2024,September
1780287,6665075012,19067680,3,"It was okay, nothing special.",Delivery,Neutral,2024-01-14,2024,January
5074144,4461389660,27513158,1,I had a bad experience.,Delivery,Negative,2023-07-30,2023,July
2954467,8789328634,53332493,4,"Excellent quality, will buy again!",Product Quality,Positive,2024-01-06,2024,January
2432399,147066568,44149982,3,The product met my expectations.,Customer Service,Neutral,2024-12-07,2024,December
1500148,6712947216,1697604,3,"Delivery was fine, but the product could be better.",Delivery,Neutral,2023-11-04,2023,November
6796204,4731158560,29361038,3,"Nothing to complain about, but nothing exceptional.",App Experience,Neutral,2024-03-14,2024,March
4518949,6228958238,50650215,4,"Average experience, could improve.",Product Quality,Neutral,2023-08-31,2023,August
9494172,8006440384,20625627,4,Highly recommended!,Customer Service,Positive,2023-09-06,2023,September
5855840,7330672658,57474553,2,The order was incorrect.,Product Quality,Negative,2024-10-25,2024,October
2100276,1766200974,60591625,3,"Delivery was fine, but the product could be better.",Product Quality,Neutral,2024-10-13,2024,October
2264744,2878422829,84641682,5,Very happy with the service!,Delivery,Positive,2024-07-16,2024,July
626555,5862535621,76850859,4,Customer service was very helpful.,Customer Service,Positive,2024-03-01,2024,March
1298854,3781134163,61320989,3,"It was okay, nothing special.",App Experience,Neutral,2024-03-02,2024,March
6374645,7835720444,45700473,2,Items were missing from my order.,Delivery,Negative,2024-10-01,2024,October
7138661,1952343673,68965787,3,Very disappointed with the quality.,Customer Service,Negative,2024-02-24,2024,February
5165145,9406096007,67092149,4,"Delivery was fine, but the product could be better.",Customer Service,Neutral,2023-11-24,2023,November
9659750,1136528533,20956158,5,"Excellent quality, will buy again!",Customer Service,Positive,2023-08-22,2023,August
7151341,9137126466,75752515,2,I had a bad experience.,Product Quality,Negative,2023-05-08,2023,May
57096,1495517558,96373206,5,Items were in perfect condition.,Customer Service,Positive,2024-08-17,2024,August
8681426,1643011737,32585389,5,Items were in perfect condition.,Product Quality,Positive,2024-07-14,2024,July
3046907,4067366774,19482392,4,Great prices and fast delivery!,App Experience,Positive,2024-02-23,2024,February
871527,1683118802,92306841,4,"It was okay, nothing special.",App Experience,Neutral,2023-12-17,2023,December
8346681,5770514189,57340963,4,Very happy with the service!,Delivery,Positive,2023-08-12,2023,August
153218,9612669334,49985597,4,Will definitely order again.,App Experience,Positive,2023-06-24,2023,June
1727402,3262295808,15487049,2,Taste was not as expected.,Product Quality,Negative,2024-04-19,2024,April
6790063,1593291198,93122847,1,Very disappointed with the quality.,Product Quality,Negative,2024-09-30,2024,September
8412265,5327721432,13585482,4,"Average experience, could improve.",Customer Service,Neutral,2024-09-28,2024,September
7134266,4879497185,51014003,4,Customer service was very helpful.,App Experience,Positive,2023-10-17,2023,October
2060823,6883107728,97492493,3,"It was okay, nothing special.",Product Quality,Neutral,2024-11-02,2024,November
6353852,1643246998,90649019,4,"Nothing to complain about, but nothing exceptional.",App Experience,Neutral,2023-10-29,2023,October
2664759,913309291,89968482,2,Delivery was late and I was unhappy.,Delivery,Negative,2024-06-16,2024,June
7946531,8298829689,64535602,4,Good selection of products.,Customer Service,Positive,2023-11-29,2023,November
1570551,7155488252,12090436,2,The order was incorrect.,Customer Service,Negative,2024-09-28,2024,September
1250175,8316192789,25706121,4,"Average experience, could improve.",Product Quality,Neutral,2023-07-07,2023,July
5761409,3589756658,17749347,2,Very disappointed with the quality.,App Experience,Negative,2023-12-18,2023,December
819181,8371900149,99893898,4,Will definitely order again.,App Experience,Positive,2024-08-31,2024,August
2904387,6659686612,90919603,3,"Nothing to complain about, but nothing exceptional.",Customer Service,Neutral,2024-04-20,2024,April
3066125,2937676500,11202130,3,The packaging was poor.,Delivery,Negative,2024-05-25,2024,May
3249148,9908301442,57967753,3,The product met my expectations.,Delivery,Neutral,2023-10-06,2023,October
9880946,3325049330,80761521,4,"Nothing to complain about, but nothing exceptional.",Delivery,Neutral,2023-03-31,2023,March
8741505,2330986566,29941225,5,Good selection of products.,Customer Service,Positive,2023-03-26,2023,March
7160079,1495975802,17390673,3,Taste was not as expected.,Delivery,Negative,2024-01-27,2024,January
9278024,4207249029,70529459,1,Taste was not as expected.,Customer Service,Negative,2023-10-15,2023,October
4535966,1150143976,1588560,3,"Nothing to complain about, but nothing exceptional.",App Experience,Neutral,2023-12-08,2023,December
7033702,8443390148,21577948,3,I had a bad experience.,Delivery,Negative,2023-12-06,2023,December
7564096,8358703267,20496835,2,The packaging was poor.,App Experience,Negative,2023-08-20,2023,August
9496693,1608084881,85907588,4,"Average experience, could improve.",App Experience,Neutral,2024-03-21,2024,March
6843196,2744486953,73891999,5,Highly recommended!,Customer Service,Positive,2024-09-29,2024,September
5854126,3036885153,4789829,2,Items were missing from my order.,App Experience,Negative,2024-02-29,2024,February
1022517,7335148205,85435560,4,"Delivery was fine, but the product could be better.",Delivery,Neutral,2023-06-30,2023,June
4843887,2356580295,4597433,4,The product met my expectations.,Customer Service,Neutral,2023-08-21,2023,August
2742328,8999547266,21697638,4,"Delivery was fine, but the product could be better.",Customer Service,Neutral,2023-09-12,2023,September
6796349,3094439783,95873651,4,The product met my expectations.,Customer Service,Neutral,2023-11-30,2023,November
8863782,2753579193,2558646,4,"Nothing to complain about, but nothing exceptional.",App Experience,Neutral,2023-03-29,2023,March
6204691,7683077217,22047134,1,Very disappointed with the quality.,App Experience,Negative,2024-04-17,2024,April
7664095,2366099898,63339001,3,I had a bad experience.,Customer Service,Negative,2023-10-05,2023,October
7469474,1252810532,42102289,5,"Overall good experience, thank you!",App Experience,Positive,2024-03-07,2024,March
9699379,6493039553,90150193,3,The product met my expectations.,Customer Service,Neutral,2024-06-08,2024,June
9317307,9274842886,69761993,3,"It was okay, nothing special.",Delivery,Neutral,2023-11-15,2023,November
8176358,8255275254,46615831,3,The product met my expectations.,Product Quality,Neutral,2023-03-12,2023,March
192970,2136873695,2391900,4,"Overall good experience, thank you!",Delivery,Positive,2023-09-07,2023,September
3629147,3253225736,61753272,1,Very disappointed with the quality.,Product Quality,Negative,2024-07-19,2024,July
3518154,7712604853,10608845,4,"Nothing to complain about, but nothing exceptional.",Customer Service,Neutral,2023-09-26,2023,September
950262,5698803942,31813,1,Customer service was not helpful.,Delivery,Negative,2024-10-10,2024,October
4206313,4393804577,69242672,1,Very disappointed with the quality.,Delivery,Negative,2023-08-30,2023,August
6262953,9307961643,82322028,3,The order was incorrect.,Delivery,Negative,2024-04-24,2024,April
4699115,14103943,9105829,3,"Delivery was fine, but the product could be better.",Product Quality,Neutral,2023-11-24,2023,November
9832624,4183595096,64141971,1,Very disappointed with the quality.,App Experience,Negative,2024-09-01,2024,September
2369905,9915365099,14367270,2,The order was incorrect.,Product Quality,Negative,2023-05-19,2023,May
2014466,7979108696,63368244,2,Items were missing from my order.,Delivery,Negative,2024-05-20,2024,May
5796198,8756485728,97466783,3,"It was okay, nothing special.",Product Quality,Neutral,2024-10-02,2024,October
9657059,4859441294,3468355,2,Delivery was late and I was unhappy.,App Experience,Negative,2024-05-30,2024,May
1220602,8100291984,54885705,3,Items were missing from my order.,App Experience,Negative,2023-08-21,2023,August
6561881,7825714018,56548063,3,Taste was not as expected.,Delivery,Negative,2024-08-27,2024,August
4595410,1785144322,8025622,2,Very disappointed with the quality.,App Experience,Negative,2024-07-22,2024,July
6793198,242240959,64562786,5,Items were in perfect condition.,Customer Service,Positive,2024-01-26,2024,January
7313609,3527621284,86636273,4,"Nothing to complain about, but nothing exceptional.",App Experience,Neutral,2024-07-21,2024,July
6598501,2254856113,29973346,2,Items were missing from my order.,Delivery,Negative,2023-04-16,2023,April
5980855,4295420935,97185284,3,The product met my expectations.,Product Quality,Neutral,2024-04-09,2024,April
6440888,8739415992,55042740,4,"It was okay, nothing special.",Product Quality,Neutral,2023-02-06,2023,February
923839,2123879653,43599910,4,Will definitely order again.,Customer Service,Positive,2024-10-31,2024,October
7114804,1054974834,12272282,3,"Nothing to complain about, but nothing exceptional.",Product Quality,Neutral,2023-05-14,2023,May
1755904,6660596550,48554440,2,Product was damaged during delivery.,Delivery,Negative,2024-06-21,2024,June
8739388,1633238374,26303194,3,Very disappointed with the quality.,Customer Service,Negative,2023-12-08,2023,December
619817,8133246330,34526570,3,"Average experience, could improve.",Delivery,Neutral,2023-08-10,2023,August
1518503,4696656818,28458746,2,The order was incorrect.,Product Quality,Negative,2023-11-04,2023,November
7711020,7590214417,69240186,3,"It was okay, nothing special.",App Experience,Neutral,2024-09-05,2024,September
7883212,1736212920,9401406,2,Items were missing from my order.,Product Quality,Negative,2024-10-09,2024,October
1253497,4507702369,27955158,5,Good selection of products.,App Experience,Positive,2023-04-24,2023,April
4532968,6458765046,83348353,1,Customer service was not helpful.,Product Quality,Negative,2023-06-29,2023,June
9238973,47953423,96806748,4,The product met my expectations.,Product Quality,Neutral,2024-02-27,2024,February
7360900,1263714922,77086539,5,Very happy with the service!,Delivery,Positive,2023-06-10,2023,June
5824844,2061768860,12469338,5,Customer service was very helpful.,Delivery,Positive,2023-09-19,2023,September
6538134,4264335652,71321741,4,Great prices and fast delivery!,Customer Service,Positive,2023-08-09,2023,August
8332997,3087181728,58513300,3,The product met my expectations.,Product Quality,Neutral,2023-05-07,2023,May
5267320,599772156,35358395,2,Delivery was late and I was unhappy.,Delivery,Negative,2023-03-24,2023,March
4909828,6074313668,77614510,4,Highly recommended!,Customer Service,Positive,2024-09-27,2024,September
8945284,5497551107,41647393,2,Taste was not as expected.,Product Quality,Negative,2024-08-18,2024,August
5169641,9102202025,98896871,4,Items were in perfect condition.,Product Quality,Positive,2024-10-04,2024,October
8345962,8794436743,40727086,3,"Average experience, could improve.",Product Quality,Neutral,2023-07-17,2023,July
9306000,3299603042,77614510,4,The product met my expectations.,Customer Service,Neutral,2024-06-17,2024,June
3857057,243077069,46623192,3,The packaging was poor.,Delivery,Negative,2024-04-25,2024,April
5996296,6749594412,16436359,4,"Delivery was fine, but the product could be better.",Product Quality,Neutral,2023-11-30,2023,November
6109075,5378344982,33658749,4,Customer service was very helpful.,App Experience,Positive,2024-02-17,2024,February
7601821,9103834515,61851054,1,The packaging was poor.,Product Quality,Negative,2024-03-01,2024,March
8521886,6237437720,15568831,3,The order was incorrect.,Product Quality,Negative,2023-08-26,2023,August
6112415,2719670578,95382317,5,Good selection of products.,Delivery,Positive,2024-04-09,2024,April
6707767,2748681349,84862161,4,"Delivery was fine, but the product could be better.",App Experience,Neutral,2024-05-15,2024,May
428466,9851618724,96149069,5,Good selection of products.,Customer Service,Positive,2023-03-10,2023,March
8737828,7013533376,81500385,4,Items were in perfect condition.,Customer Service,Positive,2023-08-12,2023,August
2800546,9727047029,94730288,5,Good selection of products.,Customer Service,Positive,2024-04-01,2024,April
7999928,1191540022,69863493,4,"Average experience, could improve.",Delivery,Neutral,2024-09-15,2024,September
3717587,5733572517,5039883,5,Great prices and fast delivery!,App Experience,Positive,2024-05-08,2024,May
9982658,9647928644,99406165,2,Product was damaged during delivery.,Customer Service,Negative,2023-05-19,2023,May
2103248,9696598689,7288562,1,Very disappointed with the quality.,Product Quality,Negative,2023-08-24,2023,August
476012,1091207520,65559853,4,Very fresh and well-packaged.,Customer Service,Positive,2024-05-10,2024,May
7503579,7995971909,1342184,3,The product met my expectations.,Product Quality,Neutral,2023-08-05,2023,August
1380738,6077755741,40055711,4,Customer service was very helpful.,Customer Service,Positive,2023-07-20,2023,July
9046135,1240745644,22915611,5,Highly recommended!,Delivery,Positive,2023-05-20,2023,May
5518085,1397810713,9314637,5,Highly recommended!,Delivery,Positive,2023-09-12,2023,September
5209425,5149614189,90150193,2,Very disappointed with the quality.,Customer Service,Negative,2023-07-24,2023,July
2115064,7453349798,65488134,4,The product met my expectations.,Product Quality,Neutral,2023-10-08,2023,October
366387,7570986632,45166203,4,Good selection of products.,Delivery,Positive,2023-05-17,2023,May
8010062,5292931220,38327793,4,"Average experience, could improve.",Product Quality,Neutral,2023-11-25,2023,November
1769526,2654499230,79478655,4,"Nothing to complain about, but nothing exceptional.",Delivery,Neutral,2023-10-06,2023,October
3744829,2327587597,24621386,5,Highly recommended!,Delivery,Positive,2024-06-29,2024,June
9545935,5852189277,29653387,4,The product met my expectations.,App Experience,Neutral,2024-10-13,2024,October
4887476,8943211530,14632090,2,Delivery was late and I was unhappy.,Product Quality,Negative,2023-09-23,2023,September
5693648,3305649506,90649019,2,The order was incorrect.,Product Quality,Negative,2023-11-15,2023,November
7645269,538997323,13492411,4,The product met my expectations.,App Experience,Neutral,2023-04-17,2023,April
1513487,2966187610,67310893,3,The order was incorrect.,App Experience,Negative,2023-04-13,2023,April
4979031,866693541,14472401,4,"Nothing to complain about, but nothing exceptional.",Delivery,Neutral,2024-06-24,2024,June
140755,440721658,9450435,1,Very disappointed with the quality.,App Experience,Negative,2023-05-05,2023,May
3901454,2084323012,11202130,3,"It was okay, nothing special.",Customer Service,Neutral,2024-03-06,2024,March
7956876,4876314410,37227953,1,I had a bad experience.,Customer Service,Negative,2024-01-11,2024,January
7333093,2401282648,21425168,3,"Average experience, could improve.",Product Quality,Neutral,2023-10-08,2023,October
8591673,2117291471,33481252,1,The order was incorrect.,Delivery,Negative,2023-06-21,2023,June
609791,5455295163,46989310,2,Taste was not as expected.,Product Quality,Negative,2024-08-25,2024,August
5617790,3219761206,44589829,2,Product was damaged during delivery.,Product Quality,Negative,2024-07-14,2024,July
1277801,7423918026,84448310,4,"Nothing to complain about, but nothing exceptional.",Delivery,Neutral,2024-04-27,2024,April
763327,1793817443,68661619,4,The product met my expectations.,Delivery,Neutral,2023-11-15,2023,November
1183305,2644609220,97825663,2,Delivery was late and I was unhappy.,Product Quality,Negative,2024-05-22,2024,May
1723129,1353492780,57765367,3,The product met my expectations.,Customer Service,Neutral,2024-06-03,2024,June
1525480,1230061693,11616535,4,"It was okay, nothing special.",Delivery,Neutral,2023-06-15,2023,June
3393191,6299572675,81046421,3,Customer service was not helpful.,App Experience,Negative,2023-08-17,2023,August
1398922,5956863364,24821281,3,Not worth the price I paid.,Customer Service,Negative,2024-02-20,2024,February
5247882,6788884093,2566268,4,Will definitely order again.,App Experience,Positive,2024-06-10,2024,June
8344245,6120799223,84377964,2,Not worth the price I paid.,Delivery,Negative,2024-01-14,2024,January
4442999,3892854030,74179536,1,The order was incorrect.,App Experience,Negative,2024-08-02,2024,August
384802,1883324334,76327561,5,Great prices and fast delivery!,Delivery,Positive,2024-07-27,2024,July
7222962,4541530278,59517074,4,Will definitely order again.,Delivery,Positive,2024-05-04,2024,May
3984520,8807380767,37947202,3,The order was incorrect.,App Experience,Negative,2023-04-22,2023,April
8073507,5865396281,84119685,2,Not worth the price I paid.,App Experience,Negative,2024-06-02,2024,June
1003704,340451825,87691707,4,Highly recommended!,Customer Service,Positive,2024-09-25,2024,September
1606730,3327784606,61982521,4,Items were in perfect condition.,Customer Service,Positive,2024-11-01,2024,November
5298431,5990129875,87160527,5,Great prices and fast delivery!,Customer Service,Positive,2024-07-13,2024,July
6194869,8808930721,59329145,3,The product met my expectations.,App Experience,Neutral,2023-10-21,2023,October
5072753,8116880443,26752630,3,"Average experience, could improve.",App Experience,Neutral,2023-07-23,2023,July
4962524,9933926720,96640716,3,Customer service was not helpful.,App Experience,Negative,2023-08-17,2023,August
7614027,776562418,54923640,1,The packaging was poor.,Product Quality,Negative,2024-08-09,2024,August
937617,6105793582,67538982,4,Very happy with the service!,Delivery,Positive,2023-04-13,2023,April
702403,9247779866,19523014,5,Customer service was very helpful.,Delivery,Positive,2024-10-24,2024,October
4482998,5456672526,52757321,4,"It was okay, nothing special.",Customer Service,Neutral,2024-09-23,2024,September
6033235,6676994910,50557979,4,The product met my expectations.,Delivery,Neutral,2023-11-28,2023,November
1298592,9353512235,97277696,3,The order was incorrect.,Customer Service,Negative,2023-11-29,2023,November
125387,6539196955,58974323,2,Very disappointed with the quality.,App Experience,Negative,2024-05-27,2024,May
4834185,7886908865,1529180,5,"Overall good experience, thank you!",Delivery,Positive,2023-07-04,2023,July
2331161,7548844176,12088552,5,Will definitely order again.,App Experience,Positive,2023-12-05,2023,December
5178227,3375735380,93735495,5,Will definitely order again.,Customer Service,Positive,2024-06-15,2024,June
3565149,32604190,51503088,2,Not worth the price I paid.,Delivery,Negative,2023-08-12,2023,August
7985041,5731985133,80696046,4,Great prices and fast delivery!,App Experience,Positive,2024-06-21,2024,June
7362834,7586577278,63360864,5,"Excellent quality, will buy again!",Delivery,Positive,2023-11-24,2023,November
3757671,7765930124,82179338,4,"Nothing to complain about, but nothing exceptional.",App Experience,Neutral,2024-10-14,2024,October
9331423,299059193,26805477,2,Not worth the price I paid.,Product Quality,Negative,2024-04-05,2024,April
4816322,135053432,10796846,4,Items were in perfect condition.,Customer Service,Positive,2023-04-24,2023,April
9804949,9618593702,29451600,3,"Nothing to complain about, but nothing exceptional.",Delivery,Neutral,2024-03-31,2024,March
4261875,2802699236,83262890,3,Items were missing from my order.,Customer Service,Negative,2024-08-05,2024,August
2480174,2044567188,4988545,3,"Nothing to complain about, but nothing exceptional.",App Experience,Neutral,2023-05-19,2023,May
8905499,913489768,57833505,3,Very disappointed with the quality.,Product Quality,Negative,2023-06-27,2023,June
2310479,6856986497,3421258,4,"Nothing to complain about, but nothing exceptional.",Customer Service,Neutral,2024-02-19,2024,February
8156234,7292898570,26285589,5,Customer service was very helpful.,Customer Service,Positive,2024-05-09,2024,May
7460499,6223087303,65570302,5,Customer service was very helpful.,Customer Service,Positive,2024-05-08,2024,May
299250,403352765,4057678,5,Very happy with the service!,Delivery,Positive,2024-09-30,2024,September
9020278,7004560997,81994445,5,Customer service was very helpful.,Delivery,Positive,2024-09-20,2024,September
4192455,8159868515,2558646,3,Items were missing from my order.,App Experience,Negative,2024-12-04,2024,December
9463819,8854320668,67918495,3,"Delivery was fine, but the product could be better.",Customer Service,Neutral,2023-11-17,2023,November
4473522,2285302205,13251137,4,"Delivery was fine, but the product could be better.",Product Quality,Neutral,2024-08-25,2024,August
5009295,5160584867,34897081,1,Delivery was late and I was unhappy.,Product Quality,Negative,2024-02-06,2024,February
930170,4314105605,34787383,5,Great prices and fast delivery!,Delivery,Positive,2024-12-07,2024,December
9354829,9895756835,10694081,4,"Overall good experience, thank you!",Product Quality,Positive,2024-09-10,2024,September
7620281,1975300826,35885052,4,Highly recommended!,Customer Service,Positive,2024-09-25,2024,September
3680667,2214666083,66427343,4,"Nothing to complain about, but nothing exceptional.",App Experience,Neutral,2024-08-13,2024,August
7083366,4735339432,29653387,3,Taste was not as expected.,App Experience,Negative,2024-04-03,2024,April
8705494,9863540120,33675108,1,Product was damaged during delivery.,Delivery,Negative,2023-07-14,2023,July
1273787,8789376461,28394354,3,"Delivery was fine, but the product could be better.",Customer Service,Neutral,2023-09-17,2023,September
5558087,4784591220,88923048,3,The product met my expectations.,Delivery,Neutral,2024-10-29,2024,October
9052858,6759658833,84377964,5,Will definitely order again.,Product Quality,Positive,2023-09-29,2023,September
5788491,1241631129,3897936,4,Good selection of products.,Customer Service,Positive,2024-04-26,2024,April
5258032,8803314647,93938425,3,"Average experience, could improve.",Product Quality,Neutral,2024-08-17,2024,August
247644,1016410657,32830199,3,"It was okay, nothing special.",Delivery,Neutral,2023-01-11,2023,January
5872235,8284240513,949062,1,The order was incorrect.,Delivery,Negative,2023-05-04,2023,May
5641062,343239069,41439103,1,Very disappointed with the quality.,Delivery,Negative,2024-12-02,2024,December
82928,3941137932,84929351,3,Delivery was late and I was unhappy.,Customer Service,Negative,2024-02-28,2024,February
8082919,8955573840,21461764,3,I had a bad experience.,Customer Service,Negative,2023-07-28,2023,July
173796,6832435511,62971413,5,Good selection of products.,Delivery,Positive,2023-04-18,2023,April
1383207,3014319697,28428852,3,"Average experience, could improve.",App Experience,Neutral,2023-08-27,2023,August
5585970,7367717333,11047835,4,Highly recommended!,Customer Service,Positive,2023-07-30,2023,July
9231018,9389677233,99714944,5,Customer service was very helpful.,Delivery,Positive,2024-10-08,2024,October
2792178,2929883167,41146001,4,"Excellent quality, will buy again!",Product Quality,Positive,2023-05-12,2023,May
6800809,9045592834,84119685,1,Items were missing from my order.,App Experience,Negative,2024-10-30,2024,October
6834592,7128308885,76604145,4,Will definitely order again.,App Experience,Positive,2023-12-14,2023,December
7464459,2060028411,27694927,3,Taste was not as expected.,Product Quality,Negative,2023-11-15,2023,November
5131050,3856301920,63339001,5,"Excellent quality, will buy again!",Delivery,Positive,2024-05-07,2024,May
6115336,7248479077,31940833,4,Very happy with the service!,Product Quality,Positive,2023-09-23,2023,September
6233073,2738466605,49147776,3,Delivery was late and I was unhappy.,Delivery,Negative,2024-08-23,2024,August
5872114,9801353230,96853930,3,Very disappointed with the quality.,Delivery,Negative,2023-05-18,2023,May
3366563,2103613260,67528368,1,Delivery was late and I was unhappy.,App Experience,Negative,2024-01-07,2024,January
7289755,7624166218,29525287,4,"Average experience, could improve.",Delivery,Neutral,2024-04-01,2024,April
2209082,4692680597,97185284,5,"Overall good experience, thank you!",Product Quality,Positive,2023-06-20,2023,June
5689645,2028074931,33998721,4,"Overall good experience, thank you!",App Experience,Positive,2024-06-23,2024,June
6974458,6247819401,57526322,4,Very happy with the service!,Delivery,Positive,2023-03-30,2023,March
9588384,6299879620,48160359,2,I had a bad experience.,Product Quality,Negative,2023-10-11,2023,October
8075474,3398014747,87823209,5,Very fresh and well-packaged.,Customer Service,Positive,2023-06-15,2023,June
3984709,4526087670,54923640,4,"Overall good experience, thank you!",App Experience,Positive,2023-03-11,2023,March
7316281,4473653758,4597433,3,The product met my expectations.,Product Quality,Neutral,2024-08-26,2024,August
4928116,1286821727,32003512,3,"Delivery was fine, but the product could be better.",Product Quality,Neutral,2024-04-08,2024,April
3754335,5566617391,81822935,4,Customer service was very helpful.,Delivery,Positive,2024-08-21,2024,August
8366455,6630935939,67708491,4,Very fresh and well-packaged.,App Experience,Positive,2024-10-31,2024,October
2012244,8676443273,47215976,2,Items were missing from my order.,App Experience,Negative,2024-05-24,2024,May
5969571,439562091,36400756,3,"Nothing to complain about, but nothing exceptional.",Delivery,Neutral,2024-04-26,2024,April
8138462,7361440096,82529927,3,"Delivery was fine, but the product could be better.",Delivery,Neutral,2024-12-02,2024,December
293761,2480611325,30823988,3,"It was okay, nothing special.",Product Quality,Neutral,2024-02-25,2024,February
9583761,5091640382,64141971,5,Very happy with the service!,Product Quality,Positive,2024-01-31,2024,January
517627,1443292147,8395610,4,Will definitely order again.,App Experience,Positive,2024-04-16,2024,April
9092014,3342653518,6319646,4,Great prices and fast delivery!,App Experience,Positive,2023-07-22,2023,July
1326262,3836073957,54952806,3,"Delivery was fine, but the product could be better.",Product Quality,Neutral,2023-07-16,2023,July
2505564,4192669219,44589829,3,"Nothing to complain about, but nothing exceptional.",Delivery,Neutral,2024-04-22,2024,April
8059849,6922121165,97928781,3,"It was okay, nothing special.",App Experience,Neutral,2024-04-01,2024,April
5722347,4850653474,66932104,3,"Average experience, could improve.",Customer Service,Neutral,2024-05-03,2024,May
7352469,1229660813,54748429,3,The product met my expectations.,Product Quality,Neutral,2023-02-11,2023,February
8833965,5194396051,12338529,5,Great prices and fast delivery!,App Experience,Positive,2024-10-26,2024,October
7192391,8971899775,92118758,3,"Delivery was fine, but the product could be better.",Product Quality,Neutral,2024-04-03,2024,April
2398116,5619049608,56572297,1,The order was incorrect.,Delivery,Negative,2024-06-05,2024,June
7456523,9943996342,3282647,4,Highly recommended!,Product Quality,Positive,2023-12-09,2023,December
4988262,4548721519,93018527,2,The packaging was poor.,Customer Service,Negative,2024-08-20,2024,August
1326483,6211537502,2164524,5,Items were in perfect condition.,App Experience,Positive,2023-06-09,2023,June
7151122,347093563,31026200,1,Very disappointed with the quality.,Customer Service,Negative,2024-09-23,2024,September
4813244,1855924568,33472376,5,Great prices and fast delivery!,App Experience,Positive,2024-08-20,2024,August
4889801,5914484553,4378755,3,Not worth the price I paid.,Customer Service,Negative,2023-11-17,2023,November
3266475,8068903161,11705793,4,The product met my expectations.,Customer Service,Neutral,2024-02-14,2024,February
480882,2147159735,50527764,4,Great prices and fast delivery!,Product Quality,Positive,2023-05-13,2023,May
5847587,9006983686,68063317,3,"Average experience, could improve.",Delivery,Neutral,2023-10-10,2023,October
651690,7606134274,69034027,3,The product met my expectations.,App Experience,Neutral,2024-05-28,2024,May
4163524,4034750827,10019218,5,"Excellent quality, will buy again!",Delivery,Positive,2023-06-24,2023,June
5287988,851062565,49457685,4,Great prices and fast delivery!,App Experience,Positive,2024-03-15,2024,March
4556349,4283323746,93321933,3,Customer service was not helpful.,Product Quality,Negative,2023-01-11,2023,January
4729316,7842390585,6637282,1,The order was incorrect.,Customer Service,Negative,2023-11-10,2023,November
7610317,2449548943,68486301,3,Taste was not as expected.,Product Quality,Negative,2023-09-23,2023,September
2783359,7067924535,95371787,3,"Delivery was fine, but the product could be better.",Delivery,Neutral,2023-11-28,2023,November
4771442,1602291242,19581959,3,I had a bad experience.,Customer Service,Negative,2023-03-29,2023,March
2899399,7067630786,75082508,3,The product met my expectations.,Delivery,Neutral,2023-09-28,2023,September
5988461,9726762425,75674671,5,"Excellent quality, will buy again!",Delivery,Positive,2023-08-13,2023,August
9491648,1129887168,21201299,4,"It was okay, nothing special.",Delivery,Neutral,2024-02-16,2024,February
8476521,3371892236,81763298,4,"Overall good experience, thank you!",Delivery,Positive,2024-06-05,2024,June
7868009,6532953824,93924203,4,"Delivery was fine, but the product could be better.",Product Quality,Neutral,2024-02-11,2024,February
1054815,252964377,89531595,4,Good selection of products.,Customer Service,Positive,2024-05-31,2024,May
2754287,6270495384,12272282,4,The product met my expectations.,Customer Service,Neutral,2023-11-09,2023,November
8017624,2450770184,45323391,3,"Average experience, could improve.",App Experience,Neutral,2023-11-08,2023,November
8465155,7543192113,82898985,3,Customer service was not helpful.,Product Quality,Negative,2023-12-28,2023,December
2702769,9890817032,12967305,5,Customer service was very helpful.,App Experience,Positive,2023-04-24,2023,April
6086225,183165359,73098723,4,Very happy with the service!,Delivery,Positive,2023-05-24,2023,May
9203337,2136907826,7591711,3,The product met my expectations.,App Experience,Neutral,2023-12-21,2023,December
8795229,2801605687,16561710,3,Very disappointed with the quality.,Customer Service,Negative,2024-04-03,2024,April
3355628,8869292457,12851610,5,Items were in perfect condition.,Product Quality,Positive,2024-09-25,2024,September
7826361,5414471648,46741896,3,Product was damaged during delivery.,Delivery,Negative,2023-05-20,2023,May
8443908,7827370415,97770901,5,"Overall good experience, thank you!",Customer Service,Positive,2023-06-23,2023,June
1628493,7216662926,76327561,5,Very happy with the service!,App Experience,Positive,2024-11-07,2024,November
2749027,349410429,42514124,3,The packaging was poor.,Customer Service,Negative,2024-01-29,2024,January
6687658,8512030806,77768189,4,"Overall good experience, thank you!",Delivery,Positive,2024-10-26,2024,October
3551968,8003807551,76917159,3,Items were missing from my order.,Product Quality,Negative,2024-08-25,2024,August
8883212,274320517,18567760,4,Good selection of products.,App Experience,Positive,2024-08-23,2024,August
8914299,2150447285,93370787,4,"It was okay, nothing special.",Delivery,Neutral,2024-06-13,2024,June
3467668,5089385450,33608451,3,"It was okay, nothing special.",Delivery,Neutral,2023-06-16,2023,June
3201520,8622799862,5386246,3,"It was okay, nothing special.",Delivery,Neutral,2024-10-02,2024,October
3143899,2773034272,36400756,4,Items were in perfect condition.,Delivery,Positive,2024-06-27,2024,June
7019941,4028266143,19216141,1,Product was damaged during delivery.,Delivery,Negative,2023-03-16,2023,March
3673686,9691888826,54680459,1,I had a bad experience.,App Experience,Negative,2023-10-31,2023,October
1706687,8891340263,87718744,3,Product was damaged during delivery.,Customer Service,Negative,2024-02-09,2024,February
5389697,1149293318,43459807,3,Not worth the price I paid.,Delivery,Negative,2023-11-25,2023,November
3563092,1288695184,46885873,4,Great prices and fast delivery!,Delivery,Positive,2023-03-10,2023,March
2514848,5229336544,72857290,1,Very disappointed with the quality.,Product Quality,Negative,2023-09-22,2023,September
4386699,196885435,88045094,1,The packaging was poor.,App Experience,Negative,2023-06-25,2023,June
7711849,6961457996,89704218,5,Will definitely order again.,Customer Service,Positive,2024-10-26,2024,October
8588485,5059907679,65963876,5,"Excellent quality, will buy again!",Product Quality,Positive,2024-04-18,2024,April
3944704,9046226901,38728779,5,Items were in perfect condition.,App Experience,Positive,2024-02-28,2024,February
5282173,515408216,3408982,4,Good selection of products.,Product Quality,Positive,2023-12-25,2023,December
9297025,9048597167,75510747,3,The packaging was poor.,App Experience,Negative,2024-06-17,2024,June
2533889,4308216668,6335221,5,Good selection of products.,App Experience,Positive,2024-11-07,2024,November
1359445,8671875127,13383642,4,Good selection of products.,App Experience,Positive,2023-05-06,2023,May
2441398,9622968817,96042320,4,"Delivery was fine, but the product could be better.",Delivery,Neutral,2023-12-06,2023,December
6060236,7832599414,18889370,3,"Average experience, could improve.",App Experience,Neutral,2023-07-08,2023,July
5299479,5533307028,21577948,3,The product met my expectations.,Customer Service,Neutral,2023-05-27,2023,May
911310,752185231,24633671,5,"Excellent quality, will buy again!",Product Quality,Positive,2024-02-03,2024,February
1216662,5859787209,8628482,3,"Delivery was fine, but the product could be better.",Delivery,Neutral,2024-09-30,2024,September
2999062,1736713150,46741896,2,The packaging was poor.,App Experience,Negative,2024-07-01,2024,July
5734305,3620570172,25829710,4,The product met my expectations.,Customer Service,Neutral,2024-04-16,2024,April
4389565,5758119413,22694456,5,Very happy with the service!,App Experience,Positive,2024-10-10,2024,October
7352466,2204489775,79257353,5,Customer service was very helpful.,Customer Service,Positive,2024-03-05,2024,March
7748391,5881059783,2219590,4,Very fresh and well-packaged.,App Experience,Positive,2023-01-08,2023,January
2800449,9475167773,48418662,2,Delivery was late and I was unhappy.,App Experience,Negative,2023-07-24,2023,July
8221210,4635228647,6459100,4,Very happy with the service!,Delivery,Positive,2023-08-27,2023,August
5469967,8394536341,6459100,2,Delivery was late and I was unhappy.,Product Quality,Negative,2024-08-17,2024,August
1489198,4726427550,93699264,4,"Average experience, could improve.",Customer Service,Neutral,2024-04-02,2024,April
7923296,5387935727,22694456,3,"Nothing to complain about, but nothing exceptional.",Customer Service,Neutral,2023-02-10,2023,February
2956991,1886705751,73393269,4,Very happy with the service!,Customer Service,Positive,2023-04-19,2023,April
3303921,4224014067,85218071,2,Delivery was late and I was unhappy.,Product Quality,Negative,2023-05-15,2023,May
7755068,8726515908,82900175,1,Product was damaged during delivery.,Product Quality,Negative,2024-01-10,2024,January
7747355,7388091459,10562528,4,Will definitely order again.,Product Quality,Positive,2024-10-16,2024,October
6506510,9320256091,32595806,4,Will definitely order again.,Customer Service,Positive,2024-11-01,2024,November
2610256,3872093894,67729191,2,Taste was not as expected.,Customer Service,Negative,2023-01-11,2023,January
6376996,992848455,44269569,4,"Delivery was fine, but the product could be better.",Product Quality,Neutral,2024-09-18,2024,September
253961,4458723519,38902882,5,Very fresh and well-packaged.,Customer Service,Positive,2024-01-09,2024,January
77045,7755662096,10700664,5,Very fresh and well-packaged.,Product Quality,Positive,2024-01-30,2024,January
6968162,5779793224,95971469,5,"Overall good experience, thank you!",Product Quality,Positive,2024-05-13,2024,May
4970357,8253576531,57063557,5,Very happy with the service!,Customer Service,Positive,2023-08-22,2023,August
6887307,4993169316,90649019,5,Good selection of products.,Product Quality,Positive,2024-10-07,2024,October
3193693,828017545,12622901,4,Will definitely order again.,App Experience,Positive,2024-12-03,2024,December
4970110,2012368621,71252391,3,"Delivery was fine, but the product could be better.",Customer Service,Neutral,2024-07-21,2024,July
6671478,6603205997,37702698,1,I had a bad experience.,Customer Service,Negative,2024-05-17,2024,May
4405098,833581472,31026200,3,Not worth the price I paid.,App Experience,Negative,2023-08-19,2023,August
9140847,8755782101,50557979,2,Product was damaged during delivery.,Customer Service,Negative,2023-12-30,2023,December
8345455,1049830215,44828791,3,Items were missing from my order.,Customer Service,Negative,2024-06-08,2024,June
9450095,2399383238,79789048,5,Very fresh and well-packaged.,Product Quality,Positive,2023-09-11,2023,September
3268804,143399998,46686696,5,"Overall good experience, thank you!",Customer Service,Positive,2024-10-17,2024,October
1000172,2444273306,32003512,2,Items were missing from my order.,Delivery,Negative,2024-06-27,2024,June
1814406,1309618968,91228580,5,Highly recommended!,Customer Service,Positive,2023-04-04,2023,April
4751485,3972788794,67708491,5,Items were in perfect condition.,App Experience,Positive,2024-03-26,2024,March
1457627,2356073413,29902416,3,"It was okay, nothing special.",Product Quality,Neutral,2024-03-16,2024,March
6994032,3775683944,57217288,3,"Nothing to complain about, but nothing exceptional.",Product Quality,Neutral,2024-07-31,2024,July
1903008,8994776653,3002538,2,Very disappointed with the quality.,Customer Service,Negative,2023-12-22,2023,December
5438484,8124075720,46741896,4,Highly recommended!,Delivery,Positive,2024-11-10,2024,November
9336436,5534171862,97664747,5,Customer service was very helpful.,App Experience,Positive,2023-11-19,2023,November
4954209,4825558658,41008070,3,"Nothing to complain about, but nothing exceptional.",App Experience,Neutral,2024-11-08,2024,November
4016236,1541676341,73660582,4,Items were in perfect condition.,Delivery,Positive,2023-08-26,2023,August
1925543,5360755658,68341636,4,Very happy with the service!,App Experience,Positive,2023-06-22,2023,June
5383033,844328418,29584848,2,Delivery was late and I was unhappy.,Customer Service,Negative,2023-11-04,2023,November
3166321,1843468816,55425478,3,"It was okay, nothing special.",Customer Service,Neutral,2023-03-07,2023,March
3139068,3771484570,60319216,1,I had a bad experience.,Customer Service,Negative,2023-08-15,2023,August
6146487,2458783424,1497747,4,The product met my expectations.,Product Quality,Neutral,2023-02-06,2023,February
4333600,2272849018,6982488,3,"Nothing to complain about, but nothing exceptional.",Delivery,Neutral,2024-04-11,2024,April
5457177,8549503132,63238941,3,"It was okay, nothing special.",Delivery,Neutral,2023-03-29,2023,March
5890747,4032847942,10857389,4,Will definitely order again.,Product Quality,Positive,2024-09-28,2024,September
4236760,8224665612,27727819,5,Highly recommended!,Customer Service,Positive,2023-07-16,2023,July
9683683,8007222259,31940833,5,Very happy with the service!,Delivery,Positive,2024-05-02,2024,May
8418874,3522030676,46313756,4,Highly recommended!,Delivery,Positive,2023-01-06,2023,January
7559774,3224743071,17805991,4,The product met my expectations.,App Experience,Neutral,2023-04-10,2023,April
7877597,7474790671,43256928,2,Taste was not as expected.,App Experience,Negative,2023-10-13,2023,October
4706710,7884745950,13585482,3,Items were missing from my order.,App Experience,Negative,2024-09-04,2024,September
2965349,8269502930,11616535,4,"Nothing to complain about, but nothing exceptional.",Product Quality,Neutral,2024-01-06,2024,January
276169,985347383,50080663,3,"Average experience, could improve.",App Experience,Neutral,2024-05-22,2024,May
5560900,5932091553,80571942,3,The packaging was poor.,App Experience,Negative,2024-10-22,2024,October
6548273,69932727,83236183,4,"Delivery was fine, but the product could be better.",Product Quality,Neutral,2024-08-28,2024,August
528634,2715027145,26903313,3,The product met my expectations.,App Experience,Neutral,2024-05-25,2024,May
8895689,5234261944,18113428,1,Delivery was late and I was unhappy.,Customer Service,Negative,2023-06-30,2023,June
9491660,2818967815,74212242,4,"It was okay, nothing special.",Delivery,Neutral,2024-08-04,2024,August
6512032,1598213217,37947202,4,"Overall good experience, thank you!",App Experience,Positive,2023-09-08,2023,September
1968724,9087747856,31681710,3,"Delivery was fine, but the product could be better.",Product Quality,Neutral,2024-05-28,2024,May
9128705,9606925547,45659330,3,I had a bad experience.,App Experience,Negative,2024-10-03,2024,October
4835697,9866554851,63793401,1,Delivery was late and I was unhappy.,App Experience,Negative,2023-03-07,2023,March
9928580,3719294769,64316806,1,Delivery was late and I was unhappy.,Product Quality,Negative,2024-08-27,2024,August
5785812,3576529840,13383642,5,Good selection of products.,Customer Service,Positive,2024-07-15,2024,July
3612724,5478986113,72089140,4,The product met my expectations.,Product Quality,Neutral,2023-04-16,2023,April
3174876,6724582316,14991661,4,Good selection of products.,Delivery,Positive,2023-10-29,2023,October
2909023,4391559649,60904312,4,Customer service was very helpful.,Customer Service,Positive,2023-06-25,2023,June
5670528,9530258400,84850688,3,Delivery was late and I was unhappy.,App Experience,Negative,2023-10-24,2023,October
4876692,609162117,85233498,4,The product met my expectations.,Customer Service,Neutral,2023-09-23,2023,September
1296900,755143077,6856445,4,"It was okay, nothing special.",App Experience,Neutral,2023-07-31,2023,July
1622017,5239439928,67908555,4,"Average experience, could improve.",App Experience,Neutral,2023-08-25,2023,August
3090328,1328248068,51556553,1,Product was damaged during delivery.,Product Quality,Negative,2024-05-14,2024,May
7512998,1440606577,76917159,2,I had a bad experience.,Delivery,Negative,2024-04-30,2024,April
7675531,8884389971,95858939,1,The order was incorrect.,App Experience,Negative,2024-08-18,2024,August
2165856,7307977336,95858939,3,"Average experience, could improve.",Delivery,Neutral,2023-02-09,2023,February
5713900,5953535252,79630614,3,Delivery was late and I was unhappy.,App Experience,Negative,2024-08-06,2024,August
3093468,6133025410,6061349,3,Delivery was late and I was unhappy.,App Experience,Negative,2023-09-09,2023,September
1668566,798088726,89699655,5,Highly recommended!,Customer Service,Positive,2023-07-09,2023,July
8949302,3372412988,89036169,5,Great prices and fast delivery!,Customer Service,Positive,2024-01-22,2024,January
5345716,4910060567,24323106,5,Will definitely order again.,Delivery,Positive,2023-02-04,2023,February
7292721,8708211566,38420886,3,"It was okay, nothing special.",Customer Service,Neutral,2023-04-30,2023,April
8753712,2126853184,92509376,4,Highly recommended!,Delivery,Positive,2024-10-15,2024,October
679090,4390795259,66932104,4,Very happy with the service!,App Experience,Positive,2023-09-20,2023,September
5883678,9030686359,5961261,4,"Excellent quality, will buy again!",Delivery,Positive,2023-01-05,2023,January
7616251,8565611606,85854265,4,The product met my expectations.,Customer Service,Neutral,2024-01-02,2024,January
6834789,6782020758,23380116,4,"Overall good experience, thank you!",Product Quality,Positive,2023-11-30,2023,November
6832935,561884159,84066402,4,Highly recommended!,Customer Service,Positive,2023-01-09,2023,January
9438761,2767430579,16424635,3,"Average experience, could improve.",Customer Service,Neutral,2023-10-21,2023,October
7851198,5934372451,56441247,3,Product was damaged during delivery.,App Experience,Negative,2023-10-04,2023,October
9768226,6833977302,97475543,3,Not worth the price I paid.,App Experience,Negative,2023-05-06,2023,May
4580019,8396649871,2517955,5,Customer service was very helpful.,Delivery,Positive,2024-02-27,2024,February
7798785,1937188757,57392064,4,"Average experience, could improve.",Delivery,Neutral,2023-05-09,2023,May
3236002,3142198801,49152878,1,Customer service was not helpful.,App Experience,Negative,2024-07-16,2024,July
9636021,6087109745,84824280,4,"It was okay, nothing special.",Customer Service,Neutral,2023-03-18,2023,March
4313698,8895262247,191616,4,Very happy with the service!,App Experience,Positive,2023-03-20,2023,March
8162531,5138524153,7522036,3,The product met my expectations.,App Experience,Neutral,2023-09-08,2023,September
8447553,9789995549,34567918,4,Items were in perfect condition.,App Experience,Positive,2024-01-24,2024,January
9992406,7485459856,89784343,4,"Nothing to complain about, but nothing exceptional.",Delivery,Neutral,2023-09-15,2023,September
2945788,4033626537,66943324,1,Taste was not as expected.,Customer Service,Negative,2023-03-05,2023,March
2084296,9370915142,95372766,3,"Nothing to complain about, but nothing exceptional.",Product Quality,Neutral,2023-10-28,2023,October
7103274,7211325894,70976153,3,"Nothing to complain about, but nothing exceptional.",Customer Service,Neutral,2023-04-21,2023,April
6059980,3482827003,77869660,3,Delivery was late and I was unhappy.,Delivery,Negative,2023-08-05,2023,August
4915026,6656246719,19180962,1,Very disappointed with the quality.,Product Quality,Negative,2024-09-09,2024,September
6745359,6092663288,51341672,4,Great prices and fast delivery!,Delivery,Positive,2024-09-28,2024,September
9780783,9346041594,77559557,4,Great prices and fast delivery!,Customer Service,Positive,2023-08-06,2023,August
3900222,9105127475,87213891,3,"It was okay, nothing special.",Product Quality,Neutral,2023-10-11,2023,October
3713853,6120818381,34768050,3,"Nothing to complain about, but nothing exceptional.",Delivery,Neutral,2024-02-05,2024,February
2214877,5174370629,31156674,3,Customer service was not helpful.,App Experience,Negative,2024-09-07,2024,September
718191,3244930036,67386193,1,Items were missing from my order.,Customer Service,Negative,2023-05-15,2023,May
8580872,2976493998,820740,5,Very happy with the service!,Delivery,Positive,2024-10-26,2024,October
7891894,7971593791,92209869,2,Product was damaged during delivery.,Product Quality,Negative,2023-06-14,2023,June
6647320,4052544342,58214883,4,"Excellent quality, will buy again!",Product Quality,Positive,2024-04-30,2024,April
1170860,6264003424,26863280,2,Taste was not as expected.,App Experience,Negative,2024-03-08,2024,March
2137807,3436107152,64141971,2,Taste was not as expected.,Customer Service,Negative,2024-04-04,2024,April
6265719,8546631319,10541231,4,"Nothing to complain about, but nothing exceptional.",Customer Service,Neutral,2023-10-30,2023,October
9500005,640960551,34237583,4,The product met my expectations.,App Experience,Neutral,2023-09-06,2023,September
4497601,1141173434,5961261,2,The packaging was poor.,Product Quality,Negative,2023-11-24,2023,November
1426176,528309380,52409516,4,"Overall good experience, thank you!",App Experience,Positive,2024-04-30,2024,April
3300958,2387509904,63310076,3,The product met my expectations.,Product Quality,Neutral,2024-07-26,2024,July
1137648,6791931269,38133873,1,Items were missing from my order.,App Experience,Negative,2024-05-07,2024,May
9561520,4063689432,6025470,4,"Nothing to complain about, but nothing exceptional.",Delivery,Neutral,2023-10-14,2023,October
9342158,1206887762,59909004,5,Customer service was very helpful.,Delivery,Positive,2024-06-19,2024,June
3941682,6409437174,3399251,4,"Average experience, could improve.",Product Quality,Neutral,2023-06-12,2023,June
4593552,1355164713,28995786,5,Highly recommended!,Product Quality,Positive,2023-03-09,2023,March
5457202,2604772138,15144290,4,"Nothing to complain about, but nothing exceptional.",Product Quality,Neutral,2024-05-21,2024,May
6037486,5868093790,61618079,4,Great prices and fast delivery!,App Experience,Positive,2023-06-04,2023,June
3707503,10161194,63238941,3,"Average experience, could improve.",Product Quality,Neutral,2023-12-24,2023,December
1147617,8930380639,98540377,5,Customer service was very helpful.,Product Quality,Positive,2023-03-10,2023,March
9869403,2247940574,11202130,3,"Average experience, could improve.",Delivery,Neutral,2024-09-04,2024,September
7700925,6190907327,64151769,4,"Overall good experience, thank you!",Customer Service,Positive,2023-03-11,2023,March
8726393,127277515,35455991,4,Highly recommended!,Delivery,Positive,2023-09-30,2023,September
2760214,8209093135,2558646,3,Product was damaged during delivery.,Product Quality,Negative,2023-10-30,2023,October
4182232,4419380079,1989720,3,"Average experience, could improve.",Delivery,Neutral,2023-12-15,2023,December
6445069,2954606845,14294171,3,"Nothing to complain about, but nothing exceptional.",App Experience,Neutral,2024-10-26,2024,October
8440388,5128739359,57081917,4,"Delivery was fine, but the product could be better.",Product Quality,Neutral,2024-07-25,2024,July
5766318,8183315245,80499378,3,"It was okay, nothing special.",App Experience,Neutral,2024-02-27,2024,February
7302984,8820606892,8395343,5,Good selection of products.,App Experience,Positive,2023-04-13,2023,April
4865908,7779228340,8395343,4,"It was okay, nothing special.",Customer Service,Neutral,2023-09-06,2023,September
308786,8459230018,50899600,3,The product met my expectations.,App Experience,Neutral,2024-03-06,2024,March
5093913,7060468800,83867512,1,Customer service was not helpful.,Delivery,Negative,2024-03-07,2024,March
1158149,218821567,95428692,3,The product met my expectations.,Customer Service,Neutral,2024-08-03,2024,August
598479,7795766861,79135318,5,Very happy with the service!,Product Quality,Positive,2023-10-05,2023,October
5855190,4285804383,23755474,2,The order was incorrect.,App Experience,Negative,2023-01-05,2023,January
9864308,5961051248,20834589,4,Customer service was very helpful.,Customer Service,Positive,2024-10-28,2024,October
6324886,5630323534,98218863,5,Very fresh and well-packaged.,Delivery,Positive,2024-08-03,2024,August
1237429,4642824835,76327561,3,Delivery was late and I was unhappy.,Product Quality,Negative,2024-07-07,2024,July
2706442,3060527554,75213636,3,"Nothing to complain about, but nothing exceptional.",Product Quality,Neutral,2024-03-27,2024,March
8054142,4048252396,75213636,5,"Excellent quality, will buy again!",Customer Service,Positive,2024-12-04,2024,December
5492345,1271431612,18082040,1,Not worth the price I paid.,App Experience,Negative,2024-04-16,2024,April
9869482,8981940261,31537100,2,Very disappointed with the quality.,Customer Service,Negative,2024-05-24,2024,May
9514321,3896239510,90856813,4,The product met my expectations.,App Experience,Neutral,2023-05-19,2023,May
1465773,711316410,25587553,5,Very happy with the service!,Customer Service,Positive,2024-02-20,2024,February
4508836,9863502398,31619915,4,"Excellent quality, will buy again!",Product Quality,Positive,2023-12-19,2023,December
7644958,293770293,45066676,4,"Excellent quality, will buy again!",Customer Service,Positive,2023-09-20,2023,September
1545260,890800429,95594611,3,"Nothing to complain about, but nothing exceptional.",App Experience,Neutral,2024-03-28,2024,March
4604799,1270503169,8791577,3,Customer service was not helpful.,Delivery,Negative,2024-09-07,2024,September
5969540,168180571,89910157,4,"Average experience, could improve.",App Experience,Neutral,2023-03-16,2023,March
8269050,111296281,28413467,3,"Average experience, could improve.",Delivery,Neutral,2024-05-28,2024,May
4187929,7329085364,53392567,3,The product met my expectations.,App Experience,Neutral,2023-07-06,2023,July
7486363,1129130498,62243869,4,Customer service was very helpful.,Delivery,Positive,2023-01-12,2023,January
5370895,996939836,23794330,4,Items were in perfect condition.,App Experience,Positive,2024-05-15,2024,May
8628202,8263379807,14479168,4,Very happy with the service!,App Experience,Positive,2023-04-16,2023,April
208523,5735975899,83304571,5,Very fresh and well-packaged.,App Experience,Positive,2023-09-14,2023,September
758812,9651034668,70615775,4,Highly recommended!,App Experience,Positive,2024-07-09,2024,July
619434,3103539793,75244116,3,"Delivery was fine, but the product could be better.",Customer Service,Neutral,2023-07-31,2023,July
5396870,1611921781,48776805,4,Great prices and fast delivery!,Customer Service,Positive,2023-01-06,2023,January
2442580,7532381028,73392739,1,I had a bad experience.,App Experience,Negative,2023-03-21,2023,March
5639495,7803665404,63571453,2,Items were missing from my order.,Delivery,Negative,2023-05-27,2023,May
4081341,466184886,40277444,3,"Nothing to complain about, but nothing exceptional.",Customer Service,Neutral,2023-08-16,2023,August
4900007,4692518050,46989310,3,"Average experience, could improve.",Delivery,Neutral,2024-03-29,2024,March
8024214,9408428,31456752,4,The product met my expectations.,Delivery,Neutral,2023-08-30,2023,August
3972829,8766330526,85907588,1,The order was incorrect.,Delivery,Negative,2023-04-14,2023,April
7795054,9221423039,42208242,2,Not worth the price I paid.,Customer Service,Negative,2024-10-27,2024,October
2308622,4268661538,22694456,3,Taste was not as expected.,Customer Service,Negative,2023-10-24,2023,October
1603047,1378809665,52409516,3,"Nothing to complain about, but nothing exceptional.",App Experience,Neutral,2023-03-18,2023,March
4819549,4917941248,83701325,1,Product was damaged during delivery.,Product Quality,Negative,2024-05-19,2024,May
7746441,5132792285,19080489,4,The product met my expectations.,App Experience,Neutral,2024-10-04,2024,October
9251398,3776678112,34655710,4,"It was okay, nothing special.",Delivery,Neutral,2023-09-12,2023,September
6687072,6940411801,59009727,5,"Excellent quality, will buy again!",Delivery,Positive,2023-01-07,2023,January
2163358,7422521525,92509376,4,The product met my expectations.,Product Quality,Neutral,2024-03-16,2024,March
8836456,4419022028,23961725,2,The packaging was poor.,Product Quality,Negative,2023-12-13,2023,December
5169467,8016651984,90745023,3,I had a bad experience.,Product Quality,Negative,2023-04-30,2023,April
3667498,2361722422,89412038,2,Taste was not as expected.,App Experience,Negative,2023-04-27,2023,April
4009881,1001453982,34668988,5,Great prices and fast delivery!,Product Quality,Positive,2023-07-31,2023,July
98663,9093918346,74038361,1,I had a bad experience.,Product Quality,Negative,2024-03-31,2024,March
1062711,3969014433,61982521,5,Very happy with the service!,Customer Service,Positive,2023-09-08,2023,September
5364138,9684561720,61121421,2,Product was damaged during delivery.,Product Quality,Negative,2023-04-09,2023,April
8695298,7031115362,27878182,4,Highly recommended!,App Experience,Positive,2024-10-25,2024,October
9327414,8204766849,76020843,5,Highly recommended!,Product Quality,Positive,2024-07-29,2024,July
9684063,2785412612,60210778,4,"Overall good experience, thank you!",Customer Service,Positive,2024-03-18,2024,March
7675201,2624138741,31718565,4,"Delivery was fine, but the product could be better.",Product Quality,Neutral,2024-04-18,2024,April
4730546,748376248,66766629,3,"Nothing to complain about, but nothing exceptional.",Product Quality,Neutral,2023-08-29,2023,August
4022827,6096787440,25128143,3,"Average experience, could improve.",Delivery,Neutral,2023-03-18,2023,March
7180248,8787660233,90586029,4,"Delivery was fine, but the product could be better.",Delivery,Neutral,2024-05-26,2024,May
2486239,3845481278,63870636,4,The product met my expectations.,Delivery,Neutral,2023-05-07,2023,May
6165350,4636134267,57642258,4,The product met my expectations.,Product Quality,Neutral,2024-02-28,2024,February
1410361,4538825340,45700739,4,"Average experience, could improve.",Delivery,Neutral,2024-05-04,2024,May
5905399,4553101047,39301587,1,Items were missing from my order.,Delivery,Negative,2024-05-31,2024,May
5868626,2193853405,42208242,3,Taste was not as expected.,Product Quality,Negative,2023-05-30,2023,May
9439816,1642059453,7378768,1,The order was incorrect.,App Experience,Negative,2023-12-08,2023,December
3708995,5890339330,2188994,5,"Overall good experience, thank you!",App Experience,Positive,2024-05-21,2024,May
1670300,313663478,6959437,4,Customer service was very helpful.,Product Quality,Positive,2024-02-21,2024,February
7032178,8591576320,79916464,3,Not worth the price I paid.,Customer Service,Negative,2023-07-29,2023,July
7648056,4728104591,31389750,3,The product met my expectations.,App Experience,Neutral,2023-06-11,2023,June
7815295,8276401643,88252625,5,Highly recommended!,App Experience,Positive,2024-10-17,2024,October
862586,8709694061,6724509,4,"Delivery was fine, but the product could be better.",Delivery,Neutral,2024-10-17,2024,October
5980183,4080156881,97770901,2,Product was damaged during delivery.,Delivery,Negative,2024-03-04,2024,March
7082273,7485829116,49050014,3,I had a bad experience.,App Experience,Negative,2024-03-30,2024,March
9799066,7378865582,30643619,3,"It was okay, nothing special.",Product Quality,Neutral,2023-05-23,2023,May
2038929,335575667,32929817,1,Product was damaged during delivery.,App Experience,Negative,2023-07-09,2023,July
2730011,1621109077,87450286,4,"Average experience, could improve.",Delivery,Neutral,2024-03-25,2024,March
6005897,7468088555,21697638,1,Product was damaged during delivery.,Delivery,Negative,2023-10-05,2023,October
3703483,3676517886,57505804,3,Very disappointed with the quality.,Customer Service,Negative,2024-08-06,2024,August
1832641,1746921111,56604077,4,"It was okay, nothing special.",App Experience,Neutral,2024-08-28,2024,August
2337523,7774691391,42514124,4,The product met my expectations.,App Experience,Neutral,2023-07-20,2023,July
3189619,8220678247,63858550,3,Not worth the price I paid.,Product Quality,Negative,2024-06-23,2024,June
4330280,6048604080,98218863,4,Very fresh and well-packaged.,Delivery,Positive,2023-06-09,2023,June
1577339,8545716586,98540377,1,Delivery was late and I was unhappy.,Customer Service,Negative,2024-12-01,2024,December
898054,530870056,39140039,5,Very happy with the service!,Delivery,Positive,2024-08-15,2024,August
4292010,4055690435,15568831,4,"Average experience, could improve.",Product Quality,Neutral,2023-05-04,2023,May
8449694,7096530350,97411107,4,Great prices and fast delivery!,Product Quality,Positive,2024-06-26,2024,June
9915723,7083649345,75464725,3,"Delivery was fine, but the product could be better.",Delivery,Neutral,2023-05-20,2023,May
2114281,836457367,2365348,5,"Overall good experience, thank you!",Product Quality,Positive,2024-02-06,2024,February
8423662,7698126312,1705969,4,The product met my expectations.,Customer Service,Neutral,2023-10-31,2023,October
4302093,2267297760,5754255,3,Not worth the price I paid.,Delivery,Negative,2024-01-29,2024,January
1095546,1717841423,87954926,4,"Average experience, could improve.",App Experience,Neutral,2024-01-31,2024,January
9739784,4330597536,40563029,5,Customer service was very helpful.,Customer Service,Positive,2023-11-04,2023,November
2810553,3687593721,61121421,4,"It was okay, nothing special.",Delivery,Neutral,2023-05-16,2023,May
7045900,6660740926,119099,3,I had a bad experience.,Delivery,Negative,2024-05-24,2024,May
7781934,9439713009,4439806,4,Good selection of products.,App Experience,Positive,2024-04-22,2024,April
8155247,5281121057,67908555,3,Taste was not as expected.,Delivery,Negative,2023-08-20,2023,August
36734,7044351561,91024604,3,"Delivery was fine, but the product could be better.",App Experience,Neutral,2023-09-19,2023,September
3934685,9121393476,57896058,4,"It was okay, nothing special.",Product Quality,Neutral,2023-01-08,2023,January
7875986,7202170939,50518311,5,Very fresh and well-packaged.,App Experience,Positive,2024-01-13,2024,January
4972130,1429047127,18465047,3,"It was okay, nothing special.",Product Quality,Neutral,2023-09-12,2023,September
7125025,8551965787,8383197,1,Delivery was late and I was unhappy.,Product Quality,Negative,2024-10-16,2024,October
6594513,6756882357,83155219,5,"Excellent quality, will buy again!",App Experience,Positive,2024-06-23,2024,June
7553489,618929241,53624677,3,The product met my expectations.,Customer Service,Neutral,2023-02-10,2023,February
2700168,9711157887,46615831,4,Customer service was very helpful.,Customer Service,Positive,2024-03-01,2024,March
5396526,354149805,41164215,3,Very disappointed with the quality.,App Experience,Negative,2024-04-17,2024,April
116114,231328814,25287111,4,The product met my expectations.,App Experience,Neutral,2024-04-19,2024,April
8543930,523916986,66761643,4,"Delivery was fine, but the product could be better.",Delivery,Neutral,2024-09-19,2024,September
6623371,1930887811,12302179,1,Customer service was not helpful.,App Experience,Negative,2023-10-08,2023,October
7617381,9958741781,95971469,4,"Delivery was fine, but the product could be better.",Product Quality,Neutral,2024-08-26,2024,August
6178535,6727230123,26303194,2,Very disappointed with the quality.,App Experience,Negative,2024-10-19,2024,October
536884,9487368442,50899600,4,The product met my expectations.,Delivery,Neutral,2023-09-08,2023,September
5775016,671459763,50630016,4,The product met my expectations.,Product Quality,Neutral,2024-06-23,2024,June
7766800,9129957352,95971469,5,"Overall good experience, thank you!",App Experience,Positive,2023-06-09,2023,June
6100953,9206073690,19425804,4,"Nothing to complain about, but nothing exceptional.",App Experience,Neutral,2024-07-06,2024,July
7974999,5587148302,32635818,4,Will definitely order again.,Product Quality,Positive,2024-09-23,2024,September
4439352,6936256414,72263318,2,Product was damaged during delivery.,Delivery,Negative,2024-06-23,2024,June
6182243,3341228576,91196901,1,I had a bad experience.,Customer Service,Negative,2023-05-05,2023,May
5015866,4817323453,75028268,5,Items were in perfect condition.,Product Quality,Positive,2023-07-09,2023,July
8681276,1163454835,50392139,3,"Average experience, could improve.",Product Quality,Neutral,2023-06-12,2023,June
4171371,5236061455,48158494,4,"It was okay, nothing special.",Customer Service,Neutral,2023-07-04,2023,July
9843759,5982829268,90038364,2,Items were missing from my order.,App Experience,Negative,2023-01-04,2023,January
9606032,1901688056,16780752,3,Product was damaged during delivery.,App Experience,Negative,2023-09-13,2023,September
3610647,5936051107,83304462,4,Very fresh and well-packaged.,Delivery,Positive,2024-10-21,2024,October
5320451,3018272105,18465047,3,"Average experience, could improve.",Product Quality,Neutral,2023-03-21,2023,March
4900513,3656191983,59252433,5,Customer service was very helpful.,App Experience,Positive,2023-08-16,2023,August
7132499,5186692805,97678578,4,Will definitely order again.,Customer Service,Positive,2023-08-11,2023,August
3936767,7281243151,13581527,4,"Nothing to complain about, but nothing exceptional.",Customer Service,Neutral,2023-08-30,2023,August
7533254,7906004940,65963876,3,The product met my expectations.,App Experience,Neutral,2023-04-27,2023,April
9040178,6354703603,63310076,3,I had a bad experience.,Customer Service,Negative,2024-05-17,2024,May
9826484,6444064733,80571942,4,Customer service was very helpful.,App Experience,Positive,2023-11-10,2023,November
1283439,2405783093,36428139,4,Highly recommended!,Delivery,Positive,2023-03-18,2023,March
4515869,63363146,16410155,5,Customer service was very helpful.,Product Quality,Positive,2023-12-07,2023,December
5066195,7040313500,90298394,3,"It was okay, nothing special.",Delivery,Neutral,2024-10-14,2024,October
3144588,5844807259,45477575,5,"Overall good experience, thank you!",App Experience,Positive,2023-10-14,2023,October
2126245,1931703221,62917794,5,Customer service was very helpful.,Customer Service,Positive,2023-08-05,2023,August
5185084,3525336030,89998489,4,The product met my expectations.,Delivery,Neutral,2023-12-04,2023,December
5237621,4359807852,81136091,3,"Nothing to complain about, but nothing exceptional.",Delivery,Neutral,2024-11-04,2024,November
2781549,6946959356,13963450,3,"Nothing to complain about, but nothing exceptional.",Product Quality,Neutral,2023-12-15,2023,December
3137059,782338627,73639935,3,The product met my expectations.,Product Quality,Neutral,2024-08-09,2024,August
6271615,4942714391,25294147,4,"Delivery was fine, but the product could be better.",App Experience,Neutral,2024-01-19,2024,January
3100765,919307194,11928321,4,Will definitely order again.,Delivery,Positive,2024-07-01,2024,July
8596369,6509263423,29324437,1,I had a bad experience.,Delivery,Negative,2024-01-20,2024,January
4183533,7200105089,24845814,4,"Nothing to complain about, but nothing exceptional.",Customer Service,Neutral,2023-11-29,2023,November
8714597,7120372196,40727086,4,Will definitely order again.,Product Quality,Positive,2024-10-08,2024,October
974082,8710393245,32564478,5,Will definitely order again.,App Experience,Positive,2024-07-21,2024,July
6242756,8862036450,7228206,3,"Nothing to complain about, but nothing exceptional.",Customer Service,Neutral,2024-03-01,2024,March
636361,2087769338,8536503,3,"Delivery was fine, but the product could be better.",Delivery,Neutral,2024-08-06,2024,August
7701760,3349267712,85354059,4,The product met my expectations.,Customer Service,Neutral,2023-09-25,2023,September
725200,1689937124,21701991,5,Great prices and fast delivery!,Product Quality,Positive,2024-01-17,2024,January
1065233,4498769995,84275450,5,Customer service was very helpful.,Delivery,Positive,2024-01-23,2024,January
923591,3729771871,79592021,4,Great prices and fast delivery!,App Experience,Positive,2023-10-11,2023,October
8266186,9065518834,61877649,3,"Average experience, could improve.",App Experience,Neutral,2024-06-17,2024,June
5046110,7524465290,22851478,4,The product met my expectations.,App Experience,Neutral,2024-06-01,2024,June
6408690,2319921666,97150234,1,Very disappointed with the quality.,Product Quality,Negative,2024-01-05,2024,January
6929357,9541612277,5001749,3,Delivery was late and I was unhappy.,App Experience,Negative,2024-03-31,2024,March
887817,6303548068,31846190,3,Taste was not as expected.,Product Quality,Negative,2024-06-30,2024,June
2487142,5867651793,64197854,4,"Overall good experience, thank you!",Customer Service,Positive,2023-09-11,2023,September
8316237,6405947025,19375332,3,The product met my expectations.,App Experience,Neutral,2024-09-28,2024,September
6768345,2150790907,12655794,3,"Average experience, could improve.",App Experience,Neutral,2023-08-16,2023,August
1735575,212856641,51994597,1,Product was damaged during delivery.,Product Quality,Negative,2024-02-11,2024,February
8931519,1686508921,47215976,5,Great prices and fast delivery!,Delivery,Positive,2024-07-22,2024,July
7882585,5879579208,41261495,5,Items were in perfect condition.,Product Quality,Positive,2024-10-09,2024,October
18528,1882682579,44050697,4,Very fresh and well-packaged.,Delivery,Positive,2023-05-13,2023,May
3845304,8370410622,10663246,1,Items were missing from my order.,Product Quality,Negative,2024-01-06,2024,January
2833626,368599691,44030130,4,"Nothing to complain about, but nothing exceptional.",Product Quality,Neutral,2024-10-22,2024,October
7811505,9282982332,97873848,2,Very disappointed with the quality.,App Experience,Negative,2024-12-09,2024,December
7543481,4874880100,67271824,4,"Average experience, could improve.",Delivery,Neutral,2024-09-09,2024,September
3756001,102639985,40392019,4,Good selection of products.,Product Quality,Positive,2023-08-27,2023,August
2165093,5288207551,53299455,3,The packaging was poor.,Customer Service,Negative,2023-10-09,2023,October
1060322,693932743,57658033,5,Customer service was very helpful.,Customer Service,Positive,2023-06-06,2023,June
1258471,2325405669,20834589,5,Very happy with the service!,Delivery,Positive,2024-08-03,2024,August
2626278,8152364696,90665975,2,Product was damaged during delivery.,App Experience,Negative,2023-12-24,2023,December
9872966,7682359398,36833857,3,The product met my expectations.,Customer Service,Neutral,2024-09-15,2024,September
7008107,1742951029,95371787,1,Delivery was late and I was unhappy.,Customer Service,Negative,2023-07-05,2023,July
2639177,4799787645,71905368,5,Highly recommended!,App Experience,Positive,2023-07-10,2023,July
8577018,8498666384,37556526,4,Good selection of products.,Customer Service,Positive,2024-08-03,2024,August
4654856,5013572642,73363613,5,Good selection of products.,Customer Service,Positive,2023-08-05,2023,August
5848863,8403006958,59398136,3,"Nothing to complain about, but nothing exceptional.",Product Quality,Neutral,2023-11-27,2023,November
8352349,4688831157,13071673,4,"Nothing to complain about, but nothing exceptional.",Product Quality,Neutral,2024-03-07,2024,March
4503642,394578210,88067569,5,"Overall good experience, thank you!",Delivery,Positive,2023-09-26,2023,September
8574659,8681711802,36833857,4,"Nothing to complain about, but nothing exceptional.",Product Quality,Neutral,2023-07-10,2023,July
955766,9311399064,20238921,3,"Average experience, could improve.",Product Quality,Neutral,2023-04-11,2023,April
2446665,2620581496,63092485,1,Taste was not as expected.,Product Quality,Negative,2023-04-21,2023,April
9733548,5116898322,73377004,4,The product met my expectations.,Product Quality,Neutral,2024-07-18,2024,July
8593846,5995819849,34787383,4,"Excellent quality, will buy again!",Delivery,Positive,2023-08-19,2023,August
7669095,7690500286,35349582,5,Customer service was very helpful.,Customer Service,Positive,2024-12-07,2024,December
3679449,6107283203,87444738,5,Very happy with the service!,Delivery,Positive,2024-09-09,2024,September
4379662,3170417508,85561151,5,Will definitely order again.,Product Quality,Positive,2024-10-01,2024,October
1224148,805682701,33481252,2,Not worth the price I paid.,Customer Service,Negative,2023-07-30,2023,July
5274214,8960508625,20163931,4,Great prices and fast delivery!,Delivery,Positive,2023-07-10,2023,July
6427792,5580397726,62243869,4,Highly recommended!,Delivery,Positive,2023-06-21,2023,June
377737,1506599381,77345018,5,Customer service was very helpful.,App Experience,Positive,2024-09-18,2024,September
8721062,8424478165,27416314,5,Will definitely order again.,App Experience,Positive,2023-04-21,2023,April
6684472,6083333956,45028365,1,Items were missing from my order.,App Experience,Negative,2023-03-27,2023,March
337769,9611327860,6335221,1,The order was incorrect.,Product Quality,Negative,2024-07-04,2024,July
6031085,9539444766,97873848,3,"Nothing to complain about, but nothing exceptional.",App Experience,Neutral,2023-04-11,2023,April
5641000,756168939,54923640,1,Not worth the price I paid.,Delivery,Negative,2024-05-07,2024,May
3384833,7762624518,22738465,5,Great prices and fast delivery!,Customer Service,Positive,2024-08-26,2024,August
1858489,3681781563,4940671,4,Customer service was very helpful.,App Experience,Positive,2023-11-18,2023,November
7964081,1571085226,78961097,3,Delivery was late and I was unhappy.,Delivery,Negative,2024-07-04,2024,July
1832317,4244306883,2584499,4,"Excellent quality, will buy again!",Customer Service,Positive,2024-03-03,2024,March
1973642,7333141591,69415494,5,Items were in perfect condition.,App Experience,Positive,2024-03-15,2024,March
5785721,1199945706,70867736,4,Very fresh and well-packaged.,Product Quality,Positive,2024-08-01,2024,August
4808392,5895644119,1603358,3,"Delivery was fine, but the product could be better.",App Experience,Neutral,2023-11-06,2023,November
9000862,7112919210,55693909,4,"Nothing to complain about, but nothing exceptional.",Customer Service,Neutral,2024-01-02,2024,January
7286626,8315937318,64497538,2,Taste was not as expected.,App Experience,Negative,2024-08-05,2024,August
4616277,5331800057,65488134,5,Highly recommended!,Customer Service,Positive,2023-03-29,2023,March
6364272,5989265505,62742797,5,Highly recommended!,Customer Service,Positive,2024-03-15,2024,March
1779847,7906361274,96795047,3,"Nothing to complain about, but nothing exceptional.",Customer Service,Neutral,2023-03-09,2023,March
5192691,6312476146,35988028,4,"Delivery was fine, but the product could be better.",Product Quality,Neutral,2024-01-27,2024,January
6263133,9436272631,44410149,3,"Nothing to complain about, but nothing exceptional.",Product Quality,Neutral,2024-05-18,2024,May
1396040,8289791792,61516967,2,The packaging was poor.,Product Quality,Negative,2024-01-26,2024,January
9416879,7659532788,22112867,3,The product met my expectations.,Delivery,Neutral,2024-01-02,2024,January
57956,1498157233,19180962,4,Highly recommended!,Delivery,Positive,2024-08-02,2024,August
7625401,8560951754,954629,4,"Delivery was fine, but the product could be better.",App Experience,Neutral,2023-05-17,2023,May
1314891,8764192824,64823226,4,"Delivery was fine, but the product could be better.",Delivery,Neutral,2023-07-24,2023,July
3930672,1900542981,11254582,1,Very disappointed with the quality.,Customer Service,Negative,2023-03-25,2023,March
8418449,9445683691,41878908,4,"Delivery was fine, but the product could be better.",App Experience,Neutral,2023-12-11,2023,December
2137479,7719808335,48358028,5,Very fresh and well-packaged.,Customer Service,Positive,2023-04-26,2023,April
4820620,4865644960,50484778,1,Customer service was not helpful.,Delivery,Negative,2023-11-09,2023,November
8062208,6518276143,70965437,5,Customer service was very helpful.,Product Quality,Positive,2024-01-25,2024,January
2808252,2211459584,73869823,5,Will definitely order again.,App Experience,Positive,2023-12-25,2023,December
4351236,6811633572,7728406,1,Items were missing from my order.,Product Quality,Negative,2024-06-26,2024,June
2683251,1821573240,32019725,4,"Average experience, could improve.",App Experience,Neutral,2024-10-04,2024,October
6037851,8848227434,12988801,1,I had a bad experience.,Customer Service,Negative,2023-06-17,2023,June
8939811,7812276711,67465084,2,The packaging was poor.,Product Quality,Negative,2023-03-25,2023,March
2115852,939966106,42012717,4,"Delivery was fine, but the product could be better.",App Experience,Neutral,2023-02-05,2023,February
6108696,4099108156,24144240,5,Highly recommended!,Delivery,Positive,2024-10-04,2024,October
9295353,5684182622,29095552,5,Highly recommended!,Product Quality,Positive,2024-03-03,2024,March
2566372,4916740946,69240186,2,The order was incorrect.,Product Quality,Negative,2023-10-29,2023,October
8066722,9732307600,81757554,3,"Nothing to complain about, but nothing exceptional.",Delivery,Neutral,2024-01-31,2024,January
8796276,9280329883,60904312,2,Taste was not as expected.,Product Quality,Negative,2023-10-09,2023,October
7679222,4284285927,92843141,3,"It was okay, nothing special.",Product Quality,Neutral,2024-04-08,2024,April
562344,8701796,14479168,3,"Delivery was fine, but the product could be better.",Customer Service,Neutral,2024-08-19,2024,August
5323283,6834734512,40727086,1,The order was incorrect.,Product Quality,Negative,2023-08-31,2023,August
8867273,7127377458,99406165,4,Items were in perfect condition.,Delivery,Positive,2023-03-26,2023,March
3594983,4754481356,84161531,1,Delivery was late and I was unhappy.,App Experience,Negative,2023-08-14,2023,August
9522230,4726007482,93924203,2,The packaging was poor.,Customer Service,Negative,2023-08-30,2023,August
1044294,2320560482,27709218,4,"Excellent quality, will buy again!",Delivery,Positive,2024-02-18,2024,February
9900587,1456550348,39674723,3,The product met my expectations.,Delivery,Neutral,2024-02-05,2024,February
2091797,5370744569,61522288,3,"Delivery was fine, but the product could be better.",Product Quality,Neutral,2023-08-23,2023,August
8958766,5819887962,49433260,5,Will definitely order again.,Customer Service,Positive,2024-03-03,2024,March
5477160,1929465827,19556566,3,"Average experience, could improve.",Delivery,Neutral,2023-12-13,2023,December
4943115,9430139302,59329145,4,"Average experience, could improve.",App Experience,Neutral,2024-09-02,2024,September
4842110,3632715912,66135710,1,Items were missing from my order.,Product Quality,Negative,2024-08-18,2024,August
8125083,3356214803,66655397,2,Not worth the price I paid.,Customer Service,Negative,2024-08-06,2024,August
8349855,2277864850,73377004,4,"Excellent quality, will buy again!",App Experience,Positive,2024-10-30,2024,October
7997985,1754472592,33331259,3,"Delivery was fine, but the product could be better.",Customer Service,Neutral,2024-11-06,2024,November
3248115,1833208408,49881540,5,Will definitely order again.,Delivery,Positive,2023-08-16,2023,August
1831625,6567954047,21809858,4,Good selection of products.,Product Quality,Positive,2023-09-07,2023,September
3878247,9409585531,2414265,1,The order was incorrect.,App Experience,Negative,2023-03-04,2023,March
7114766,731371161,57566548,4,Good selection of products.,Delivery,Positive,2024-09-25,2024,September
3188195,7863496069,63802820,5,"Excellent quality, will buy again!",Product Quality,Positive,2024-09-02,2024,September
1325935,9043955242,92123198,5,"Overall good experience, thank you!",App Experience,Positive,2024-04-13,2024,April
1310100,8257564936,15897933,3,Product was damaged during delivery.,App Experience,Negative,2024-03-31,2024,March
4500794,7487631571,77397957,4,"Nothing to complain about, but nothing exceptional.",Customer Service,Neutral,2024-12-04,2024,December
8676486,4243307535,8886587,2,Not worth the price I paid.,Customer Service,Negative,2024-04-07,2024,April
4932119,5490221933,41155125,3,"Delivery was fine, but the product could be better.",App Experience,Neutral,2023-06-21,2023,June
7156102,577600718,72857290,4,Very fresh and well-packaged.,Customer Service,Positive,2024-06-04,2024,June
3269889,1815462789,47618810,2,Items were missing from my order.,App Experience,Negative,2023-09-09,2023,September
412937,896786012,99156138,3,The product met my expectations.,Product Quality,Neutral,2023-08-18,2023,August
5476835,2610552179,98225598,4,Will definitely order again.,Customer Service,Positive,2024-06-26,2024,June
367880,6244718082,2400009,4,"Delivery was fine, but the product could be better.",Delivery,Neutral,2024-05-22,2024,May
6494912,1837634871,98241853,2,Items were missing from my order.,Customer Service,Negative,2023-06-05,2023,June
4101509,8684571382,94033330,2,Very disappointed with the quality.,Delivery,Negative,2023-04-10,2023,April
7816849,1659181364,27513158,2,I had a bad experience.,Delivery,Negative,2023-08-26,2023,August
3620647,5626641031,65426878,4,"Average experience, could improve.",App Experience,Neutral,2024-05-19,2024,May
8436976,1589326447,77961205,5,Customer service was very helpful.,Product Quality,Positive,2024-01-27,2024,January
8409823,5018325783,52862822,1,Items were missing from my order.,Product Quality,Negative,2024-11-02,2024,November
1366425,5111073873,75984768,2,Taste was not as expected.,Product Quality,Negative,2024-02-02,2024,February
9997264,5953426781,79135318,4,"Delivery was fine, but the product could be better.",Delivery,Neutral,2023-10-12,2023,October
5746169,8966870214,59518795,5,"Excellent quality, will buy again!",Customer Service,Positive,2024-02-27,2024,February
9063564,6962915277,54748429,1,Taste was not as expected.,Delivery,Negative,2024-09-14,2024,September
1263164,4309308088,18642306,5,Good selection of products.,App Experience,Positive,2023-02-12,2023,February
5205212,5391068200,68159723,1,Delivery was late and I was unhappy.,Customer Service,Negative,2023-11-20,2023,November
9794768,4394681222,80517784,4,The product met my expectations.,App Experience,Neutral,2024-03-28,2024,March
3379600,4791895461,63793401,5,Will definitely order again.,Product Quality,Positive,2024-11-08,2024,November
8346187,7272011740,54139038,4,"Excellent quality, will buy again!",App Experience,Positive,2024-09-16,2024,September
6743836,87784691,92583164,3,"Delivery was fine, but the product could be better.",App Experience,Neutral,2024-09-29,2024,September
3430403,4939105270,2164524,5,Very happy with the service!,Delivery,Positive,2023-02-11,2023,February
9779614,4622303035,55060796,4,"Delivery was fine, but the product could be better.",Delivery,Neutral,2023-03-08,2023,March
4783620,3460208027,78725001,1,Taste was not as expected.,Delivery,Negative,2024-04-19,2024,April
4140403,2548125971,7228206,4,"Average experience, could improve.",Customer Service,Neutral,2023-05-11,2023,May
2844735,2390111460,70608515,2,Very disappointed with the quality.,Product Quality,Negative,2023-09-09,2023,September
7650611,8309485249,87200291,4,"It was okay, nothing special.",Product Quality,Neutral,2023-02-12,2023,February
5554616,8322543480,34668988,3,The product met my expectations.,Delivery,Neutral,2024-09-27,2024,September
9733512,2819200158,64497538,1,Not worth the price I paid.,Delivery,Negative,2023-07-23,2023,July
2257268,7087151227,49795571,1,Not worth the price I paid.,App Experience,Negative,2023-11-26,2023,November
9893663,6704234561,51833636,4,Items were in perfect condition.,Delivery,Positive,2024-03-01,2024,March
7777945,6998410196,78748184,5,Very fresh and well-packaged.,App Experience,Positive,2023-07-25,2023,July
4059087,707035635,61618079,5,Highly recommended!,Delivery,Positive,2024-09-29,2024,September
8035698,543400704,60300263,2,Very disappointed with the quality.,Customer Service,Negative,2023-10-27,2023,October
5696948,3604694195,34713143,5,Very fresh and well-packaged.,Delivery,Positive,2023-03-09,2023,March
9678367,3560549947,42465414,3,"Average experience, could improve.",App Experience,Neutral,2024-07-21,2024,July
5252675,9982178143,89968482,3,"It was okay, nothing special.",Product Quality,Neutral,2023-08-12,2023,August
7265679,1423646541,48730063,3,Taste was not as expected.,Product Quality,Negative,2023-10-12,2023,October
1966080,7441941402,16785724,2,Product was damaged during delivery.,Delivery,Negative,2023-12-22,2023,December
2868057,8395661807,4386273,4,Will definitely order again.,Customer Service,Positive,2024-08-19,2024,August
4416255,5480656353,11446157,3,"Average experience, could improve.",Customer Service,Neutral,2024-05-03,2024,May
3755168,4561602092,53624677,4,Great prices and fast delivery!,Delivery,Positive,2024-09-18,2024,September
9857162,1695982633,81382213,4,"Average experience, could improve.",App Experience,Neutral,2024-01-13,2024,January
124508,6309447153,74212242,3,"Delivery was fine, but the product could be better.",Delivery,Neutral,2023-05-18,2023,May
4830097,4796733514,87251489,3,"Average experience, could improve.",Delivery,Neutral,2023-03-04,2023,March
9831534,2858966982,77214094,3,I had a bad experience.,App Experience,Negative,2024-04-25,2024,April
5730284,6948607495,18259715,4,"Nothing to complain about, but nothing exceptional.",App Experience,Neutral,2024-08-28,2024,August
7065793,4959271803,11082181,5,Very happy with the service!,App Experience,Positive,2024-02-22,2024,February
7733566,5669689881,7728406,4,Very happy with the service!,Customer Service,Positive,2023-11-07,2023,November
7602011,5352265711,75928073,3,The order was incorrect.,Customer Service,Negative,2024-02-29,2024,February
9157682,5498551836,62243869,2,Taste was not as expected.,App Experience,Negative,2023-02-11,2023,February
2443721,6556845822,68692574,2,The packaging was poor.,Customer Service,Negative,2023-05-13,2023,May
3048402,5167008199,76359458,3,"It was okay, nothing special.",Customer Service,Neutral,2024-05-31,2024,May
5135242,966294309,89619421,3,Items were missing from my order.,App Experience,Negative,2024-02-05,2024,February
5106195,3163611427,85074810,1,Items were missing from my order.,Delivery,Negative,2024-01-17,2024,January
4946224,203136866,91320466,1,The order was incorrect.,Delivery,Negative,2024-11-06,2024,November
1860362,1815555165,58085779,5,"Excellent quality, will buy again!",Delivery,Positive,2023-11-09,2023,November
8545459,1874499212,64162093,4,Great prices and fast delivery!,Delivery,Positive,2024-05-30,2024,May
5712941,4012779165,84641682,1,Product was damaged during delivery.,Delivery,Negative,2024-09-16,2024,September
2793942,3669023899,81183415,1,The packaging was poor.,App Experience,Negative,2024-12-05,2024,December
3199955,9296381620,50630016,3,"Nothing to complain about, but nothing exceptional.",Customer Service,Neutral,2024-04-28,2024,April
6795405,2725513934,54799731,4,"Nothing to complain about, but nothing exceptional.",Customer Service,Neutral,2023-07-10,2023,July
2492010,5564338561,61226563,2,Taste was not as expected.,Delivery,Negative,2024-03-31,2024,March
2128627,4701778121,23348269,3,Customer service was not helpful.,Product Quality,Negative,2024-06-06,2024,June
9220379,9529272337,29973346,2,Not worth the price I paid.,Delivery,Negative,2023-11-12,2023,November
3767076,869910650,34755436,4,"Nothing to complain about, but nothing exceptional.",Product Quality,Neutral,2024-05-27,2024,May
5313010,2127080399,84468124,2,The order was incorrect.,Product Quality,Negative,2024-09-16,2024,September
3909512,3547439109,33481252,2,Very disappointed with the quality.,App Experience,Negative,2023-04-13,2023,April
1313671,997535715,21409946,5,Good selection of products.,App Experience,Positive,2023-03-27,2023,March
8375675,2442453181,16543242,1,Taste was not as expected.,App Experience,Negative,2023-03-26,2023,March
8050235,1182120536,4386273,5,Great prices and fast delivery!,App Experience,Positive,2024-05-26,2024,May
3769570,2819297954,5540556,5,"Excellent quality, will buy again!",App Experience,Positive,2024-07-04,2024,July
9494479,9870956079,39423691,4,"Nothing to complain about, but nothing exceptional.",Delivery,Neutral,2023-10-26,2023,October
6092101,6032675432,63368244,5,Great prices and fast delivery!,Product Quality,Positive,2024-09-29,2024,September
5033644,329790912,76925460,2,Delivery was late and I was unhappy.,App Experience,Negative,2024-04-08,2024,April
4434275,6459815532,43295656,3,Customer service was not helpful.,App Experience,Negative,2023-05-16,2023,May
3973915,9214523757,59619739,5,Will definitely order again.,Customer Service,Positive,2023-10-20,2023,October
7463852,9450279027,38694209,5,Very happy with the service!,App Experience,Positive,2023-09-30,2023,September
9489299,6265551101,38568692,3,"Nothing to complain about, but nothing exceptional.",Delivery,Neutral,2023-11-13,2023,November
2182656,4138526838,33871107,3,The order was incorrect.,App Experience,Negative,2023-10-25,2023,October
280405,8005579633,89617089,2,Not worth the price I paid.,App Experience,Negative,2023-08-16,2023,August
5615234,3442984170,55472026,2,Taste was not as expected.,Product Quality,Negative,2024-09-16,2024,September
2289176,8711550413,68941950,4,"Delivery was fine, but the product could be better.",App Experience,Neutral,2023-05-30,2023,May
3881592,2509593585,58111297,3,"It was okay, nothing special.",Product Quality,Neutral,2023-05-05,2023,May
7563634,6126557370,61982521,3,The packaging was poor.,Product Quality,Negative,2024-04-20,2024,April
5509014,9876119035,29095552,3,I had a bad experience.,Product Quality,Negative,2023-04-15,2023,April
3254755,3739042166,92416428,4,"Delivery was fine, but the product could be better.",App Experience,Neutral,2024-07-23,2024,July
4479766,7938944124,85074810,3,Not worth the price I paid.,App Experience,Negative,2024-03-30,2024,March
7080415,506804807,9107360,5,"Overall good experience, thank you!",Product Quality,Positive,2024-10-07,2024,October
1094004,3577900599,28286754,4,Good selection of products.,Customer Service,Positive,2024-02-02,2024,February
4435159,8337599633,41073776,3,The product met my expectations.,Customer Service,Neutral,2023-11-21,2023,November
9449416,8611745429,88045094,5,Great prices and fast delivery!,Customer Service,Positive,2024-12-05,2024,December
7804494,2990223879,72359843,5,Items were in perfect condition.,Product Quality,Positive,2023-11-08,2023,November
7791110,52324496,81605722,2,I had a bad experience.,Customer Service,Negative,2024-02-23,2024,February
7926825,6594929133,45868300,2,Taste was not as expected.,Customer Service,Negative,2023-04-14,2023,April
6510010,2480235830,31324823,3,Taste was not as expected.,Delivery,Negative,2023-09-19,2023,September
2675002,9667072962,50781611,4,"Nothing to complain about, but nothing exceptional.",Customer Service,Neutral,2023-11-04,2023,November
88259,277700053,1174162,4,Customer service was very helpful.,App Experience,Positive,2023-08-15,2023,August
1831132,5691623788,60757351,3,The product met my expectations.,Delivery,Neutral,2024-03-16,2024,March
6485371,6845696161,37759707,3,"Nothing to complain about, but nothing exceptional.",Product Quality,Neutral,2023-07-14,2023,July
8796506,4098488449,60049160,3,"Average experience, could improve.",Delivery,Neutral,2023-03-31,2023,March
170656,5653623743,96461062,2,Delivery was late and I was unhappy.,Customer Service,Negative,2023-03-30,2023,March
1594625,6416399784,34156884,3,Taste was not as expected.,Customer Service,Negative,2023-07-08,2023,July
4609884,4365565386,54145987,2,Delivery was late and I was unhappy.,Customer Service,Negative,2023-06-30,2023,June
8384299,6423269418,30643619,3,Taste was not as expected.,Customer Service,Negative,2024-08-23,2024,August
4529301,1020534590,48150243,4,"Delivery was fine, but the product could be better.",Customer Service,Neutral,2023-12-12,2023,December
7658175,4015289878,72489544,4,"Average experience, could improve.",Product Quality,Neutral,2024-03-22,2024,March
9247611,9959668334,80935110,4,Will definitely order again.,Delivery,Positive,2024-07-01,2024,July
7459110,8054387790,84953008,4,"It was okay, nothing special.",Product Quality,Neutral,2023-08-05,2023,August
7825181,4795344310,91562028,5,Great prices and fast delivery!,App Experience,Positive,2024-12-04,2024,December
5789204,2205862234,52001314,3,Delivery was late and I was unhappy.,Customer Service,Negative,2023-02-10,2023,February
673936,4686249863,21701991,1,Product was damaged during delivery.,Customer Service,Negative,2024-08-31,2024,August
9237596,1270524770,11478478,4,Highly recommended!,Delivery,Positive,2023-11-10,2023,November
183343,5743550453,93699264,4,Great prices and fast delivery!,Customer Service,Positive,2024-05-19,2024,May
5727820,5309699078,81584486,3,Items were missing from my order.,App Experience,Negative,2023-02-08,2023,February
7383305,7565768030,15830066,1,Customer service was not helpful.,Product Quality,Negative,2024-10-02,2024,October
9333668,3210260715,68939350,3,"Delivery was fine, but the product could be better.",App Experience,Neutral,2023-06-04,2023,June
6576033,6657245289,820740,5,Highly recommended!,Product Quality,Positive,2024-05-20,2024,May
436700,7854526965,48228547,3,The product met my expectations.,Delivery,Neutral,2023-08-18,2023,August
5799744,2770948451,22077605,3,Product was damaged during delivery.,App Experience,Negative,2023-04-27,2023,April
5794937,624070426,41640262,3,Product was damaged during delivery.,App Experience,Negative,2023-07-10,2023,July
8049438,891583492,13651980,4,"Excellent quality, will buy again!",Customer Service,Positive,2024-07-04,2024,July
8269633,5811206654,70391758,4,Very fresh and well-packaged.,Delivery,Positive,2023-05-17,2023,May
7056875,809894905,82374625,4,"Average experience, could improve.",Product Quality,Neutral,2023-12-28,2023,December
7948957,8209000496,63948546,3,Product was damaged during delivery.,Product Quality,Negative,2023-03-28,2023,March
1693544,4901288364,44723662,5,"Overall good experience, thank you!",Customer Service,Positive,2023-07-31,2023,July
9574804,5890338566,81337068,1,Taste was not as expected.,Delivery,Negative,2023-04-29,2023,April
5417385,2745295248,40643232,3,Taste was not as expected.,Delivery,Negative,2024-05-28,2024,May
4002875,5708700204,40387944,4,"Nothing to complain about, but nothing exceptional.",Customer Service,Neutral,2023-05-05,2023,May
3822266,8643851643,57360162,3,"Nothing to complain about, but nothing exceptional.",Delivery,Neutral,2023-04-21,2023,April
8851535,4525287277,74174956,3,Taste was not as expected.,Customer Service,Negative,2023-06-29,2023,June
1756163,6154459753,82179338,4,"Nothing to complain about, but nothing exceptional.",Delivery,Neutral,2024-12-06,2024,December
3101725,2587790388,45586151,4,"Delivery was fine, but the product could be better.",App Experience,Neutral,2024-09-06,2024,September
1439305,2665891587,86636273,3,"Nothing to complain about, but nothing exceptional.",Customer Service,Neutral,2024-03-18,2024,March
9396703,6996561687,3844290,3,Delivery was late and I was unhappy.,App Experience,Negative,2024-06-29,2024,June
918917,961607638,55170753,1,Customer service was not helpful.,Product Quality,Negative,2023-04-08,2023,April
4282954,4385491839,7228206,1,Delivery was late and I was unhappy.,Customer Service,Negative,2024-07-06,2024,July
3902960,1279200190,84468124,3,The product met my expectations.,Product Quality,Neutral,2024-10-07,2024,October
6004406,9668698616,76441843,4,"It was okay, nothing special.",Product Quality,Neutral,2023-01-11,2023,January
8187670,4813038298,27304827,2,Taste was not as expected.,Customer Service,Negative,2024-05-23,2024,May
2202823,2030125421,44477365,4,Will definitely order again.,Customer Service,Positive,2024-03-05,2024,March
3827822,6997235339,87669943,2,I had a bad experience.,Customer Service,Negative,2024-12-01,2024,December
4808332,7438342576,82585664,3,"Nothing to complain about, but nothing exceptional.",Delivery,Neutral,2023-09-05,2023,September
8641510,9958423263,47503133,4,"Delivery was fine, but the product could be better.",App Experience,Neutral,2024-03-15,2024,March
8448887,3416693628,52428250,2,Items were missing from my order.,Customer Service,Negative,2024-03-10,2024,March
7557504,3440579647,89950235,4,Highly recommended!,Customer Service,Positive,2024-05-08,2024,May
559101,5307231496,14330483,4,"Delivery was fine, but the product could be better.",Customer Service,Neutral,2024-04-23,2024,April
903092,4779055734,36587003,3,"Average experience, could improve.",Customer Service,Neutral,2023-06-30,2023,June
9929077,3834705841,54375571,1,Product was damaged during delivery.,App Experience,Negative,2023-09-09,2023,September
1263914,9080324081,48554440,3,The product met my expectations.,Delivery,Neutral,2023-05-27,2023,May
1604057,2500757555,65488134,3,"Nothing to complain about, but nothing exceptional.",Delivery,Neutral,2024-10-27,2024,October
3869991,1292986566,47503133,4,"It was okay, nothing special.",App Experience,Neutral,2023-12-07,2023,December
1404411,6602362287,5961261,1,Taste was not as expected.,Delivery,Negative,2024-01-02,2024,January
3489479,184844043,33331259,4,Great prices and fast delivery!,App Experience,Positive,2023-07-12,2023,July
66513,936587253,93699264,2,The order was incorrect.,Customer Service,Negative,2023-07-18,2023,July
6629661,2834429147,66742602,2,Very disappointed with the quality.,App Experience,Negative,2023-04-10,2023,April
3170349,114306835,13251137,4,"Overall good experience, thank you!",Delivery,Positive,2024-06-02,2024,June
4812643,1675849477,36998375,3,Delivery was late and I was unhappy.,Product Quality,Negative,2024-11-06,2024,November
8618527,5191052705,6579892,4,"It was okay, nothing special.",Product Quality,Neutral,2023-06-19,2023,June
5374112,7068834722,45314389,4,The product met my expectations.,Customer Service,Neutral,2023-11-19,2023,November
1320563,5051330893,74230420,4,"Overall good experience, thank you!",App Experience,Positive,2024-04-07,2024,April
5097672,6065496420,12277039,1,The packaging was poor.,Delivery,Negative,2023-05-16,2023,May
8643088,7574848635,79206969,4,"Nothing to complain about, but nothing exceptional.",Delivery,Neutral,2023-06-28,2023,June
6196664,8793868975,16256136,3,The packaging was poor.,Customer Service,Negative,2024-01-02,2024,January
5518136,5381466176,64106072,5,Good selection of products.,Customer Service,Positive,2023-01-06,2023,January
4748833,7709366480,91024604,1,Taste was not as expected.,Delivery,Negative,2024-08-28,2024,August
4706967,4936667930,18567760,3,The product met my expectations.,Product Quality,Neutral,2023-06-20,2023,June
5307842,6860925755,14272050,5,"Excellent quality, will buy again!",Customer Service,Positive,2023-09-29,2023,September
834707,5486433396,9278983,4,"Nothing to complain about, but nothing exceptional.",App Experience,Neutral,2024-01-20,2024,January
4745815,7089292009,8791577,3,The product met my expectations.,Customer Service,Neutral,2023-05-04,2023,May
1997010,5350760367,25587553,5,Highly recommended!,Customer Service,Positive,2023-08-13,2023,August
4709509,5581769906,41164215,4,"It was okay, nothing special.",Product Quality,Neutral,2024-04-14,2024,April
2184540,6256637306,3096845,4,"Average experience, could improve.",App Experience,Neutral,2023-07-11,2023,July
968472,2999946056,92306841,4,"Excellent quality, will buy again!",Delivery,Positive,2024-06-28,2024,June
5694919,5218488175,57833505,5,Great prices and fast delivery!,Customer Service,Positive,2024-03-01,2024,March
4903911,8297436592,46802633,4,"Overall good experience, thank you!",App Experience,Positive,2024-10-20,2024,October
387152,1806118907,75752515,1,Items were missing from my order.,Product Quality,Negative,2023-12-25,2023,December
4396734,6999224625,49806393,4,The product met my expectations.,Customer Service,Neutral,2023-04-16,2023,April
9824272,1809997641,48281892,1,Product was damaged during delivery.,App Experience,Negative,2023-10-11,2023,October
7239237,7528090614,73639935,3,Product was damaged during delivery.,Product Quality,Negative,2024-06-29,2024,June
8398849,4884904912,36737539,2,The order was incorrect.,Product Quality,Negative,2023-08-24,2023,August
6593156,9811235698,58929595,4,"Delivery was fine, but the product could be better.",App Experience,Neutral,2024-02-03,2024,February
6522927,5616653529,52001314,4,Will definitely order again.,Customer Service,Positive,2023-12-23,2023,December
4722643,7188183056,84953008,3,"It was okay, nothing special.",Delivery,Neutral,2023-06-08,2023,June
108132,7898301143,73660582,4,"It was okay, nothing special.",App Experience,Neutral,2023-10-08,2023,October
4257042,5222677885,31582950,2,Delivery was late and I was unhappy.,App Experience,Negative,2024-07-15,2024,July
4176652,8544952346,61618079,4,"Average experience, could improve.",Delivery,Neutral,2023-11-23,2023,November
3086538,9403371764,3096845,4,Great prices and fast delivery!,Product Quality,Positive,2023-08-06,2023,August
4221835,3956205476,57892837,4,The product met my expectations.,Customer Service,Neutral,2023-12-06,2023,December
6698473,5678362658,58513300,3,The order was incorrect.,App Experience,Negative,2024-07-22,2024,July
3902539,8131610255,90448312,2,Delivery was late and I was unhappy.,Customer Service,Negative,2024-03-22,2024,March
9204348,4722653990,95428692,4,"Nothing to complain about, but nothing exceptional.",Delivery,Neutral,2023-07-19,2023,July
4602515,6613853662,75474920,2,Items were missing from my order.,App Experience,Negative,2024-01-26,2024,January
2431502,8274987671,19523014,3,The order was incorrect.,Delivery,Negative,2024-03-10,2024,March
5502049,5519983123,78678612,1,The packaging was poor.,Product Quality,Negative,2024-11-04,2024,November
914718,2746329488,35156679,5,Very fresh and well-packaged.,Customer Service,Positive,2023-08-26,2023,August
5412857,6443285614,2400009,4,The product met my expectations.,Delivery,Neutral,2023-08-29,2023,August
3384872,6932426427,31384626,5,"Overall good experience, thank you!",Customer Service,Positive,2023-01-08,2023,January
2239723,1796512004,19741509,1,Delivery was late and I was unhappy.,Product Quality,Negative,2023-06-13,2023,June
556949,1464518253,12695670,3,The product met my expectations.,App Experience,Neutral,2023-04-07,2023,April
2094700,3585105627,41168392,4,Customer service was very helpful.,Delivery,Positive,2024-10-10,2024,October
6424645,5387247994,19182548,1,The packaging was poor.,Product Quality,Negative,2024-04-28,2024,April
5821913,7568171531,46504355,1,Customer service was not helpful.,App Experience,Negative,2023-02-12,2023,February
8071032,4111193446,85020453,4,"Delivery was fine, but the product could be better.",Customer Service,Neutral,2024-01-22,2024,January
909118,8683154153,89986926,4,"Nothing to complain about, but nothing exceptional.",Product Quality,Neutral,2024-07-09,2024,July
7865004,5712367183,85763665,4,"Delivery was fine, but the product could be better.",Delivery,Neutral,2024-06-13,2024,June
2717837,3952854723,88739922,2,Customer service was not helpful.,Product Quality,Negative,2023-09-15,2023,September
7148726,4631387671,86704661,3,"Delivery was fine, but the product could be better.",Delivery,Neutral,2024-08-10,2024,August
360914,2145309969,35988028,3,"Delivery was fine, but the product could be better.",Delivery,Neutral,2023-09-17,2023,September
5457525,4314762741,61516967,4,Great prices and fast delivery!,Customer Service,Positive,2023-06-17,2023,June
9561182,7401889152,15733078,3,"Average experience, could improve.",Delivery,Neutral,2024-09-20,2024,September
686047,1932040824,32987624,4,"Delivery was fine, but the product could be better.",Delivery,Neutral,2024-03-15,2024,March
8867293,9836424713,53815931,1,Delivery was late and I was unhappy.,Customer Service,Negative,2023-11-19,2023,November
5881825,9882312203,65134271,2,Not worth the price I paid.,Customer Service,Negative,2024-05-15,2024,May
1590770,3082649585,92409489,3,"It was okay, nothing special.",Delivery,Neutral,2023-09-26,2023,September
5950548,6033878151,61226563,4,"Excellent quality, will buy again!",Product Quality,Positive,2023-11-11,2023,November
2749431,6395547592,43799224,4,"Delivery was fine, but the product could be better.",Delivery,Neutral,2024-10-23,2024,October
8623710,372962997,43799224,4,Customer service was very helpful.,Product Quality,Positive,2024-04-18,2024,April
9219270,2988215377,46802633,3,"It was okay, nothing special.",App Experience,Neutral,2024-08-18,2024,August
4603544,7081583361,39093069,3,Delivery was late and I was unhappy.,Customer Service,Negative,2024-01-08,2024,January
7789018,1860491452,99893898,5,Great prices and fast delivery!,App Experience,Positive,2024-04-18,2024,April
9263417,7499656197,12469338,3,"It was okay, nothing special.",App Experience,Neutral,2024-03-27,2024,March
8966009,4507112412,47577193,3,The product met my expectations.,App Experience,Neutral,2023-09-30,2023,September
6754002,9214595868,98211325,4,"Delivery was fine, but the product could be better.",Delivery,Neutral,2024-02-07,2024,February
9980417,253430904,16543242,5,Good selection of products.,Delivery,Positive,2023-08-07,2023,August
8417158,5574588218,48281892,1,The packaging was poor.,Customer Service,Negative,2024-06-28,2024,June
8340197,2817281674,73869823,3,The product met my expectations.,Delivery,Neutral,2023-09-16,2023,September
1957484,4932779616,90021871,1,Not worth the price I paid.,Delivery,Negative,2024-07-26,2024,July
6273223,7932879650,81088747,1,Items were missing from my order.,Customer Service,Negative,2023-07-05,2023,July
208810,997698125,97492493,3,The packaging was poor.,Product Quality,Negative,2023-11-29,2023,November
8775121,2403547563,59677346,4,The product met my expectations.,Customer Service,Neutral,2024-05-20,2024,May
2887519,8875483494,34787383,5,Will definitely order again.,Product Quality,Positive,2024-12-03,2024,December
7343729,883548284,3408982,5,Will definitely order again.,App Experience,Positive,2024-05-23,2024,May
8174698,2364229435,69339331,5,Items were in perfect condition.,Product Quality,Positive,2024-07-13,2024,July
574977,6845869445,54730270,3,"Delivery was fine, but the product could be better.",Customer Service,Neutral,2024-05-27,2024,May
9376458,397818832,75467328,4,"Average experience, could improve.",Customer Service,Neutral,2023-12-22,2023,December
3873048,304166272,34835738,4,"It was okay, nothing special.",Customer Service,Neutral,2023-10-29,2023,October
8028419,1575626085,78157360,3,"Delivery was fine, but the product could be better.",Customer Service,Neutral,2023-05-19,2023,May
1092177,3945644714,92356639,1,The order was incorrect.,App Experience,Negative,2023-05-16,2023,May
7407121,8370213291,10855630,4,"It was okay, nothing special.",Delivery,Neutral,2023-05-20,2023,May
6852937,2185375786,46313756,4,Customer service was very helpful.,Delivery,Positive,2024-04-25,2024,April
1018594,1828975788,41155125,5,Items were in perfect condition.,Product Quality,Positive,2024-01-30,2024,January
2182984,4319450104,7288562,2,Very disappointed with the quality.,Customer Service,Negative,2024-09-16,2024,September
8858173,5059765199,91562028,5,Highly recommended!,Delivery,Positive,2023-10-19,2023,October
8888295,5360089735,21425168,3,The product met my expectations.,Customer Service,Neutral,2023-04-05,2023,April
104670,8008211695,77397957,3,I had a bad experience.,Product Quality,Negative,2023-07-09,2023,July
350426,4400031082,46682777,3,"Delivery was fine, but the product could be better.",Delivery,Neutral,2023-08-07,2023,August
5963883,9582738204,88312515,4,"Nothing to complain about, but nothing exceptional.",App Experience,Neutral,2023-08-17,2023,August
4345084,1368450162,14974554,4,"It was okay, nothing special.",Delivery,Neutral,2023-11-09,2023,November
7593475,56705032,63060947,4,"It was okay, nothing special.",App Experience,Neutral,2023-11-16,2023,November
1109573,2407168640,78254569,5,Very fresh and well-packaged.,App Experience,Positive,2024-07-25,2024,July
3244974,530588807,25722990,4,The product met my expectations.,Customer Service,Neutral,2024-01-02,2024,January
9005162,9975541696,59890331,4,The product met my expectations.,App Experience,Neutral,2023-12-06,2023,December
2756848,8602707005,77673290,4,The product met my expectations.,Product Quality,Neutral,2024-02-04,2024,February
3283908,2382595056,76377003,4,Good selection of products.,App Experience,Positive,2023-09-12,2023,September
453891,8056162498,11446157,3,"Nothing to complain about, but nothing exceptional.",App Experience,Neutral,2023-08-05,2023,August
3837580,4593039089,50015282,3,"It was okay, nothing special.",Delivery,Neutral,2024-09-14,2024,September
8933652,7311288658,48358028,2,The packaging was poor.,Customer Service,Negative,2024-08-15,2024,August
109426,9157217130,8073518,5,Highly recommended!,App Experience,Positive,2023-06-18,2023,June
2041930,9328094731,77086539,3,Items were missing from my order.,App Experience,Negative,2024-08-21,2024,August
7406288,3259266120,35049420,4,"It was okay, nothing special.",Delivery,Neutral,2024-08-07,2024,August
4305662,4656541041,84572019,4,"Delivery was fine, but the product could be better.",App Experience,Neutral,2024-10-30,2024,October
5021788,730839483,20148223,3,"Average experience, could improve.",Delivery,Neutral,2023-07-24,2023,July
2730099,6185824257,1816969,2,I had a bad experience.,App Experience,Negative,2024-05-08,2024,May
4948436,225195662,76202036,1,Items were missing from my order.,Customer Service,Negative,2024-08-30,2024,August
5268670,6771104541,61618079,1,Delivery was late and I was unhappy.,Delivery,Negative,2023-10-05,2023,October
897773,6146830622,14367270,4,"Excellent quality, will buy again!",Customer Service,Positive,2024-04-10,2024,April
7519652,1380326453,68159723,5,Very happy with the service!,Delivery,Positive,2023-08-29,2023,August
3239816,728523620,46699982,4,"Delivery was fine, but the product could be better.",Customer Service,Neutral,2023-08-31,2023,August
6976367,27296314,64562786,5,Will definitely order again.,Product Quality,Positive,2024-10-17,2024,October
9202872,2608278705,51945420,3,Product was damaged during delivery.,Customer Service,Negative,2023-10-22,2023,October
3693135,6786366774,5716817,2,Items were missing from my order.,App Experience,Negative,2024-03-21,2024,March
6144760,5572475750,40563029,3,Delivery was late and I was unhappy.,Delivery,Negative,2023-04-25,2023,April
4135711,8276417383,39976965,1,I had a bad experience.,App Experience,Negative,2024-06-18,2024,June
7602935,784435014,2684440,3,The product met my expectations.,Delivery,Neutral,2023-11-10,2023,November
7897237,9442274046,93617659,3,"Nothing to complain about, but nothing exceptional.",Customer Service,Neutral,2023-01-09,2023,January
5737400,2470025903,81420960,2,Not worth the price I paid.,App Experience,Negative,2024-06-06,2024,June
9300474,6774241153,29272253,3,"Average experience, could improve.",Customer Service,Neutral,2024-09-23,2024,September
2172966,3874644184,49152878,4,"It was okay, nothing special.",Delivery,Neutral,2024-06-23,2024,June
637550,8078065454,97033691,4,Highly recommended!,Customer Service,Positive,2024-05-19,2024,May
7278640,340113260,83039559,5,Highly recommended!,Product Quality,Positive,2024-02-27,2024,February
815954,2978839318,59436131,3,Items were missing from my order.,Customer Service,Negative,2024-11-01,2024,November
4676563,3896922017,9274874,2,The packaging was poor.,Delivery,Negative,2024-08-25,2024,August
1706682,7621954956,32797235,3,Taste was not as expected.,Delivery,Negative,2023-07-07,2023,July
3079122,581178324,12277039,3,"Average experience, could improve.",Product Quality,Neutral,2024-02-17,2024,February
634000,8469170680,5901440,3,The product met my expectations.,App Experience,Neutral,2023-03-16,2023,March
9494956,6779626333,55404382,3,"Nothing to complain about, but nothing exceptional.",Customer Service,Neutral,2024-11-05,2024,November
9225519,6335704206,38327793,4,Good selection of products.,Product Quality,Positive,2024-05-22,2024,May
1943449,8314342490,21677923,2,Not worth the price I paid.,Delivery,Negative,2023-05-04,2023,May
7926043,1948795658,49833888,5,Great prices and fast delivery!,Product Quality,Positive,2023-10-23,2023,October
7097475,9187864807,44776601,1,Taste was not as expected.,Customer Service,Negative,2024-06-22,2024,June
2002931,8399666962,21573815,4,Highly recommended!,Delivery,Positive,2023-08-04,2023,August
9722025,6196321055,30788486,3,"Nothing to complain about, but nothing exceptional.",Delivery,Neutral,2024-05-17,2024,May
3771226,8128518434,94486311,4,"Delivery was fine, but the product could be better.",App Experience,Neutral,2023-12-08,2023,December
4392807,9854897999,72415263,2,Very disappointed with the quality.,Product Quality,Negative,2023-04-10,2023,April
4455314,2603584546,41811800,2,Delivery was late and I was unhappy.,App Experience,Negative,2024-05-21,2024,May
3972758,1295119665,99695529,3,"Nothing to complain about, but nothing exceptional.",Product Quality,Neutral,2024-03-19,2024,March
3247284,599975885,45708879,4,"It was okay, nothing special.",Customer Service,Neutral,2023-07-06,2023,July
625997,5834861324,84826389,2,The packaging was poor.,App Experience,Negative,2023-04-07,2023,April
2266787,2032005162,18791381,3,The product met my expectations.,App Experience,Neutral,2024-10-21,2024,October
6810254,8391900458,43518622,4,Very happy with the service!,Customer Service,Positive,2023-05-17,2023,May
5052091,1887687323,85518832,1,Customer service was not helpful.,App Experience,Negative,2024-08-02,2024,August
895480,2120411967,6867315,5,Will definitely order again.,Customer Service,Positive,2023-12-21,2023,December
450524,3158340906,48002829,4,"It was okay, nothing special.",Customer Service,Neutral,2024-07-19,2024,July
6250156,2387343456,17749347,2,Very disappointed with the quality.,Product Quality,Negative,2024-10-19,2024,October
2859721,338609144,12574626,4,"Nothing to complain about, but nothing exceptional.",Customer Service,Neutral,2024-10-26,2024,October
1363305,9056190831,3100301,3,Taste was not as expected.,Delivery,Negative,2023-07-17,2023,July
5918374,2803081135,42262168,4,"Delivery was fine, but the product could be better.",Customer Service,Neutral,2023-10-06,2023,October
4695513,5970759669,26285589,5,Highly recommended!,Product Quality,Positive,2024-03-19,2024,March
7244170,3226693729,62629494,3,The product met my expectations.,Delivery,Neutral,2023-06-08,2023,June
1730581,8132845656,4597433,3,"It was okay, nothing special.",App Experience,Neutral,2024-10-07,2024,October
8031073,7850550725,16424635,4,"Nothing to complain about, but nothing exceptional.",Delivery,Neutral,2023-12-31,2023,December
3433608,2934547619,77161976,4,"Overall good experience, thank you!",Delivery,Positive,2024-01-06,2024,January
791612,608179182,87220860,2,Taste was not as expected.,Delivery,Negative,2024-01-08,2024,January
7124895,5191326847,48158494,4,"It was okay, nothing special.",App Experience,Neutral,2023-05-13,2023,May
1141684,7614561036,91853589,5,Very happy with the service!,Customer Service,Positive,2023-10-09,2023,October
7012898,2947791133,19741509,1,Taste was not as expected.,Product Quality,Negative,2023-11-28,2023,November
9132205,6538760883,119099,3,The order was incorrect.,App Experience,Negative,2024-04-19,2024,April
2555174,8872250952,43243913,2,Product was damaged during delivery.,Product Quality,Negative,2023-04-10,2023,April
8026028,8173258734,20835909,4,Highly recommended!,App Experience,Positive,2023-03-11,2023,March
23845,5465833352,11047835,4,Will definitely order again.,Product Quality,Positive,2023-03-28,2023,March
371999,2106569369,27513158,4,"It was okay, nothing special.",Customer Service,Neutral,2024-02-01,2024,February
9741709,9039440500,64298209,3,I had a bad experience.,Product Quality,Negative,2024-12-07,2024,December
5319922,8281482042,72889295,3,"Average experience, could improve.",Delivery,Neutral,2023-06-28,2023,June
5394786,479528548,21786873,3,"Nothing to complain about, but nothing exceptional.",Product Quality,Neutral,2023-07-17,2023,July
6620149,8087519921,90246977,1,I had a bad experience.,Customer Service,Negative,2023-10-19,2023,October
3373864,4869691623,9401406,5,Highly recommended!,App Experience,Positive,2023-05-05,2023,May
3024438,7155177625,2566268,4,The product met my expectations.,Customer Service,Neutral,2024-08-26,2024,August
1271118,7254499390,93563435,3,The product met my expectations.,Delivery,Neutral,2023-11-29,2023,November
1135047,7394439260,22358567,4,Will definitely order again.,Delivery,Positive,2024-10-21,2024,October
8277797,6581715589,8375298,2,Items were missing from my order.,Product Quality,Negative,2023-09-05,2023,September
2145704,9457009010,80858127,3,The product met my expectations.,Delivery,Neutral,2024-06-02,2024,June
2402033,2859660695,33685414,4,Customer service was very helpful.,Customer Service,Positive,2023-02-08,2023,February
5076013,6392348668,1697604,2,Product was damaged during delivery.,Product Quality,Negative,2024-01-29,2024,January
1523690,6933011590,21658322,2,Delivery was late and I was unhappy.,Customer Service,Negative,2023-01-08,2023,January
4136028,5809441378,51872499,5,Customer service was very helpful.,Product Quality,Positive,2024-07-29,2024,July
2216091,411113020,84953008,3,Product was damaged during delivery.,Delivery,Negative,2024-06-29,2024,June
3033397,5512796364,12507907,4,"It was okay, nothing special.",Customer Service,Neutral,2023-06-21,2023,June
674619,2610813239,62917794,1,Very disappointed with the quality.,Delivery,Negative,2023-11-26,2023,November
9547102,3236748462,58111297,2,Very disappointed with the quality.,Delivery,Negative,2024-06-26,2024,June
5441493,6652395897,60904312,3,Not worth the price I paid.,App Experience,Negative,2024-11-07,2024,November
746175,5517901926,40593638,3,I had a bad experience.,Product Quality,Negative,2023-06-25,2023,June
2927545,2174753933,38780509,5,"Excellent quality, will buy again!",Customer Service,Positive,2024-12-10,2024,December
5111893,1525700767,61320989,3,"Nothing to complain about, but nothing exceptional.",Customer Service,Neutral,2023-05-29,2023,May
4743169,7232692149,899941,4,Very happy with the service!,Customer Service,Positive,2023-01-12,2023,January
7382684,8556607504,68703613,4,"Nothing to complain about, but nothing exceptional.",Delivery,Neutral,2024-02-20,2024,February
8382415,5841260317,65426878,1,Items were missing from my order.,App Experience,Negative,2023-04-28,2023,April
8867706,9471427840,18935489,2,Taste was not as expected.,Customer Service,Negative,2023-08-07,2023,August
7710907,2070610257,4386273,1,The order was incorrect.,App Experience,Negative,2023-07-20,2023,July
5279688,1884811437,24988999,4,Highly recommended!,Product Quality,Positive,2023-03-21,2023,March
6850635,5331747573,3588443,4,"It was okay, nothing special.",Delivery,Neutral,2024-09-30,2024,September
4244904,9977285985,22321208,4,"Delivery was fine, but the product could be better.",App Experience,Neutral,2023-11-08,2023,November
8131467,1715175070,33706378,3,Taste was not as expected.,App Experience,Negative,2023-09-27,2023,September
647247,4117790162,52770036,5,Good selection of products.,Customer Service,Positive,2023-11-05,2023,November
698609,9051644316,30447453,2,Product was damaged during delivery.,App Experience,Negative,2024-07-23,2024,July
9028323,4903335316,47822591,3,The packaging was poor.,Delivery,Negative,2023-04-30,2023,April
1564798,3341481363,43066953,3,The product met my expectations.,App Experience,Neutral,2023-11-22,2023,November
6890637,4074537770,2400009,4,Will definitely order again.,Delivery,Positive,2024-04-30,2024,April
4656663,5374589112,52409516,4,Very fresh and well-packaged.,Delivery,Positive,2023-10-26,2023,October
8511420,6401406847,58152923,4,"Overall good experience, thank you!",Customer Service,Positive,2023-04-11,2023,April
5791538,698439139,75038062,4,The product met my expectations.,Customer Service,Neutral,2024-07-09,2024,July
6336442,881367843,25221501,1,The packaging was poor.,Delivery,Negative,2024-10-14,2024,October
5583929,6438115781,43431724,5,Customer service was very helpful.,App Experience,Positive,2023-10-29,2023,October
2690132,1706198744,19425804,3,Customer service was not helpful.,Delivery,Negative,2024-03-06,2024,March
9907249,3115167739,83304571,4,Highly recommended!,Delivery,Positive,2024-07-25,2024,July
7852867,8608111158,75244116,5,"Excellent quality, will buy again!",App Experience,Positive,2023-04-14,2023,April
3049354,8167540645,69925688,5,Items were in perfect condition.,Product Quality,Positive,2023-07-23,2023,July
9657551,898210033,28111842,4,"Excellent quality, will buy again!",App Experience,Positive,2024-06-13,2024,June
5829925,5415454466,79369660,4,"Nothing to complain about, but nothing exceptional.",Product Quality,Neutral,2024-09-07,2024,September
9896176,9240312177,80862136,5,Will definitely order again.,Customer Service,Positive,2023-06-04,2023,June
2465595,4880265969,20163931,3,The product met my expectations.,App Experience,Neutral,2023-05-22,2023,May
4296180,5056583192,27336589,4,Good selection of products.,App Experience,Positive,2023-11-30,2023,November
2793466,1921412688,12338529,2,Product was damaged during delivery.,Product Quality,Negative,2023-04-10,2023,April
1596420,5829741995,40434527,4,The product met my expectations.,App Experience,Neutral,2023-12-25,2023,December
3832333,9830742370,49806393,4,Highly recommended!,Customer Service,Positive,2024-09-02,2024,September
412253,509041342,91243571,5,Very happy with the service!,Delivery,Positive,2024-05-01,2024,May
7026811,8420144998,72164737,3,Very disappointed with the quality.,App Experience,Negative,2023-11-25,2023,November
6399080,7353766541,48418662,3,Delivery was late and I was unhappy.,Delivery,Negative,2023-06-28,2023,June
2899851,8617979440,13604883,5,Good selection of products.,App Experience,Positive,2023-10-09,2023,October
7669771,680476823,75739462,4,"Average experience, could improve.",Customer Service,Neutral,2024-09-23,2024,September
2924899,5424536852,18035010,2,Not worth the price I paid.,Customer Service,Negative,2024-08-18,2024,August
2889415,1142004448,73735548,4,Very happy with the service!,Product Quality,Positive,2024-05-06,2024,May
4576752,1814491335,27336589,5,Very happy with the service!,App Experience,Positive,2024-02-24,2024,February
4836420,445929405,36885115,2,The packaging was poor.,App Experience,Negative,2023-07-18,2023,July
858492,3849003596,60300263,1,Items were missing from my order.,Customer Service,Negative,2023-07-10,2023,July
4443076,6367757670,33617546,3,"Delivery was fine, but the product could be better.",Customer Service,Neutral,2024-08-09,2024,August
8168201,4925321106,77214094,4,"Average experience, could improve.",Customer Service,Neutral,2024-04-02,2024,April
8582080,4463294381,44409533,1,The order was incorrect.,Delivery,Negative,2023-12-31,2023,December
8896295,9077946933,81808190,1,Very disappointed with the quality.,Customer Service,Negative,2024-04-19,2024,April
1886083,6688079478,57392064,1,The packaging was poor.,Product Quality,Negative,2024-04-18,2024,April
8183639,8712304346,40085705,2,Delivery was late and I was unhappy.,Delivery,Negative,2023-10-06,2023,October
860245,3748957111,98088303,3,The product met my expectations.,App Experience,Neutral,2023-04-30,2023,April
7999231,2388792163,81160474,4,Highly recommended!,App Experience,Positive,2024-02-20,2024,February
507648,2583035857,77220027,3,The product met my expectations.,Product Quality,Neutral,2023-11-15,2023,November
1028818,2649487718,81346291,4,"Average experience, could improve.",Delivery,Neutral,2024-01-03,2024,January
7960432,5936628691,47387512,5,Good selection of products.,App Experience,Positive,2023-01-10,2023,January
4110927,7662682121,1562083,3,Delivery was late and I was unhappy.,Delivery,Negative,2024-12-09,2024,December
3189045,736115661,55971849,4,"Average experience, could improve.",Customer Service,Neutral,2023-05-22,2023,May
3764651,2448741950,60757351,2,Not worth the price I paid.,Customer Service,Negative,2023-11-26,2023,November
6604472,9321629905,79206969,4,"Delivery was fine, but the product could be better.",App Experience,Neutral,2024-08-02,2024,August
8767925,9020583379,9573071,3,"Average experience, could improve.",Delivery,Neutral,2023-06-20,2023,June
5855627,2642275862,97419742,1,Taste was not as expected.,Delivery,Negative,2023-12-18,2023,December
6436332,6932431317,79206969,3,Taste was not as expected.,Customer Service,Negative,2024-07-16,2024,July
6089827,9126871366,67696145,4,Very fresh and well-packaged.,Customer Service,Positive,2023-05-18,2023,May
8408353,3244572785,60732869,3,Delivery was late and I was unhappy.,Product Quality,Negative,2024-01-16,2024,January
4696562,6485432691,18082040,5,Items were in perfect condition.,Delivery,Positive,2023-05-13,2023,May
6520964,6047222755,78394303,3,Items were missing from my order.,Delivery,Negative,2023-09-23,2023,September
7685293,6167501412,20940403,4,The product met my expectations.,Product Quality,Neutral,2024-01-25,2024,January
3640042,2052163872,20634789,4,"Overall good experience, thank you!",Product Quality,Positive,2023-06-21,2023,June
4126282,7740339645,70170606,3,The order was incorrect.,Customer Service,Negative,2023-04-12,2023,April
5975783,2761855959,81541985,4,"Overall good experience, thank you!",App Experience,Positive,2023-10-24,2023,October
6199252,8010347195,18935489,2,Not worth the price I paid.,Product Quality,Negative,2023-12-14,2023,December
710971,2384153985,30285217,4,"Overall good experience, thank you!",Product Quality,Positive,2023-09-10,2023,September
9149526,3584794157,96253172,3,The order was incorrect.,Product Quality,Negative,2024-04-04,2024,April
3192374,8186709947,27604184,2,The order was incorrect.,Product Quality,Negative,2023-11-18,2023,November
2613208,6027355216,17929886,5,Good selection of products.,Product Quality,Positive,2023-06-27,2023,June
9128554,9823160533,51119088,3,I had a bad experience.,Delivery,Negative,2024-05-06,2024,May
6668669,8694663463,12851610,1,The packaging was poor.,Delivery,Negative,2024-01-16,2024,January
4896479,1296772969,68703613,2,The order was incorrect.,Delivery,Negative,2024-02-06,2024,February
4730082,5856838171,55971849,3,Taste was not as expected.,Product Quality,Negative,2023-12-20,2023,December
8079269,915473142,53636086,5,Good selection of products.,App Experience,Positive,2024-05-30,2024,May
358105,6992097680,9450435,5,Very fresh and well-packaged.,Product Quality,Positive,2023-11-13,2023,November
1196273,6870670122,70529459,4,Very happy with the service!,Delivery,Positive,2023-11-24,2023,November
8899737,6626994121,44223796,5,Very happy with the service!,Customer Service,Positive,2024-07-16,2024,July
8670669,6125813500,44562310,5,Good selection of products.,Delivery,Positive,2023-07-23,2023,July
9963297,6899859775,33706378,4,"Delivery was fine, but the product could be better.",Product Quality,Neutral,2024-04-30,2024,April
3742061,1825560091,41494867,3,"Delivery was fine, but the product could be better.",Product Quality,Neutral,2024-01-31,2024,January
11042,1320638425,36833857,4,Good selection of products.,Customer Service,Positive,2023-04-26,2023,April
6589068,5320995509,81932548,4,Great prices and fast delivery!,Customer Service,Positive,2023-12-06,2023,December
8249278,4249535395,50953418,5,Will definitely order again.,Product Quality,Positive,2023-03-25,2023,March
5290636,804881381,44269569,4,"Average experience, could improve.",Customer Service,Neutral,2024-05-26,2024,May
6345471,4858560187,55028958,5,Will definitely order again.,Product Quality,Positive,2023-10-21,2023,October
2762703,6425666148,24144240,1,Items were missing from my order.,App Experience,Negative,2023-07-08,2023,July
3340753,9021754099,23844919,4,"Delivery was fine, but the product could be better.",Product Quality,Neutral,2024-01-08,2024,January
9799538,7728205680,46023497,3,"Nothing to complain about, but nothing exceptional.",Product Quality,Neutral,2024-06-15,2024,June
58321,9346166799,62416456,4,"Average experience, could improve.",Customer Service,Neutral,2024-10-23,2024,October
1120481,3377313085,89036169,4,"It was okay, nothing special.",Delivery,Neutral,2023-09-23,2023,September
1918092,8167716321,73392739,4,"Delivery was fine, but the product could be better.",App Experience,Neutral,2024-02-05,2024,February
3743667,2024637181,29451600,3,"Average experience, could improve.",App Experience,Neutral,2023-04-06,2023,April
3196456,9310630290,64162093,3,The order was incorrect.,Customer Service,Negative,2023-04-10,2023,April
5022964,2276505075,12769552,5,Great prices and fast delivery!,App Experience,Positive,2024-05-07,2024,May
6996949,6615188116,49529811,2,Customer service was not helpful.,Delivery,Negative,2023-08-30,2023,August
6013442,6858336318,92027021,5,"Overall good experience, thank you!",App Experience,Positive,2024-06-29,2024,June
384801,7601638642,32426778,1,Very disappointed with the quality.,Delivery,Negative,2024-10-09,2024,October
5822987,1191565627,51661209,3,"Average experience, could improve.",App Experience,Neutral,2023-04-11,2023,April
1198206,4785021992,91144803,1,Very disappointed with the quality.,Product Quality,Negative,2023-12-20,2023,December
8326245,3452964753,49449238,4,Customer service was very helpful.,Delivery,Positive,2024-06-15,2024,June
4842526,3490919801,85198177,5,Good selection of products.,Customer Service,Positive,2023-10-18,2023,October
6468061,105578518,38615653,5,Items were in perfect condition.,App Experience,Positive,2024-03-03,2024,March
9098265,2978719561,11478478,2,Customer service was not helpful.,App Experience,Negative,2023-09-11,2023,September
1432881,9979010790,13465850,4,Very fresh and well-packaged.,Delivery,Positive,2024-02-13,2024,February
6341437,4435636116,93018527,3,"Average experience, could improve.",Delivery,Neutral,2023-07-04,2023,July
1851131,5909879259,82594354,5,Very fresh and well-packaged.,App Experience,Positive,2024-06-08,2024,June
9248022,2686390867,45071436,3,"Nothing to complain about, but nothing exceptional.",App Experience,Neutral,2024-04-02,2024,April
6447311,6698537000,52770036,5,Will definitely order again.,Customer Service,Positive,2024-01-16,2024,January
3053670,4395604675,53076417,4,"Nothing to complain about, but nothing exceptional.",Product Quality,Neutral,2023-11-11,2023,November
686396,3475041787,34425723,4,The product met my expectations.,Delivery,Neutral,2024-07-27,2024,July
8289765,5817989751,72366758,5,Very fresh and well-packaged.,App Experience,Positive,2023-11-22,2023,November
4928993,1433129858,43256928,5,Very fresh and well-packaged.,App Experience,Positive,2024-05-27,2024,May
7249563,3571922553,69364309,3,"Delivery was fine, but the product could be better.",Product Quality,Neutral,2024-04-01,2024,April
468598,7940229189,50632192,5,Customer service was very helpful.,Product Quality,Positive,2024-03-20,2024,March
671484,3801240688,18256339,4,"Nothing to complain about, but nothing exceptional.",Delivery,Neutral,2024-08-26,2024,August
919987,1295268290,70168151,4,"It was okay, nothing special.",App Experience,Neutral,2024-02-16,2024,February
9662863,4552636670,74313592,5,Highly recommended!,Customer Service,Positive,2024-12-08,2024,December
9591254,6805071689,87266309,4,Very happy with the service!,Delivery,Positive,2024-03-30,2024,March
4969464,8026827967,49371494,2,I had a bad experience.,App Experience,Negative,2023-06-17,2023,June
5035286,6417774057,22800586,2,Very disappointed with the quality.,Customer Service,Negative,2024-06-03,2024,June
1136408,7877665931,35434373,3,"Delivery was fine, but the product could be better.",Customer Service,Neutral,2023-12-24,2023,December
5704185,7754237266,75836905,3,Customer service was not helpful.,App Experience,Negative,2023-09-05,2023,September
3287642,7985418058,35302195,4,"Average experience, could improve.",App Experience,Neutral,2024-10-09,2024,October
2075126,5287733777,84066402,5,"Overall good experience, thank you!",Product Quality,Positive,2024-10-24,2024,October
5993416,7112725384,21658322,2,Not worth the price I paid.,Delivery,Negative,2024-10-02,2024,October
4205038,6261926473,50760752,1,Customer service was not helpful.,Delivery,Negative,2024-06-16,2024,June
1877637,1495465938,5607734,4,"Average experience, could improve.",Customer Service,Neutral,2023-10-15,2023,October
3382712,7891205593,10562528,3,I had a bad experience.,Customer Service,Negative,2024-07-14,2024,July
9135740,924888012,79298972,5,Highly recommended!,Delivery,Positive,2024-10-03,2024,October
1966186,943278538,22227829,3,"Delivery was fine, but the product could be better.",Product Quality,Neutral,2024-06-04,2024,June
8288367,9981950902,39153585,3,The product met my expectations.,Product Quality,Neutral,2024-07-28,2024,July
4373463,7769253886,8351747,3,"Nothing to complain about, but nothing exceptional.",Product Quality,Neutral,2023-09-25,2023,September
6962924,9350977708,41874489,3,The product met my expectations.,Product Quality,Neutral,2023-08-18,2023,August
6072184,4525211942,30317733,3,The order was incorrect.,Product Quality,Negative,2024-06-24,2024,June
2380071,7232049635,79916464,4,Very happy with the service!,App Experience,Positive,2023-03-25,2023,March
6860903,679546532,72942753,5,Good selection of products.,Delivery,Positive,2024-05-28,2024,May
4829327,4665187954,97739583,4,"It was okay, nothing special.",Product Quality,Neutral,2024-03-04,2024,March
7057507,3914760118,61877649,2,I had a bad experience.,Customer Service,Negative,2023-03-21,2023,March
1117954,155568486,36517334,5,Highly recommended!,Product Quality,Positive,2023-12-26,2023,December
1771525,3773972929,26752630,3,"Average experience, could improve.",App Experience,Neutral,2023-10-19,2023,October
5577431,2168808412,91382237,2,Delivery was late and I was unhappy.,Delivery,Negative,2023-05-23,2023,May
782871,7697315553,49769532,4,"Overall good experience, thank you!",App Experience,Positive,2023-10-12,2023,October
1592140,804414742,42781544,3,The order was incorrect.,Product Quality,Negative,2024-07-15,2024,July
4465193,918328199,60656482,2,Customer service was not helpful.,Product Quality,Negative,2023-12-18,2023,December
6275187,3084493525,32527479,2,Taste was not as expected.,Customer Service,Negative,2023-11-04,2023,November
3862988,8047256000,17805991,3,"Nothing to complain about, but nothing exceptional.",Delivery,Neutral,2024-08-08,2024,August
7216638,5176597414,80875034,3,"Nothing to complain about, but nothing exceptional.",App Experience,Neutral,2024-01-25,2024,January
9464738,110303417,57566548,4,Good selection of products.,Customer Service,Positive,2024-05-24,2024,May
498361,1809212176,50105174,5,Very happy with the service!,Customer Service,Positive,2023-08-04,2023,August
9304056,1765001264,1697604,3,"It was okay, nothing special.",App Experience,Neutral,2023-06-07,2023,June
2088897,4220306391,44139071,4,"Nothing to complain about, but nothing exceptional.",Customer Service,Neutral,2024-08-01,2024,August
7955568,1275637731,20148223,1,Product was damaged during delivery.,Customer Service,Negative,2023-12-21,2023,December
7538534,7729557529,59252433,3,"Average experience, could improve.",App Experience,Neutral,2024-09-24,2024,September
8432511,9279017414,60495351,3,"It was okay, nothing special.",Customer Service,Neutral,2023-05-29,2023,May
5787492,8726185624,57505804,3,Very disappointed with the quality.,Customer Service,Negative,2024-09-25,2024,September
4120305,3192177869,59252433,3,Very disappointed with the quality.,Customer Service,Negative,2024-10-08,2024,October
6064603,5033541164,32987624,4,Customer service was very helpful.,Customer Service,Positive,2024-05-26,2024,May
5784630,4495977117,61753272,3,"It was okay, nothing special.",App Experience,Neutral,2023-02-05,2023,February
1583974,8866977450,97509888,1,Not worth the price I paid.,Customer Service,Negative,2024-03-09,2024,March
742860,7542030170,49371494,3,"Nothing to complain about, but nothing exceptional.",Product Quality,Neutral,2023-12-21,2023,December
3982677,8782031586,23982977,4,"Overall good experience, thank you!",Delivery,Positive,2024-06-19,2024,June
2383391,7177553918,10048910,4,"Average experience, could improve.",Delivery,Neutral,2023-03-31,2023,March
9858471,9157563215,89142848,5,Very fresh and well-packaged.,Delivery,Positive,2023-05-31,2023,May
4850145,989452284,79773912,5,"Excellent quality, will buy again!",Product Quality,Positive,2024-07-07,2024,July
3895127,9972678893,45033270,1,Very disappointed with the quality.,Product Quality,Negative,2024-08-13,2024,August
4112206,8561203503,6390687,4,Will definitely order again.,Customer Service,Positive,2024-04-14,2024,April
8026322,1388300707,84824280,3,"It was okay, nothing special.",Customer Service,Neutral,2024-08-04,2024,August
4588207,4054816025,29584848,4,The product met my expectations.,Customer Service,Neutral,2024-07-19,2024,July
9858044,9943206333,12851610,3,Customer service was not helpful.,Product Quality,Negative,2023-03-22,2023,March
1460075,3948498236,35402531,2,Not worth the price I paid.,Delivery,Negative,2024-08-30,2024,August
235951,8096169523,66768157,4,Great prices and fast delivery!,Customer Service,Positive,2024-09-15,2024,September
1253291,8803091944,11228463,4,The product met my expectations.,App Experience,Neutral,2024-05-18,2024,May
4831082,7409519974,60834500,4,"Nothing to complain about, but nothing exceptional.",Delivery,Neutral,2024-01-16,2024,January
5467509,456278500,62526567,4,"Average experience, could improve.",Customer Service,Neutral,2024-06-05,2024,June
5021758,9912965340,95309983,1,Delivery was late and I was unhappy.,Delivery,Negative,2023-08-20,2023,August
5343582,2802653261,9987182,2,The packaging was poor.,Customer Service,Negative,2024-07-10,2024,July
5473630,8629948751,97678578,5,Good selection of products.,Product Quality,Positive,2023-08-31,2023,August
6548445,9169008097,98625898,2,The order was incorrect.,Customer Service,Negative,2024-05-18,2024,May
606700,3186513319,3730316,4,"Overall good experience, thank you!",Product Quality,Positive,2023-04-14,2023,April
9618583,8837578937,28663279,5,Very fresh and well-packaged.,Product Quality,Positive,2023-08-14,2023,August
8571159,1468095888,37691544,3,Very disappointed with the quality.,Customer Service,Negative,2023-06-17,2023,June
8533849,3055120492,408590,2,Taste was not as expected.,App Experience,Negative,2023-12-19,2023,December
2166040,6083457185,80571942,4,"It was okay, nothing special.",Product Quality,Neutral,2024-08-19,2024,August
1521011,7154956248,22112867,4,Items were in perfect condition.,Product Quality,Positive,2023-07-17,2023,July
1318470,246971181,376144,3,"Delivery was fine, but the product could be better.",Product Quality,Neutral,2023-07-30,2023,July
606894,2452915406,96806748,4,Will definitely order again.,Customer Service,Positive,2024-07-17,2024,July
1464064,9458183390,88203688,3,Taste was not as expected.,Delivery,Negative,2023-03-17,2023,March
6894950,576571858,26285589,3,The order was incorrect.,App Experience,Negative,2024-09-23,2024,September
7251244,9544803182,31410886,1,I had a bad experience.,Product Quality,Negative,2024-03-27,2024,March
4553406,2121652047,65815155,4,"Average experience, could improve.",App Experience,Neutral,2024-03-02,2024,March
7288666,8891725854,13871547,3,Taste was not as expected.,Delivery,Negative,2023-05-16,2023,May
6262317,4870772869,78903046,5,Highly recommended!,App Experience,Positive,2024-03-31,2024,March
171872,262562615,12059049,3,Taste was not as expected.,Delivery,Negative,2023-09-04,2023,September
2961130,5142912812,57642258,5,"Overall good experience, thank you!",Product Quality,Positive,2023-11-16,2023,November
9993994,1225289500,70529459,1,The packaging was poor.,App Experience,Negative,2024-03-31,2024,March
2598961,7337555525,44223796,1,The order was incorrect.,Customer Service,Negative,2024-09-03,2024,September
2170553,5719806088,42012717,4,"Average experience, could improve.",Product Quality,Neutral,2024-08-01,2024,August
8191858,6890191424,57360162,5,Very fresh and well-packaged.,Customer Service,Positive,2024-06-13,2024,June
6101593,5695198653,29562254,5,Customer service was very helpful.,Delivery,Positive,2024-09-20,2024,September
28247,482670263,9641623,4,The product met my expectations.,App Experience,Neutral,2024-05-06,2024,May
9142491,7857904467,97286925,5,Customer service was very helpful.,App Experience,Positive,2023-04-25,2023,April
5794687,614435661,73586244,4,The product met my expectations.,Customer Service,Neutral,2023-01-08,2023,January
6289991,2284551326,68063317,3,The order was incorrect.,App Experience,Negative,2023-07-10,2023,July
212562,8614991290,57566548,3,"Delivery was fine, but the product could be better.",Customer Service,Neutral,2024-10-17,2024,October
9149517,9865566300,61753272,2,Delivery was late and I was unhappy.,App Experience,Negative,2023-11-28,2023,November
6193752,6672582413,82359623,4,"Excellent quality, will buy again!",App Experience,Positive,2024-06-13,2024,June
8267140,3004834987,91590001,5,"Overall good experience, thank you!",App Experience,Positive,2023-12-10,2023,December
7421626,4486349175,45481936,4,"Delivery was fine, but the product could be better.",Customer Service,Neutral,2024-04-20,2024,April
6489246,3098655541,69908484,5,Will definitely order again.,Delivery,Positive,2023-06-05,2023,June
7949582,1912293606,49433260,5,"Excellent quality, will buy again!",Customer Service,Positive,2024-07-17,2024,July
699175,7465280557,26863280,2,Not worth the price I paid.,App Experience,Negative,2024-03-13,2024,March
817730,343050015,72263318,3,Customer service was not helpful.,Delivery,Negative,2023-04-21,2023,April
287615,6414606364,70867736,4,Good selection of products.,Product Quality,Positive,2024-01-26,2024,January
6637386,4092550629,50572914,2,Product was damaged during delivery.,App Experience,Negative,2023-09-04,2023,September
3159654,9810964144,51476157,5,Very happy with the service!,Product Quality,Positive,2024-08-02,2024,August
5029136,6513851276,99160348,4,"Delivery was fine, but the product could be better.",Product Quality,Neutral,2023-08-24,2023,August
3126568,6080784069,39418109,4,The product met my expectations.,Customer Service,Neutral,2023-07-19,2023,July
5863550,1967283733,15796277,5,"Overall good experience, thank you!",Product Quality,Positive,2023-01-08,2023,January
8021559,2683672396,89617089,5,Items were in perfect condition.,Customer Service,Positive,2023-08-27,2023,August
4293678,1464736195,15830066,4,"Average experience, could improve.",Customer Service,Neutral,2024-08-23,2024,August
8853115,3258963661,20343501,4,Customer service was very helpful.,Customer Service,Positive,2024-05-17,2024,May
4987316,9956872454,41874489,5,Will definitely order again.,Product Quality,Positive,2023-11-20,2023,November
9690777,867630114,30373140,4,"Average experience, could improve.",Delivery,Neutral,2023-06-26,2023,June
3437997,3333752740,84862161,3,I had a bad experience.,Delivery,Negative,2023-10-07,2023,October
5203566,4835197446,72889295,4,Very happy with the service!,App Experience,Positive,2024-02-01,2024,February
4636724,1888517793,42514124,4,"It was okay, nothing special.",Customer Service,Neutral,2023-02-10,2023,February
8384019,5148599328,28350645,2,I had a bad experience.,Customer Service,Negative,2024-07-05,2024,July
8771499,3405089431,96629034,3,I had a bad experience.,Customer Service,Negative,2024-02-23,2024,February
5459366,9286199495,5751638,4,Highly recommended!,App Experience,Positive,2023-10-09,2023,October
5256521,6418255337,63948546,4,Good selection of products.,Delivery,Positive,2024-02-13,2024,February
8412570,7442478777,28289030,2,The order was incorrect.,App Experience,Negative,2023-10-17,2023,October
7466754,5170777528,31537100,1,I had a bad experience.,Delivery,Negative,2023-01-05,2023,January
6044805,1255941187,38420886,4,"Nothing to complain about, but nothing exceptional.",Product Quality,Neutral,2024-10-02,2024,October
8112211,4704980993,119099,4,Good selection of products.,App Experience,Positive,2024-05-24,2024,May
1452573,7310604669,93617659,4,"It was okay, nothing special.",Product Quality,Neutral,2023-09-07,2023,September
1977420,7970608721,60385293,4,Customer service was very helpful.,Customer Service,Positive,2024-01-31,2024,January
2253963,3164727163,20956158,1,Very disappointed with the quality.,Delivery,Negative,2023-09-05,2023,September
5486566,2388064449,34237583,2,Not worth the price I paid.,Customer Service,Negative,2024-05-26,2024,May
6062833,757816226,22571994,2,Product was damaged during delivery.,Customer Service,Negative,2023-03-16,2023,March
3745303,259772553,2566268,3,"Average experience, could improve.",Product Quality,Neutral,2023-09-27,2023,September
5532216,8388644219,4444673,4,Very fresh and well-packaged.,Delivery,Positive,2024-04-21,2024,April
5493687,1545044936,77921718,1,The order was incorrect.,Customer Service,Negative,2023-08-24,2023,August
7792138,6995571310,81200164,4,"Nothing to complain about, but nothing exceptional.",Product Quality,Neutral,2024-03-24,2024,March
5748221,8801161214,9107360,4,"Average experience, could improve.",Product Quality,Neutral,2024-11-04,2024,November
2455630,1751319400,98307019,3,"Nothing to complain about, but nothing exceptional.",Delivery,Neutral,2024-06-25,2024,June
8452137,10448052,90021871,4,Will definitely order again.,App Experience,Positive,2023-05-08,2023,May
5598398,3047076079,65895091,5,Highly recommended!,Customer Service,Positive,2023-05-22,2023,May
4555768,5085860780,64316806,5,"Excellent quality, will buy again!",Product Quality,Positive,2023-12-13,2023,December
3333353,6213909425,42208242,2,Items were missing from my order.,Customer Service,Negative,2023-05-12,2023,May
5277661,3712789789,20634789,4,"Nothing to complain about, but nothing exceptional.",Product Quality,Neutral,2024-02-02,2024,February
7794261,278794976,94137242,4,"Nothing to complain about, but nothing exceptional.",Delivery,Neutral,2023-03-18,2023,March
5691325,3420357591,86444757,4,"Nothing to complain about, but nothing exceptional.",App Experience,Neutral,2024-10-07,2024,October
7242483,4551386734,62807542,3,"Delivery was fine, but the product could be better.",Delivery,Neutral,2023-03-18,2023,March
3819380,7609681987,22076522,3,"Nothing to complain about, but nothing exceptional.",Customer Service,Neutral,2023-10-16,2023,October
6833413,1721655048,79742293,3,"Delivery was fine, but the product could be better.",App Experience,Neutral,2024-04-15,2024,April
9450924,7040151151,5540556,3,"Nothing to complain about, but nothing exceptional.",Delivery,Neutral,2023-03-28,2023,March
5330911,6719661881,48716374,5,Customer service was very helpful.,Delivery,Positive,2023-05-13,2023,May
7617967,5195004299,50632192,2,Not worth the price I paid.,App Experience,Negative,2024-09-01,2024,September
9551637,5441946621,40256341,5,Good selection of products.,Customer Service,Positive,2024-01-02,2024,January
9109825,3508992095,32293017,3,Customer service was not helpful.,App Experience,Negative,2023-09-12,2023,September
5516770,8454449180,79672044,4,The product met my expectations.,Delivery,Neutral,2024-02-18,2024,February
4851172,9251851237,94453274,5,Will definitely order again.,Product Quality,Positive,2023-11-25,2023,November
2308326,6739811103,9981089,3,"Average experience, could improve.",Customer Service,Neutral,2024-01-01,2024,January
4939979,7590827828,40703374,4,Customer service was very helpful.,App Experience,Positive,2023-05-11,2023,May
3743677,310213322,12077371,3,The product met my expectations.,Customer Service,Neutral,2023-09-30,2023,September
3502561,934908369,53299455,1,The order was incorrect.,Delivery,Negative,2024-08-15,2024,August
9293839,3817617199,29525287,1,Product was damaged during delivery.,App Experience,Negative,2024-08-28,2024,August
4383631,2622709030,50781611,1,Items were missing from my order.,Customer Service,Negative,2024-11-07,2024,November
4358399,3843689992,3730316,3,"Delivery was fine, but the product could be better.",Delivery,Neutral,2024-10-13,2024,October
4953633,8732395640,26285589,1,Customer service was not helpful.,Product Quality,Negative,2024-03-17,2024,March
7946912,3889721330,44269569,4,Great prices and fast delivery!,Customer Service,Positive,2024-05-16,2024,May
7070385,7064093619,90665975,5,Very fresh and well-packaged.,App Experience,Positive,2023-05-23,2023,May
9398381,6798661163,3730316,4,Highly recommended!,Customer Service,Positive,2024-07-23,2024,July
8049557,2878307830,97150234,1,Customer service was not helpful.,App Experience,Negative,2024-01-05,2024,January
6240692,4133369643,95971469,3,Customer service was not helpful.,Delivery,Negative,2023-03-07,2023,March
6158292,3394787348,40841791,1,Customer service was not helpful.,Customer Service,Negative,2024-06-23,2024,June
8190420,4830380663,19259955,1,The packaging was poor.,Product Quality,Negative,2023-12-24,2023,December
9421905,3441042301,43052303,4,Very happy with the service!,Customer Service,Positive,2023-05-08,2023,May
8542883,3984353474,17681645,3,The packaging was poor.,Delivery,Negative,2024-05-19,2024,May
534626,4495916529,57662767,5,Great prices and fast delivery!,Customer Service,Positive,2023-01-04,2023,January
9049814,5075205264,51034600,1,Product was damaged during delivery.,Product Quality,Negative,2024-04-22,2024,April
99277,6129180304,86499778,1,Customer service was not helpful.,Delivery,Negative,2024-01-17,2024,January
8488227,3311686914,63310076,3,The order was incorrect.,Delivery,Negative,2024-06-05,2024,June
8886190,3907403745,99490786,2,Customer service was not helpful.,Customer Service,Negative,2023-06-19,2023,June
2446092,9924696305,43367112,5,Great prices and fast delivery!,Delivery,Positive,2023-04-30,2023,April
5726623,7348508805,45052594,5,Good selection of products.,Delivery,Positive,2024-05-23,2024,May
2048063,1665004352,5226128,3,"Nothing to complain about, but nothing exceptional.",Product Quality,Neutral,2023-01-08,2023,January
3328667,1049800958,44139071,3,"It was okay, nothing special.",Product Quality,Neutral,2023-02-07,2023,February
5661715,2937550786,72946405,4,"Delivery was fine, but the product could be better.",App Experience,Neutral,2023-06-08,2023,June
4689320,486724008,12415659,4,"It was okay, nothing special.",Product Quality,Neutral,2024-12-07,2024,December
4732407,9361578823,81373608,4,"Excellent quality, will buy again!",Customer Service,Positive,2023-08-18,2023,August
8272929,6249585672,20940403,3,Customer service was not helpful.,Product Quality,Negative,2023-09-07,2023,September
6995710,2111712383,67465084,4,Highly recommended!,Product Quality,Positive,2024-01-23,2024,January
1457389,2962076108,99824171,4,"Delivery was fine, but the product could be better.",Delivery,Neutral,2024-06-13,2024,June
433454,7509638056,35912599,4,"Average experience, could improve.",App Experience,Neutral,2024-02-13,2024,February
492875,6074743537,32797235,5,"Excellent quality, will buy again!",Product Quality,Positive,2024-12-09,2024,December
8717517,3560026527,97174235,1,Very disappointed with the quality.,Customer Service,Negative,2024-09-06,2024,September
9770469,7005103077,76850859,3,I had a bad experience.,Product Quality,Negative,2024-05-14,2024,May
1929925,8175826750,22076522,1,The order was incorrect.,Delivery,Negative,2024-09-17,2024,September
3371369,8572946020,41168392,3,Items were missing from my order.,Customer Service,Negative,2024-04-26,2024,April
9950556,2936701883,28286754,5,Very fresh and well-packaged.,App Experience,Positive,2024-02-03,2024,February
1890827,9948324640,22054087,4,"Delivery was fine, but the product could be better.",Delivery,Neutral,2023-10-31,2023,October
2897563,2865872281,49970560,4,Very fresh and well-packaged.,App Experience,Positive,2024-09-14,2024,September
712520,5785351358,64795608,5,"Overall good experience, thank you!",Product Quality,Positive,2024-03-11,2024,March
8098560,5204776107,65514005,3,"Nothing to complain about, but nothing exceptional.",Delivery,Neutral,2023-08-24,2023,August
2799498,8689865723,62526567,3,"Delivery was fine, but the product could be better.",Product Quality,Neutral,2024-03-28,2024,March
2881441,7822329516,79742293,4,"Nothing to complain about, but nothing exceptional.",Delivery,Neutral,2023-11-19,2023,November
2077738,5995393950,64535602,2,Product was damaged during delivery.,Delivery,Negative,2023-06-08,2023,June
2588228,5458784818,79672044,2,Taste was not as expected.,Customer Service,Negative,2024-07-24,2024,July
8715838,5611686165,83660688,5,Very happy with the service!,Product Quality,Positive,2023-02-07,2023,February
1465594,6390653932,83597876,2,Very disappointed with the quality.,Customer Service,Negative,2023-05-19,2023,May
911432,1215008706,68219091,4,"Delivery was fine, but the product could be better.",App Experience,Neutral,2024-04-03,2024,April
9626629,7357727116,6617417,4,Highly recommended!,Product Quality,Positive,2024-06-15,2024,June
3731816,7562975685,89910157,2,Product was damaged during delivery.,Customer Service,Negative,2023-02-07,2023,February
1136406,3118070064,50518311,5,"Overall good experience, thank you!",Product Quality,Positive,2023-05-06,2023,May
3075195,8255753870,72667140,3,"Nothing to complain about, but nothing exceptional.",Product Quality,Neutral,2023-09-09,2023,September
9668955,5924715529,79919160,3,"Delivery was fine, but the product could be better.",App Experience,Neutral,2024-03-24,2024,March
1731759,9593816617,44589829,4,Items were in perfect condition.,Customer Service,Positive,2023-05-28,2023,May
7951684,6143213997,71643758,4,"Nothing to complain about, but nothing exceptional.",Product Quality,Neutral,2024-03-21,2024,March
7425205,4516009647,99361865,3,Items were missing from my order.,Customer Service,Negative,2024-07-19,2024,July
657529,291900074,625395,4,"Nothing to complain about, but nothing exceptional.",Product Quality,Neutral,2024-02-10,2024,February
8050610,3178700341,48033969,4,Customer service was very helpful.,Customer Service,Positive,2024-10-06,2024,October
3328269,4231742059,4439806,3,I had a bad experience.,Customer Service,Negative,2023-11-21,2023,November
573486,7437613292,31582950,4,Good selection of products.,Product Quality,Positive,2023-12-30,2023,December
6596877,5609346062,82169898,5,Customer service was very helpful.,Product Quality,Positive,2023-08-08,2023,August
1455609,909033820,93924203,1,Product was damaged during delivery.,Customer Service,Negative,2023-11-10,2023,November
6846162,470624828,59545278,4,The product met my expectations.,Delivery,Neutral,2023-08-21,2023,August
3862998,9608676386,99714944,5,"Excellent quality, will buy again!",Customer Service,Positive,2023-08-14,2023,August
903125,6846160702,77661491,4,"Nothing to complain about, but nothing exceptional.",App Experience,Neutral,2023-07-20,2023,July
590677,4248168019,29973346,4,"Delivery was fine, but the product could be better.",Product Quality,Neutral,2024-03-26,2024,March
8111799,9057909300,9738801,2,Items were missing from my order.,App Experience,Negative,2024-01-17,2024,January
2204382,2171816966,92404798,4,Very fresh and well-packaged.,Customer Service,Positive,2024-01-30,2024,January
6595778,1387025817,52417972,4,"Delivery was fine, but the product could be better.",Delivery,Neutral,2024-06-15,2024,June
3262226,6801124715,26912171,3,"Nothing to complain about, but nothing exceptional.",Product Quality,Neutral,2024-10-04,2024,October
5685266,6117979297,79206969,4,Great prices and fast delivery!,Delivery,Positive,2023-12-23,2023,December
6349394,4902314626,98307019,5,"Excellent quality, will buy again!",Customer Service,Positive,2024-05-25,2024,May
3566669,361595059,70966268,5,Good selection of products.,Customer Service,Positive,2023-10-21,2023,October
4299736,5309683159,24153726,4,"Delivery was fine, but the product could be better.",Delivery,Neutral,2023-04-21,2023,April
2401703,2300265337,90246977,3,The order was incorrect.,Delivery,Negative,2024-01-01,2024,January
4968410,199903168,99627097,4,"Average experience, could improve.",Customer Service,Neutral,2023-04-16,2023,April
7169425,4923840119,60049160,5,"Overall good experience, thank you!",App Experience,Positive,2024-04-09,2024,April
4762584,2209550085,56457995,3,Product was damaged during delivery.,App Experience,Negative,2024-07-09,2024,July
3403887,120178110,65294340,3,Not worth the price I paid.,Product Quality,Negative,2024-01-21,2024,January
9628961,6647259959,83660688,2,The order was incorrect.,Customer Service,Negative,2023-06-20,2023,June
4479101,3859980017,77015367,1,Items were missing from my order.,App Experience,Negative,2023-05-15,2023,May
5308580,9196827234,51669263,3,The order was incorrect.,Customer Service,Negative,2023-10-31,2023,October
7906809,3499440849,3638834,3,The product met my expectations.,Delivery,Neutral,2023-10-10,2023,October
4660606,7114775833,68965787,3,"Average experience, could improve.",Product Quality,Neutral,2024-08-07,2024,August
1618754,7812364366,25081012,2,Taste was not as expected.,Product Quality,Negative,2023-08-26,2023,August
1904556,7525899857,52428250,4,The product met my expectations.,App Experience,Neutral,2023-04-09,2023,April
977874,3917847107,90665975,3,"Nothing to complain about, but nothing exceptional.",App Experience,Neutral,2024-08-13,2024,August
5211579,1229828587,42989999,3,The product met my expectations.,App Experience,Neutral,2023-10-27,2023,October
9213988,4249345096,81346291,3,"Delivery was fine, but the product could be better.",Product Quality,Neutral,2023-05-31,2023,May
2933091,4002407580,59398136,3,Items were missing from my order.,Product Quality,Negative,2023-11-17,2023,November
1808799,5982122427,6398761,5,Will definitely order again.,Delivery,Positive,2023-04-23,2023,April
8813121,3280431261,48268435,3,The product met my expectations.,Delivery,Neutral,2024-03-13,2024,March
7181862,5066338759,48284116,4,The product met my expectations.,Product Quality,Neutral,2023-11-21,2023,November
8710910,9087426355,66932104,2,The order was incorrect.,Delivery,Negative,2023-03-11,2023,March
2650144,5512907,51476157,3,Not worth the price I paid.,Customer Service,Negative,2023-04-30,2023,April
6401715,4174741467,34074184,3,"It was okay, nothing special.",Customer Service,Neutral,2023-12-17,2023,December
9553826,6270463968,35434373,2,I had a bad experience.,Delivery,Negative,2023-03-10,2023,March
6894285,1239385001,82359623,3,"It was okay, nothing special.",App Experience,Neutral,2023-09-27,2023,September
4551067,5250202756,40871915,5,Very happy with the service!,App Experience,Positive,2023-10-09,2023,October
3362357,4099185509,22047134,3,The product met my expectations.,Delivery,Neutral,2024-01-24,2024,January
2038583,7875903450,17805991,5,"Excellent quality, will buy again!",App Experience,Positive,2024-03-14,2024,March
9968197,7561642939,75739462,4,Good selection of products.,Product Quality,Positive,2024-07-24,2024,July
5641165,5438908316,59815512,5,Good selection of products.,App Experience,Positive,2024-03-04,2024,March
6277365,357437373,23126657,4,"Average experience, could improve.",App Experience,Neutral,2023-10-05,2023,October
2138553,8972877222,57291761,3,"Delivery was fine, but the product could be better.",Delivery,Neutral,2024-10-26,2024,October
2309893,1163798451,25641500,2,The order was incorrect.,App Experience,Negative,2023-04-10,2023,April
3728661,3588229485,29973346,2,I had a bad experience.,App Experience,Negative,2024-01-08,2024,January
3528257,1205823348,79478655,5,Items were in perfect condition.,Delivery,Positive,2024-07-29,2024,July
2121358,2867008541,99594960,4,Very fresh and well-packaged.,Delivery,Positive,2023-12-20,2023,December
6964481,5794917332,12574626,3,I had a bad experience.,Product Quality,Negative,2024-02-16,2024,February
833508,4726520098,48284116,4,"It was okay, nothing special.",Customer Service,Neutral,2023-04-19,2023,April
8937646,6251716165,93723634,3,Product was damaged during delivery.,Product Quality,Negative,2023-09-27,2023,September
9039809,5991829458,80850753,5,Good selection of products.,Customer Service,Positive,2023-12-08,2023,December
7658013,1142626566,27304827,3,Not worth the price I paid.,Product Quality,Negative,2024-05-31,2024,May
600683,2595161999,45586151,4,Customer service was very helpful.,Delivery,Positive,2023-12-08,2023,December
9730704,8865698939,3897936,5,Very happy with the service!,Product Quality,Positive,2023-09-09,2023,September
2269836,1776582175,12305040,3,The product met my expectations.,Customer Service,Neutral,2024-03-30,2024,March
8585711,7323157341,16543242,3,I had a bad experience.,App Experience,Negative,2024-01-07,2024,January
6281319,8997413283,45314389,4,Very fresh and well-packaged.,Delivery,Positive,2024-02-10,2024,February
4876303,2548452255,44776601,4,"Delivery was fine, but the product could be better.",Delivery,Neutral,2023-09-18,2023,September
7833575,7906839225,56548063,3,"Average experience, could improve.",Customer Service,Neutral,2023-10-28,2023,October
1960132,4113927200,53782978,4,Will definitely order again.,Delivery,Positive,2023-05-19,2023,May
3059574,4233626614,24043135,1,Not worth the price I paid.,Customer Service,Negative,2024-07-28,2024,July
3127265,2886463378,6853981,3,Very disappointed with the quality.,Customer Service,Negative,2023-12-24,2023,December
3117627,1823348306,92604392,1,Delivery was late and I was unhappy.,Product Quality,Negative,2023-06-27,2023,June
2368789,8706556166,84953008,3,"It was okay, nothing special.",Delivery,Neutral,2024-11-09,2024,November
6638657,5139433840,77614510,4,"Delivery was fine, but the product could be better.",Product Quality,Neutral,2023-05-25,2023,May
6309008,769731596,97825663,5,Very fresh and well-packaged.,Product Quality,Positive,2024-10-10,2024,October
8650340,1346090496,88202341,3,The order was incorrect.,Delivery,Negative,2023-08-18,2023,August
8250165,9339629293,79478655,3,"Nothing to complain about, but nothing exceptional.",Customer Service,Neutral,2023-05-28,2023,May
955323,3043993017,13455530,2,Items were missing from my order.,App Experience,Negative,2023-11-25,2023,November
6798988,274863669,39140039,4,"Delivery was fine, but the product could be better.",Customer Service,Neutral,2024-11-04,2024,November
4768936,3736611791,6959437,4,"It was okay, nothing special.",Delivery,Neutral,2024-05-10,2024,May
2957419,9628875555,11470681,3,"It was okay, nothing special.",App Experience,Neutral,2024-09-03,2024,September
3324489,6367306297,17201639,4,"It was okay, nothing special.",App Experience,Neutral,2023-09-25,2023,September
3850044,4393113152,79695653,1,Items were missing from my order.,App Experience,Negative,2024-02-06,2024,February
1957314,1239928207,79591237,2,Customer service was not helpful.,Customer Service,Negative,2023-11-09,2023,November
2351331,5473002872,44030130,3,"Delivery was fine, but the product could be better.",Delivery,Neutral,2024-07-07,2024,July
7161642,6536847919,81822935,1,Delivery was late and I was unhappy.,Delivery,Negative,2023-10-06,2023,October
4756268,5480709564,18140588,5,Items were in perfect condition.,Customer Service,Positive,2023-12-16,2023,December
1882002,1393100618,33295496,2,The order was incorrect.,App Experience,Negative,2024-09-25,2024,September
8770923,6999330116,81605722,1,Product was damaged during delivery.,Customer Service,Negative,2023-04-13,2023,April
7318240,7816842690,1449273,5,"Excellent quality, will buy again!",App Experience,Positive,2023-01-08,2023,January
9536980,3186586558,9987182,5,Highly recommended!,Delivery,Positive,2024-02-21,2024,February
6737597,7927955136,32293017,4,Customer service was very helpful.,App Experience,Positive,2023-08-28,2023,August
9064072,3518172697,13189939,4,"Delivery was fine, but the product could be better.",Customer Service,Neutral,2023-05-13,2023,May
7316905,4557188271,17597449,4,Customer service was very helpful.,App Experience,Positive,2024-05-16,2024,May
5296738,2893244627,11493380,4,The product met my expectations.,Customer Service,Neutral,2024-10-10,2024,October
7901453,1996683408,5043760,5,Customer service was very helpful.,Customer Service,Positive,2024-01-30,2024,January
2371030,1673794089,48167795,3,Customer service was not helpful.,Delivery,Negative,2024-06-02,2024,June
8033950,9931161723,41640262,4,The product met my expectations.,Product Quality,Neutral,2023-12-07,2023,December
9338884,856799416,25770577,4,"It was okay, nothing special.",App Experience,Neutral,2023-10-09,2023,October
4776205,6668508959,15144290,4,Good selection of products.,App Experience,Positive,2024-08-31,2024,August
886263,4914874727,80517784,5,Items were in perfect condition.,Customer Service,Positive,2023-06-13,2023,June
8959158,7869104895,57392064,4,"Nothing to complain about, but nothing exceptional.",Product Quality,Neutral,2023-01-10,2023,January
7488881,5094989752,87107263,4,Great prices and fast delivery!,Product Quality,Positive,2024-01-06,2024,January
3438230,4305377896,19216141,5,Good selection of products.,Delivery,Positive,2024-08-08,2024,August
9773678,7017136473,50680889,3,Product was damaged during delivery.,App Experience,Negative,2024-11-03,2024,November
2445457,3303209513,70084516,2,Very disappointed with the quality.,Customer Service,Negative,2024-09-03,2024,September
3680167,8607953669,67340606,4,"Delivery was fine, but the product could be better.",Product Quality,Neutral,2023-10-06,2023,October
2982366,1940918101,4356173,4,The product met my expectations.,Product Quality,Neutral,2023-03-10,2023,March
5268466,6494615659,10745302,4,"It was okay, nothing special.",Product Quality,Neutral,2023-11-19,2023,November
8206396,4280890409,42102289,3,Not worth the price I paid.,Delivery,Negative,2024-10-30,2024,October
4822494,7598489331,84066402,2,The packaging was poor.,App Experience,Negative,2024-07-20,2024,July
6644516,8755280486,2566268,3,Not worth the price I paid.,Delivery,Negative,2024-07-30,2024,July
9777731,8281093933,67277562,3,"It was okay, nothing special.",Customer Service,Neutral,2024-02-18,2024,February
3957326,7415765726,75244116,3,Items were missing from my order.,App Experience,Negative,2023-05-08,2023,May
2503471,6266072804,60565603,5,Highly recommended!,Product Quality,Positive,2024-06-23,2024,June
2895853,1542448934,97033691,5,Very happy with the service!,Delivery,Positive,2023-10-13,2023,October
3589514,2896979776,30317733,3,Delivery was late and I was unhappy.,Customer Service,Negative,2023-05-24,2023,May
7532031,169867835,59545278,4,Good selection of products.,Customer Service,Positive,2023-08-16,2023,August
7907169,9493456526,77811864,5,Great prices and fast delivery!,Customer Service,Positive,2023-02-04,2023,February
9535741,9423261830,17597449,1,Product was damaged during delivery.,Customer Service,Negative,2023-08-24,2023,August
5626572,5793453795,70543108,3,The product met my expectations.,App Experience,Neutral,2024-04-13,2024,April
5228998,2141680269,32797235,4,The product met my expectations.,Product Quality,Neutral,2024-10-25,2024,October
9092631,6457122136,79764458,3,I had a bad experience.,Customer Service,Negative,2023-05-19,2023,May
5856700,8447536518,48160359,1,The order was incorrect.,Customer Service,Negative,2023-12-21,2023,December
7344868,3191672889,88223261,3,The product met my expectations.,Customer Service,Neutral,2024-07-07,2024,July
7568362,2521995712,30285217,3,Delivery was late and I was unhappy.,Product Quality,Negative,2023-08-21,2023,August
1952733,8194578267,74313592,4,"Average experience, could improve.",Customer Service,Neutral,2023-11-10,2023,November
6973023,2811341619,30188374,5,Customer service was very helpful.,Customer Service,Positive,2024-05-24,2024,May
4926150,5562576298,10019218,4,Highly recommended!,App Experience,Positive,2023-08-11,2023,August
4161917,7446009755,71767248,1,Delivery was late and I was unhappy.,App Experience,Negative,2023-06-15,2023,June
3371908,7343262659,16484167,3,Not worth the price I paid.,Delivery,Negative,2023-07-04,2023,July
8068149,7147677361,97475543,1,Taste was not as expected.,Delivery,Negative,2024-12-07,2024,December
4436657,8732072897,12077371,2,Taste was not as expected.,Product Quality,Negative,2023-06-14,2023,June
7574741,6418604551,12967305,5,Great prices and fast delivery!,Customer Service,Positive,2023-07-25,2023,July
2088066,4989511905,41972994,2,Not worth the price I paid.,Delivery,Negative,2023-03-04,2023,March
1504694,2520527893,51476157,2,The order was incorrect.,Product Quality,Negative,2024-02-10,2024,February
3325366,4753989820,81500385,4,Great prices and fast delivery!,Delivery,Positive,2023-06-10,2023,June
5470914,8285547588,26245432,3,"Average experience, could improve.",Customer Service,Neutral,2024-02-01,2024,February
5321532,5824924668,49881540,1,The order was incorrect.,Product Quality,Negative,2023-11-19,2023,November
3557986,7703854141,86483673,4,"Excellent quality, will buy again!",Customer Service,Positive,2024-05-13,2024,May
8549407,7380361209,7591711,2,Delivery was late and I was unhappy.,App Experience,Negative,2023-06-27,2023,June
9432013,5053033745,66485571,5,"Excellent quality, will buy again!",Product Quality,Positive,2024-09-04,2024,September
5963618,4859489972,12305040,1,Taste was not as expected.,Product Quality,Negative,2023-07-15,2023,July
9054314,9690396315,46563355,3,Taste was not as expected.,App Experience,Negative,2024-09-29,2024,September
4172796,448732557,80952275,3,I had a bad experience.,Delivery,Negative,2023-11-30,2023,November
6844012,4927306668,97033691,3,"Average experience, could improve.",App Experience,Neutral,2023-08-06,2023,August
9024060,1669690997,62600289,3,Taste was not as expected.,Product Quality,Negative,2023-12-25,2023,December
4715968,8340761903,53640286,3,"Average experience, could improve.",Product Quality,Neutral,2023-11-27,2023,November
9621021,5936301790,87059497,4,"Average experience, could improve.",App Experience,Neutral,2024-06-21,2024,June
1134095,5710579377,67310893,4,"Average experience, could improve.",Delivery,Neutral,2024-06-06,2024,June
6578433,2494813730,28663279,4,"It was okay, nothing special.",Customer Service,Neutral,2023-08-23,2023,August
