order_id,order_date,customer_id,product_id,category,quantity,total_sales,payment_method,delivery_status,Year,Month,Day
1961864118,2024-07-17 08:34:01,30065862,642612,Pet Care,3,1551.09,Cash,On Time,2024,July,17
1549769649,2024-05-28 13:14:29,9573071,378676,Cold Drinks & Juices,1,881.42,Cash,On Time,2024,May,28
9185164487,2024-09-23 13:07:12,45477575,741341,Dairy & Breakfast,2,1847.68,UPI,On Time,2024,September,23
9644738826,2023-11-24 16:16:56,88067569,561860,Cold Drinks & Juices,1,874.78,Card,On Time,2023,November,24
5427684290,2023-11-20 05:00:39,83298567,602241,Snacks & Munchies,2,1953.1,Cash,On Time,2023,November,20
3265154092,2023-03-18 16:29:51,43367112,681063,Cold Drinks & Juices,1,321.28,UPI,On Time,2023,March,18
4898355547,2023-04-16 18:50:37,13284996,56589,Pharmacy,3,1553.31,Card,On Time,2023,April,16
6568151549,2024-03-31 06:26:48,88866835,500739,Dairy & Breakfast,2,719.96,Cash,On Time,2024,March,31
6006693867,2023-07-13 23:49:36,24496983,490939,Personal Care,1,80.25,Card,On Time,2023,July,13
374186990,2023-08-09 01:17:30,52215833,760828,Pet Care,2,1126.9,Wallet,Slightly Delayed,2023,August,9
4455336265,2023-08-30 19:37:06,43431724,753354,Personal Care,3,1270.68,UPI,On Time,2023,August,30
3539286337,2023-04-25 20:32:24,77559557,684939,Personal Care,1,727.95,Wallet,On Time,2023,April,25
9171116867,2023-10-22 11:15:33,87107263,500739,Dairy & Breakfast,3,1079.94,Card,Slightly Delayed,2023,October,22
5504941865,2024-01-28 02:39:11,76512976,540618,Snacks & Munchies,1,317.05,Wallet,Slightly Delayed,2024,January,28
5868326481,2024-03-15 21:07:07,37556526,53833,Grocery & Staples,3,404.07,Wallet,On Time,2024,March,15
2137046916,2024-02-03 08:50:32,12059049,455755,Household Care,2,88.18,UPI,On Time,2024,February,3
8195544338,2023-04-26 04:03:57,26199489,131937,Instant & Frozen Food,1,287.81,Wallet,Slightly Delayed,2023,April,26
2889700050,2024-04-30 16:22:26,84848018,798639,Dairy & Breakfast,1,211.25,Wallet,On Time,2024,April,30
65827885,2023-07-27 00:13:05,47577193,324809,Dairy & Breakfast,3,1824.0,Cash,On Time,2023,July,27
4656471694,2023-12-09 08:08:08,60728956,679284,Pharmacy,1,877.89,Cash,Slightly Delayed,2023,December,9
6625178717,2023-07-01 04:24:22,62068277,952168,Snacks & Munchies,3,710.8499999999999,Card,Slightly Delayed,2023,July,1
7169557514,2023-03-21 05:27:13,84824280,706112,Pharmacy,2,957.58,Card,Slightly Delayed,2023,March,21
2268306684,2024-05-28 14:59:08,66742602,812607,Fruits & Vegetables,2,833.3,Wallet,On Time,2024,May,28
6905293278,2024-06-16 10:23:23,97259564,799952,Dairy & Breakfast,1,922.64,Cash,Significantly Delayed,2024,June,16
1769493463,2024-06-26 07:13:47,3292927,709916,Household Care,3,101.28,Wallet,On Time,2024,June,26
5003387344,2024-06-23 10:53:47,26592009,67197,Dairy & Breakfast,3,1656.6000000000001,Wallet,On Time,2024,June,23
2064484752,2024-05-07 22:42:49,89995124,937542,Grocery & Staples,3,291.12,Wallet,On Time,2024,May,7
964822979,2024-07-13 10:38:00,88520326,455755,Household Care,2,88.18,Wallet,On Time,2024,July,13
6037899648,2024-03-27 17:44:43,22738465,669378,Fruits & Vegetables,1,212.14,Cash,On Time,2024,March,27
9347571484,2024-11-02 17:15:15,29562072,112390,Personal Care,2,1755.96,Card,Slightly Delayed,2024,November,2
3286177534,2023-06-24 23:52:15,10225164,891833,Dairy & Breakfast,1,493.19,Wallet,On Time,2023,June,24
9073572548,2023-05-02 23:13:42,97111069,60619,Cold Drinks & Juices,1,726.41,Card,Significantly Delayed,2023,May,2
8395583761,2024-08-04 23:35:44,1989720,561860,Cold Drinks & Juices,3,2624.34,UPI,On Time,2024,August,4
6355378227,2023-08-11 16:52:36,67092149,993331,Grocery & Staples,1,102.44,UPI,On Time,2023,August,11
277376321,2024-07-28 04:25:12,89784343,94225,Household Care,3,231.32999999999998,Wallet,On Time,2024,July,28
8559748526,2023-04-05 18:07:19,45868300,552496,Household Care,1,508.0,Wallet,On Time,2023,April,5
1458051433,2024-04-26 09:14:56,50760752,57405,Baby Care,3,1823.0099999999998,UPI,On Time,2024,April,26
5838302640,2023-05-12 05:46:25,96795047,240179,Pharmacy,3,271.68,UPI,Slightly Delayed,2023,May,12
1380971977,2024-06-02 13:04:55,16561710,602241,Snacks & Munchies,3,2929.6499999999996,Cash,On Time,2024,June,2
1221099013,2023-07-23 10:45:59,35156679,131937,Instant & Frozen Food,1,287.81,Wallet,On Time,2023,July,23
6771166303,2023-07-24 04:21:07,87718744,677542,Household Care,3,637.83,Wallet,Slightly Delayed,2023,July,24
7111337755,2023-05-06 05:52:44,10524732,888807,Dairy & Breakfast,3,691.74,Cash,On Time,2023,May,6
5562922993,2023-12-06 02:04:19,62416456,540618,Snacks & Munchies,1,317.05,Wallet,On Time,2023,December,6
5630957897,2024-06-18 07:17:42,69925688,876139,Grocery & Staples,2,831.5,Wallet,On Time,2024,June,18
1787380558,2023-11-08 17:24:58,5140660,444361,Pharmacy,3,2467.89,Cash,On Time,2023,November,8
32613017,2023-03-17 00:20:41,82594354,451812,Pharmacy,1,530.85,Card,On Time,2023,March,17
2039041670,2024-11-01 09:45:47,88324928,287070,Grocery & Staples,1,443.17,Wallet,Slightly Delayed,2024,November,1
210693801,2024-08-21 03:59:25,71235336,432617,Baby Care,3,2589.54,UPI,On Time,2024,August,21
8120002258,2024-01-01 00:05:08,57833505,131937,Instant & Frozen Food,1,287.81,Card,On Time,2024,January,1
2177917034,2024-02-08 20:03:51,12402437,144124,Household Care,2,325.34,Card,Slightly Delayed,2024,February,8
4254814926,2024-04-21 06:14:58,59890331,324809,Dairy & Breakfast,1,608.0,Wallet,On Time,2024,April,21
6074172790,2023-07-26 02:15:37,14944819,888807,Dairy & Breakfast,2,461.16,Wallet,On Time,2023,July,26
3381573131,2024-07-16 00:33:21,67386193,684939,Personal Care,1,727.95,Cash,On Time,2024,July,16
3773745777,2024-05-02 14:40:25,67701771,734789,Snacks & Munchies,1,395.82,Card,On Time,2024,May,2
9251939156,2023-12-30 12:39:53,89910157,876139,Grocery & Staples,3,1247.25,Cash,Slightly Delayed,2023,December,30
3872982303,2024-02-03 01:04:33,15484407,56589,Pharmacy,2,1035.54,Wallet,On Time,2024,February,3
2625987757,2023-08-01 07:42:43,10769994,890232,Cold Drinks & Juices,1,432.0,UPI,On Time,2023,August,1
3162249401,2024-05-03 13:21:58,85519349,432617,Baby Care,1,863.18,Cash,On Time,2024,May,3
3108986741,2023-10-17 19:29:19,49241309,687218,Cold Drinks & Juices,3,953.46,Wallet,On Time,2023,October,17
1851474741,2023-11-01 13:29:17,23348269,970529,Baby Care,3,2482.32,Card,Slightly Delayed,2023,November,1
2425099132,2023-08-15 01:15:08,85016568,604184,Household Care,2,795.1,Wallet,On Time,2023,August,15
6706793332,2024-10-09 21:50:33,6247821,615545,Personal Care,2,896.32,UPI,Slightly Delayed,2024,October,9
2149289255,2024-11-01 15:00:29,57579640,567671,Snacks & Munchies,3,1255.44,Cash,Significantly Delayed,2024,November,1
1971008155,2023-10-23 22:23:41,2457734,222892,Fruits & Vegetables,1,869.22,Cash,On Time,2023,October,23
2087093460,2024-07-11 11:31:57,59329145,34186,Fruits & Vegetables,2,1851.3,Card,On Time,2024,July,11
2116712588,2023-11-11 20:33:38,24043135,891833,Dairy & Breakfast,1,493.19,Wallet,On Time,2023,November,11
6054358790,2024-01-26 10:11:06,59216664,532965,Instant & Frozen Food,1,307.23,Wallet,On Time,2024,January,26
532660797,2024-05-20 06:25:18,41008070,962054,Cold Drinks & Juices,2,33.72,UPI,Slightly Delayed,2024,May,20
1491991005,2024-03-04 08:49:03,52215833,33955,Instant & Frozen Food,1,186.08,Wallet,On Time,2024,March,4
4136019599,2024-03-23 18:38:14,74179536,644847,Grocery & Staples,3,1868.4299999999998,Wallet,On Time,2024,March,23
2122832513,2024-02-17 19:48:14,55028958,954722,Instant & Frozen Food,1,616.45,UPI,Significantly Delayed,2024,February,17
3717703595,2023-04-24 21:33:02,88965399,500633,Dairy & Breakfast,3,463.5,Card,On Time,2023,April,24
3194733693,2023-07-05 10:13:13,21866852,240179,Pharmacy,2,181.12,UPI,Slightly Delayed,2023,July,5
4471162437,2024-02-06 12:38:50,27971619,820973,Baby Care,1,114.52,Card,On Time,2024,February,6
1609331948,2024-01-04 14:06:21,8791577,490602,Grocery & Staples,3,1648.41,UPI,On Time,2024,January,4
6920030794,2024-06-24 02:37:36,70372270,256783,Pet Care,2,1813.08,UPI,On Time,2024,June,24
5127172657,2024-06-11 18:11:31,32293017,913428,Pet Care,2,784.44,Cash,Significantly Delayed,2024,June,11
8607115856,2023-10-09 04:42:34,15931134,324809,Dairy & Breakfast,1,608.0,UPI,On Time,2023,October,9
7154957395,2023-04-09 10:10:33,60700850,516376,Fruits & Vegetables,1,877.43,Wallet,On Time,2023,April,9
2070762702,2023-10-04 10:20:55,34761418,566052,Pharmacy,3,261.9,Cash,Slightly Delayed,2023,October,4
3697242439,2024-10-15 12:30:13,99361865,897083,Household Care,2,1945.38,Cash,On Time,2024,October,15
3063427913,2023-09-21 02:17:46,75984768,799952,Dairy & Breakfast,2,1845.28,Card,On Time,2023,September,21
2060061337,2023-04-15 22:56:08,29272253,690565,Snacks & Munchies,1,951.27,Wallet,Slightly Delayed,2023,April,15
4625892678,2023-06-18 19:23:45,80371626,317242,Grocery & Staples,1,198.15,Wallet,On Time,2023,June,18
6045698170,2024-01-24 17:03:49,666589,965755,Fruits & Vegetables,3,1597.71,UPI,On Time,2024,January,24
7876289647,2024-08-07 07:55:29,98858383,863930,Personal Care,1,242.57,UPI,Slightly Delayed,2024,August,7
3434084714,2024-02-02 02:54:20,46836361,264803,Pharmacy,2,1991.96,Cash,On Time,2024,February,2
9031695663,2024-01-17 01:23:06,94730288,697683,Household Care,1,123.74,Card,Slightly Delayed,2024,January,17
1955989715,2023-12-27 06:52:23,77862447,679284,Pharmacy,1,877.89,Wallet,On Time,2023,December,27
3459500455,2023-12-18 00:37:55,16379942,992178,Pharmacy,1,632.43,UPI,On Time,2023,December,18
5953376503,2024-05-25 03:53:54,79169760,300159,Cold Drinks & Juices,1,44.35,Wallet,Significantly Delayed,2024,May,25
121874867,2023-03-28 00:53:55,94529626,952124,Fruits & Vegetables,3,381.24,UPI,On Time,2023,March,28
2460545397,2024-10-27 11:26:03,42872865,925482,Instant & Frozen Food,1,475.04,Wallet,Slightly Delayed,2024,October,27
9690050839,2024-01-13 02:34:24,55803572,500633,Dairy & Breakfast,2,309.0,Wallet,On Time,2024,January,13
2574349065,2024-04-17 14:33:32,51547198,123983,Pharmacy,3,2357.0099999999998,Wallet,On Time,2024,April,17
2461936988,2023-07-20 23:11:57,14428954,272170,Instant & Frozen Food,2,281.6,Cash,Significantly Delayed,2023,July,20
6447596416,2023-10-08 18:18:29,76987910,70969,Fruits & Vegetables,1,631.7,Card,On Time,2023,October,8
7228452275,2023-05-13 01:06:33,42262168,757274,Pet Care,2,196.64,Card,On Time,2023,May,13
6696750742,2023-04-02 17:43:16,5277675,14145,Fruits & Vegetables,2,1261.68,Wallet,On Time,2023,April,2
822235931,2023-08-09 07:17:16,44410149,611575,Instant & Frozen Food,3,1446.18,Wallet,Slightly Delayed,2023,August,9
7678251499,2023-04-23 13:27:40,17805991,704868,Household Care,1,193.46,Cash,On Time,2023,April,23
2497341976,2023-09-21 09:06:49,9097480,451933,Grocery & Staples,1,568.94,Wallet,On Time,2023,September,21
9107314128,2024-05-20 16:19:17,79591237,820541,Household Care,3,1728.66,Wallet,On Time,2024,May,20
9855726256,2023-05-17 07:50:53,8651281,349294,Fruits & Vegetables,2,1869.5,Card,On Time,2023,May,17
9398719862,2024-07-19 09:22:31,14991661,615545,Personal Care,2,896.32,Card,On Time,2024,July,19
379494532,2024-07-07 13:29:33,9650263,654297,Fruits & Vegetables,3,39.75,UPI,On Time,2024,July,7
1048784963,2023-09-07 13:18:38,58942207,451933,Grocery & Staples,2,1137.88,Card,On Time,2023,September,7
4386246924,2024-08-27 10:06:15,69632084,613942,Pet Care,2,1090.0,Card,Significantly Delayed,2024,August,27
2050362692,2024-10-30 11:23:04,79991320,366066,Personal Care,1,918.58,Cash,On Time,2024,October,30
4142963293,2024-11-03 03:45:46,34567918,287070,Grocery & Staples,1,443.17,Cash,On Time,2024,November,3
9753528654,2024-07-26 07:24:16,61522288,137909,Pharmacy,1,864.3,Cash,On Time,2024,July,26
8126970833,2024-09-14 20:27:40,14161586,700048,Household Care,3,423.84000000000003,Wallet,Significantly Delayed,2024,September,14
9747814712,2023-12-16 15:38:05,16359370,256783,Pet Care,2,1813.08,Wallet,On Time,2023,December,16
6281619403,2023-04-09 18:56:42,77921718,131136,Grocery & Staples,2,75.6,UPI,On Time,2023,April,9
436184281,2023-11-20 12:36:18,78614729,15314,Dairy & Breakfast,3,1736.5500000000002,Card,Significantly Delayed,2023,November,20
9799231260,2024-03-07 08:59:56,22077605,39154,Fruits & Vegetables,3,2840.58,Wallet,On Time,2024,March,7
4071811527,2023-07-26 15:38:48,66023110,661577,Pet Care,1,720.95,Card,Slightly Delayed,2023,July,26
5645359563,2024-08-08 23:28:23,87160527,723678,Pet Care,3,2026.38,Card,On Time,2024,August,8
9411813703,2023-09-25 22:56:09,62600289,557908,Pharmacy,3,2827.11,Wallet,On Time,2023,September,25
4270217473,2024-02-01 08:48:55,54580166,336847,Household Care,2,1873.96,Cash,On Time,2024,February,1
279851011,2023-04-11 09:45:14,12967305,34186,Fruits & Vegetables,3,2776.95,Card,On Time,2023,April,11
6260524887,2024-06-01 06:43:44,57081917,94225,Household Care,2,154.22,Card,On Time,2024,June,1
5853998391,2023-09-08 02:48:14,94453274,257719,Dairy & Breakfast,2,563.46,Wallet,On Time,2023,September,8
9931976872,2024-06-24 05:17:20,8955057,118820,Cold Drinks & Juices,3,36.96,Wallet,On Time,2024,June,24
8432209832,2024-03-20 03:24:23,90346920,336847,Household Care,1,936.98,Wallet,Slightly Delayed,2024,March,20
6023721507,2024-04-07 00:19:29,8791577,327290,Grocery & Staples,1,862.28,UPI,On Time,2024,April,7
3042338919,2023-05-17 14:52:39,76212152,679284,Pharmacy,3,2633.67,Wallet,On Time,2023,May,17
233646065,2023-09-19 22:28:29,16379942,803607,Personal Care,1,949.73,Wallet,On Time,2023,September,19
9870610018,2024-02-08 05:23:21,94033330,615545,Personal Care,2,896.32,Card,On Time,2024,February,8
1398230967,2024-04-22 09:58:26,46876240,951463,Pet Care,3,2362.2,Card,On Time,2024,April,22
8615488922,2023-11-04 00:06:14,92209869,566052,Pharmacy,3,261.9,Card,Significantly Delayed,2023,November,4
2748841057,2023-12-30 05:03:21,33544355,552496,Household Care,2,1016.0,Card,Significantly Delayed,2023,December,30
1375867721,2024-07-15 16:57:54,4862761,500633,Dairy & Breakfast,3,463.5,Cash,On Time,2024,July,15
8595141097,2024-03-31 10:24:16,96511007,274207,Pharmacy,1,328.51,UPI,On Time,2024,March,31
4673382071,2024-01-16 13:25:12,21784094,256783,Pet Care,1,906.54,UPI,Slightly Delayed,2024,January,16
2948696008,2024-04-10 10:05:48,51872499,131937,Instant & Frozen Food,2,575.62,Cash,On Time,2024,April,10
6839692624,2023-11-19 01:53:50,64497538,67197,Dairy & Breakfast,2,1104.4,Cash,Significantly Delayed,2023,November,19
5770951298,2023-10-02 18:09:57,75510747,329351,Dairy & Breakfast,3,932.61,UPI,On Time,2023,October,2
5084771819,2024-08-29 21:54:24,6344345,154179,Pharmacy,2,1165.74,Cash,Slightly Delayed,2024,August,29
422403644,2023-05-27 23:26:14,56548063,317242,Grocery & Staples,1,198.15,UPI,Slightly Delayed,2023,May,27
7176758896,2023-07-13 12:50:53,18394558,492958,Personal Care,2,168.4,Cash,On Time,2023,July,13
8252905093,2024-04-21 23:13:31,42589311,647462,Personal Care,3,979.26,Card,On Time,2024,April,21
1488561572,2024-08-27 08:18:40,75928073,585299,Pet Care,1,799.46,Cash,On Time,2024,August,27
6212984517,2024-03-16 21:47:29,72702075,853932,Baby Care,1,941.19,UPI,On Time,2024,March,16
6309784337,2024-05-06 17:37:10,26250082,120532,Grocery & Staples,1,697.53,Card,On Time,2024,May,6
4613890018,2023-10-24 12:43:17,53538932,490602,Grocery & Staples,1,549.47,Wallet,On Time,2023,October,24
3429728472,2023-03-31 08:31:30,64017365,851978,Pharmacy,1,715.72,Cash,Slightly Delayed,2023,March,31
267738904,2023-10-24 23:10:36,63368244,606256,Instant & Frozen Food,2,738.56,Card,Slightly Delayed,2023,October,24
3850416839,2024-07-01 02:05:28,57081917,697683,Household Care,3,371.21999999999997,UPI,Slightly Delayed,2024,July,1
3412702479,2023-12-24 07:32:20,86479284,444361,Pharmacy,3,2467.89,Cash,On Time,2023,December,24
2016183232,2023-07-19 04:15:07,44928499,14145,Fruits & Vegetables,3,1892.52,Card,Slightly Delayed,2023,July,19
3810280204,2023-10-26 17:52:28,84361534,880510,Dairy & Breakfast,3,2854.29,Wallet,On Time,2023,October,26
2416767295,2024-07-05 03:36:54,767523,284460,Fruits & Vegetables,1,505.95,Card,Slightly Delayed,2024,July,5
2283439407,2023-07-14 02:18:09,46623192,376447,Dairy & Breakfast,1,724.84,UPI,On Time,2023,July,14
4328802292,2023-06-14 19:43:21,9738801,378676,Cold Drinks & Juices,2,1762.84,Cash,Significantly Delayed,2023,June,14
7072715691,2023-12-25 19:14:20,74195536,863930,Personal Care,2,485.14,Cash,On Time,2023,December,25
5640741373,2024-05-10 06:46:20,90298394,89084,Dairy & Breakfast,2,1197.66,Card,On Time,2024,May,10
6931094066,2023-11-15 21:59:17,17159117,461804,Grocery & Staples,3,932.0699999999999,Card,On Time,2023,November,15
3417088709,2024-05-30 17:24:44,62629494,366066,Personal Care,3,2755.7400000000002,UPI,Significantly Delayed,2024,May,30
4424404315,2023-07-16 07:24:04,9274874,313754,Snacks & Munchies,2,273.2,Wallet,On Time,2023,July,16
2444087306,2023-07-28 08:25:29,56250563,366066,Personal Care,1,918.58,Wallet,On Time,2023,July,28
486085268,2023-12-11 19:39:16,51040116,354409,Grocery & Staples,3,975.24,UPI,On Time,2023,December,11
1731312620,2023-05-08 20:32:00,49795571,589812,Household Care,1,163.03,Wallet,On Time,2023,May,8
6475582506,2023-09-23 04:50:27,82529927,140489,Personal Care,2,1300.4,Wallet,On Time,2023,September,23
1868581378,2024-03-29 18:27:14,93198324,552883,Fruits & Vegetables,3,2664.48,Card,On Time,2024,March,29
8884235937,2024-08-09 11:51:55,20298398,859361,Personal Care,2,864.78,UPI,Slightly Delayed,2024,August,9
4590662628,2024-01-10 11:48:31,87200291,131937,Instant & Frozen Food,2,575.62,Cash,Slightly Delayed,2024,January,10
992302540,2023-11-26 21:32:11,32203588,993331,Grocery & Staples,2,204.88,Wallet,On Time,2023,November,26
7169974633,2024-10-16 16:03:22,59110513,153019,Fruits & Vegetables,2,1895.9,UPI,On Time,2024,October,16
6703651257,2024-01-17 01:26:31,93198324,954722,Instant & Frozen Food,1,616.45,Card,On Time,2024,January,17
7180810221,2023-09-10 16:44:46,20940403,659290,Dairy & Breakfast,3,958.02,Cash,Slightly Delayed,2023,September,10
7875587578,2024-07-15 08:47:10,60967677,832348,Snacks & Munchies,1,831.43,Card,Slightly Delayed,2024,July,15
2578671497,2024-01-25 00:04:47,76218218,118820,Cold Drinks & Juices,2,24.64,Card,On Time,2024,January,25
6284350691,2024-06-20 01:00:52,57207678,112390,Personal Care,2,1755.96,Wallet,On Time,2024,June,20
5383261788,2023-10-18 21:18:10,34588087,557908,Pharmacy,2,1884.74,Wallet,On Time,2023,October,18
6590867973,2023-11-20 08:37:18,56441247,712307,Cold Drinks & Juices,2,529.78,UPI,On Time,2023,November,20
8787105023,2024-05-07 22:54:29,81822935,398340,Instant & Frozen Food,1,651.93,Wallet,On Time,2024,May,7
1402916311,2024-04-23 12:52:28,14275043,516376,Fruits & Vegetables,2,1754.86,Card,On Time,2024,April,23
9715205272,2024-10-21 21:55:22,52409516,440875,Baby Care,2,550.06,UPI,On Time,2024,October,21
3946852375,2024-07-04 12:26:55,96253172,894539,Household Care,3,1336.44,Cash,On Time,2024,July,4
3367039425,2024-03-10 03:46:29,86050297,385113,Personal Care,1,816.38,UPI,On Time,2024,March,10
687711388,2024-02-02 10:13:42,52757321,542300,Snacks & Munchies,3,766.05,Card,Slightly Delayed,2024,February,2
647012431,2024-06-16 13:11:54,34281470,18035,Household Care,2,1937.88,Card,Significantly Delayed,2024,June,16
7143278295,2024-02-13 15:28:08,50557979,647462,Personal Care,1,326.42,UPI,On Time,2024,February,13
9736844695,2024-04-09 20:00:46,31978160,564692,Pet Care,1,215.65,Cash,On Time,2024,April,9
5933289680,2023-12-07 04:30:24,5751638,747801,Household Care,2,555.52,Wallet,Significantly Delayed,2023,December,7
9494303116,2024-07-21 10:44:40,98858383,336847,Household Care,3,2810.94,Card,On Time,2024,July,21
9337878102,2023-05-16 03:51:12,9987182,654623,Snacks & Munchies,3,1266.42,Wallet,On Time,2023,May,16
6872621077,2023-09-14 18:19:29,77128325,228286,Cold Drinks & Juices,2,358.16,Wallet,On Time,2023,September,14
7330237253,2023-12-07 12:22:17,28428852,677169,Pharmacy,1,261.03,UPI,On Time,2023,December,7
7942616242,2023-09-30 08:07:45,33685414,970529,Baby Care,3,2482.32,Wallet,Significantly Delayed,2023,September,30
238520071,2024-02-20 05:25:38,77320193,537274,Pet Care,2,1405.42,Cash,On Time,2024,February,20
5812379362,2023-08-05 10:51:03,46504355,833557,Dairy & Breakfast,1,422.87,Wallet,On Time,2023,August,5
2616623847,2024-01-19 19:08:25,49915498,853932,Baby Care,3,2823.57,Cash,Slightly Delayed,2024,January,19
2040854480,2023-12-10 00:09:16,40392019,684939,Personal Care,1,727.95,Wallet,Significantly Delayed,2023,December,10
5456484560,2024-09-26 01:56:49,62600289,324809,Dairy & Breakfast,1,608.0,UPI,Significantly Delayed,2024,September,26
883309006,2024-04-09 08:12:20,71229024,131748,Pet Care,1,81.35,Cash,Slightly Delayed,2024,April,9
6528341992,2024-01-29 03:28:43,64497538,336847,Household Care,2,1873.96,Wallet,Slightly Delayed,2024,January,29
3263203775,2024-09-28 15:27:48,44888581,563740,Snacks & Munchies,1,96.33,UPI,On Time,2024,September,28
3660010934,2024-01-31 15:31:03,83577942,613942,Pet Care,3,1635.0,Wallet,On Time,2024,January,31
7944885043,2024-05-26 08:18:38,1683786,760828,Pet Care,1,563.45,Card,On Time,2024,May,26
2506369831,2023-06-16 13:05:30,1529180,144124,Household Care,2,325.34,UPI,Slightly Delayed,2023,June,16
697061213,2023-03-25 09:41:55,91196901,398340,Instant & Frozen Food,2,1303.86,Card,On Time,2023,March,25
7079057004,2023-09-30 08:52:45,1507408,714999,Dairy & Breakfast,2,1765.02,Card,Significantly Delayed,2023,September,30
1556153632,2024-05-04 08:35:19,67215939,739448,Household Care,3,2266.98,Wallet,Slightly Delayed,2024,May,4
2161235338,2024-04-12 15:00:38,38902882,704868,Household Care,3,580.38,Wallet,Slightly Delayed,2024,April,12
1247978468,2024-07-19 01:53:39,97484394,712003,Cold Drinks & Juices,1,671.68,UPI,On Time,2024,July,19
5437627061,2024-08-22 02:04:33,58505903,679865,Grocery & Staples,1,347.91,UPI,On Time,2024,August,22
9091960039,2024-02-11 09:54:55,13455530,689769,Instant & Frozen Food,1,46.62,Card,On Time,2024,February,11
619198317,2023-11-20 16:57:35,81906973,194682,Cold Drinks & Juices,1,912.29,UPI,On Time,2023,November,20
9833179291,2023-05-04 18:32:00,90372221,272170,Instant & Frozen Food,2,281.6,UPI,On Time,2023,May,4
4148760273,2024-05-22 01:40:57,93122847,51036,Baby Care,2,1863.22,UPI,On Time,2024,May,22
7206041763,2023-05-30 19:17:37,74694186,124290,Personal Care,3,118.94999999999999,Card,On Time,2023,May,30
690097648,2023-12-27 20:11:22,2684440,291238,Snacks & Munchies,2,1492.06,Cash,Slightly Delayed,2023,December,27
4197061567,2024-02-04 03:20:32,52757321,621677,Instant & Frozen Food,3,953.4000000000001,UPI,On Time,2024,February,4
2009394836,2023-10-24 22:11:10,55056284,237083,Pharmacy,3,1731.3899999999999,UPI,On Time,2023,October,24
277502363,2023-12-28 13:54:57,88203688,667163,Cold Drinks & Juices,1,441.2,Card,On Time,2023,December,28
4356959622,2024-01-16 07:41:08,38709137,91670,Household Care,2,878.48,Cash,On Time,2024,January,16
174306009,2024-08-09 00:24:44,87457446,832348,Snacks & Munchies,1,831.43,UPI,Significantly Delayed,2024,August,9
9582674091,2024-08-16 11:20:21,34237583,433521,Baby Care,2,642.66,UPI,Significantly Delayed,2024,August,16
8675579025,2024-07-06 11:59:17,44409533,317242,Grocery & Staples,1,198.15,Card,On Time,2024,July,6
5195999941,2024-07-19 18:51:00,52757321,34186,Fruits & Vegetables,3,2776.95,Card,Slightly Delayed,2024,July,19
5210007923,2024-10-01 05:12:34,97507853,492958,Personal Care,1,84.2,Cash,On Time,2024,October,1
6595771960,2023-04-05 03:22:22,45700473,949818,Snacks & Munchies,3,1449.15,Cash,On Time,2023,April,5
4247338382,2023-12-05 02:01:24,34853377,354409,Grocery & Staples,1,325.08,Cash,Significantly Delayed,2023,December,5
819143326,2024-01-10 19:18:29,88324928,891833,Dairy & Breakfast,2,986.38,Cash,On Time,2024,January,10
3830844750,2023-08-06 15:56:31,23996221,487065,Snacks & Munchies,3,1124.04,UPI,On Time,2023,August,6
1687314172,2024-03-13 18:42:43,82425179,378287,Cold Drinks & Juices,2,665.68,Cash,On Time,2024,March,13
6756007265,2023-07-27 18:19:10,80850753,820973,Baby Care,1,114.52,Wallet,On Time,2023,July,27
489762747,2024-09-27 16:36:39,19482392,349294,Fruits & Vegetables,2,1869.5,Card,Significantly Delayed,2024,September,27
7509195875,2023-11-26 19:55:46,42723554,704868,Household Care,1,193.46,Card,On Time,2023,November,26
2370917070,2023-07-25 05:54:42,5763963,500739,Dairy & Breakfast,1,359.98,Card,On Time,2023,July,25
2055388266,2023-06-23 06:31:41,119099,107548,Cold Drinks & Juices,1,891.6,UPI,Slightly Delayed,2023,June,23
8969304162,2023-10-12 14:44:50,43052303,9436,Personal Care,2,176.86,Wallet,On Time,2023,October,12
5412674107,2024-10-06 21:41:05,88111697,644847,Grocery & Staples,2,1245.62,Cash,On Time,2024,October,6
1536516619,2023-11-25 07:50:28,15631726,313754,Snacks & Munchies,3,409.79999999999995,Wallet,On Time,2023,November,25
3858907413,2023-07-27 18:31:30,89910157,51036,Baby Care,1,931.61,Cash,On Time,2023,July,27
4976389251,2023-09-05 10:02:35,79478655,4452,Baby Care,1,169.88,Card,On Time,2023,September,5
2218319201,2024-11-01 02:59:02,40587811,378287,Cold Drinks & Juices,1,332.84,Wallet,On Time,2024,November,1
6729422433,2023-07-19 13:45:45,68159723,552496,Household Care,2,1016.0,UPI,Slightly Delayed,2023,July,19
1354097448,2023-06-21 17:33:21,98687927,15314,Dairy & Breakfast,2,1157.7,Card,On Time,2023,June,21
8952275304,2024-08-31 08:12:32,81174361,757274,Pet Care,3,294.96,Cash,On Time,2024,August,31
436603801,2023-12-28 09:54:53,54619715,557908,Pharmacy,2,1884.74,Cash,On Time,2023,December,28
5273875984,2023-05-31 03:32:44,9278983,859361,Personal Care,1,432.39,Cash,Slightly Delayed,2023,May,31
9290203003,2024-04-01 12:19:55,21573815,714999,Dairy & Breakfast,1,882.51,Cash,On Time,2024,April,1
6240982373,2023-04-26 03:12:48,91243571,70969,Fruits & Vegetables,3,1895.1000000000001,Cash,On Time,2023,April,26
2718348206,2023-11-08 10:22:06,5763963,243235,Pet Care,2,218.06,UPI,On Time,2023,November,8
4903544026,2024-05-11 04:29:41,57331847,470449,Instant & Frozen Food,3,2483.31,Cash,On Time,2024,May,11
2827266949,2024-09-17 07:51:52,93675757,937542,Grocery & Staples,3,291.12,Card,Slightly Delayed,2024,September,17
4278423074,2023-12-17 04:48:47,67708491,880510,Dairy & Breakfast,2,1902.86,Cash,On Time,2023,December,17
645916247,2023-10-10 02:52:20,76857266,812607,Fruits & Vegetables,1,416.65,Cash,Significantly Delayed,2023,October,10
5816647866,2024-09-26 05:13:41,81420960,432617,Baby Care,2,1726.36,Cash,Significantly Delayed,2024,September,26
7282397914,2024-07-14 01:15:08,97825663,600767,Personal Care,1,722.42,Cash,On Time,2024,July,14
3260611473,2024-02-06 13:34:26,12832151,712307,Cold Drinks & Juices,1,264.89,Cash,Significantly Delayed,2024,February,6
8638163868,2023-06-07 03:25:59,87718744,832348,Snacks & Munchies,1,831.43,Card,On Time,2023,June,7
177850987,2023-11-07 14:08:48,51174875,237083,Pharmacy,2,1154.26,UPI,On Time,2023,November,7
9653859166,2023-03-16 19:23:51,32987624,272170,Instant & Frozen Food,1,140.8,Wallet,Slightly Delayed,2023,March,16
9991338690,2024-07-29 11:34:33,98444183,26060,Pharmacy,1,342.94,Cash,On Time,2024,July,29
1714593246,2024-10-20 09:52:38,27698051,613942,Pet Care,3,1635.0,Wallet,On Time,2024,October,20
9742461226,2024-01-01 00:24:00,34095555,478531,Fruits & Vegetables,3,2476.38,UPI,On Time,2024,January,1
3314393477,2024-10-26 13:36:56,55170753,901144,Grocery & Staples,3,1021.08,Cash,On Time,2024,October,26
4188317986,2023-03-20 01:44:55,42366724,951463,Pet Care,1,787.4,Wallet,Slightly Delayed,2023,March,20
1646665366,2024-07-26 18:45:20,51387106,654297,Fruits & Vegetables,3,39.75,Wallet,Slightly Delayed,2024,July,26
9558804585,2024-03-15 11:58:19,82700270,953175,Baby Care,2,450.42,Card,Slightly Delayed,2024,March,15
9047652469,2024-08-05 03:13:47,71902700,319388,Cold Drinks & Juices,3,1973.3999999999999,Card,On Time,2024,August,5
2893800377,2024-03-22 11:38:50,57892837,187399,Instant & Frozen Food,1,53.49,Card,On Time,2024,March,22
6139157985,2024-02-03 13:33:26,88517890,753354,Personal Care,3,1270.68,Wallet,Significantly Delayed,2024,February,3
6029394789,2023-04-30 06:03:14,7591711,803607,Personal Care,1,949.73,UPI,Slightly Delayed,2023,April,30
5874940276,2024-04-11 06:28:42,38875754,91670,Household Care,1,439.24,UPI,On Time,2024,April,11
5205211911,2024-09-27 18:32:45,57662767,561860,Cold Drinks & Juices,2,1749.56,Cash,Slightly Delayed,2024,September,27
5314758068,2024-02-03 00:17:30,48776805,552883,Fruits & Vegetables,3,2664.48,Card,Slightly Delayed,2024,February,3
484869710,2023-09-09 11:46:42,6756256,15314,Dairy & Breakfast,2,1157.7,Cash,On Time,2023,September,9
9957728938,2024-08-05 21:29:11,25915909,455755,Household Care,2,88.18,UPI,Significantly Delayed,2024,August,5
3136056666,2024-04-29 03:24:15,57770044,555121,Fruits & Vegetables,1,354.91,UPI,Slightly Delayed,2024,April,29
4926104391,2023-10-24 07:42:01,47206881,642612,Pet Care,2,1034.06,Wallet,Slightly Delayed,2023,October,24
1827844756,2023-04-07 11:32:25,16785724,681063,Cold Drinks & Juices,1,321.28,UPI,On Time,2023,April,7
7032037874,2024-06-13 19:06:38,57291761,491314,Instant & Frozen Food,3,2920.32,UPI,On Time,2024,June,13
3779230503,2023-07-11 05:19:38,46699982,82484,Baby Care,3,2744.64,Card,On Time,2023,July,11
3473012553,2024-02-16 21:32:26,89669139,951463,Pet Care,2,1574.8,Card,Significantly Delayed,2024,February,16
7988504487,2024-05-14 11:32:09,8164639,91670,Household Care,3,1317.72,Wallet,On Time,2024,May,14
7193792738,2024-06-05 15:34:59,84572019,500633,Dairy & Breakfast,3,463.5,Card,On Time,2024,June,5
1533583386,2023-08-28 20:16:24,35912599,240179,Pharmacy,1,90.56,Wallet,On Time,2023,August,28
7750989397,2024-01-07 01:01:22,79672044,300159,Cold Drinks & Juices,1,44.35,Wallet,On Time,2024,January,7
4434816229,2023-09-14 06:52:00,63292875,537274,Pet Care,1,702.71,Wallet,On Time,2023,September,14
6896732047,2024-04-18 17:58:30,62068277,187399,Instant & Frozen Food,3,160.47,Cash,On Time,2024,April,18
4740837071,2023-11-01 15:26:13,64795608,833557,Dairy & Breakfast,3,1268.6100000000001,UPI,On Time,2023,November,1
6649631729,2024-09-30 09:24:51,75640174,863930,Personal Care,3,727.71,Card,On Time,2024,September,30
5351526726,2023-03-28 18:51:51,75892474,962054,Cold Drinks & Juices,2,33.72,Cash,On Time,2023,March,28
1506082041,2023-05-04 07:48:45,11446157,880510,Dairy & Breakfast,1,951.43,Card,On Time,2023,May,4
1023260165,2024-02-16 19:06:29,10683250,470449,Instant & Frozen Food,1,827.77,Card,On Time,2024,February,16
8257032403,2024-09-18 21:17:58,17805991,859361,Personal Care,1,432.39,Wallet,On Time,2024,September,18
7216524192,2024-09-01 16:23:34,72605638,15314,Dairy & Breakfast,2,1157.7,Card,On Time,2024,September,1
8619795820,2024-09-04 09:17:19,98687927,449106,Personal Care,2,97.1,Card,Significantly Delayed,2024,September,4
6494708839,2023-06-18 16:06:43,25595836,140154,Personal Care,2,342.4,Cash,On Time,2023,June,18
9859249765,2024-05-13 13:57:42,5039883,600767,Personal Care,3,2167.2599999999998,UPI,On Time,2024,May,13
3528020011,2023-11-12 11:51:12,33675108,592784,Snacks & Munchies,2,560.7,Cash,On Time,2023,November,12
5937934264,2024-09-11 19:24:19,90346920,462526,Dairy & Breakfast,3,1349.91,Card,Slightly Delayed,2024,September,11
2976477423,2023-08-17 07:32:10,57213543,585299,Pet Care,2,1598.92,Wallet,On Time,2023,August,17
1002438039,2024-02-17 03:28:02,85198177,709916,Household Care,3,101.28,Card,On Time,2024,February,17
2571163022,2024-02-06 22:03:16,59345983,487931,Grocery & Staples,3,2127.2400000000002,Cash,Slightly Delayed,2024,February,6
6850221497,2024-07-21 22:37:39,21270783,812607,Fruits & Vegetables,3,1249.9499999999998,UPI,On Time,2024,July,21
4706569127,2023-07-27 18:37:32,68016312,15314,Dairy & Breakfast,1,578.85,Wallet,On Time,2023,July,27
8168261752,2024-04-22 06:11:39,65903057,349294,Fruits & Vegetables,2,1869.5,Card,Significantly Delayed,2024,April,22
5828325906,2023-12-04 11:40:56,40587811,15314,Dairy & Breakfast,2,1157.7,Wallet,On Time,2023,December,4
5012271549,2024-09-21 10:04:21,73061709,67197,Dairy & Breakfast,1,552.2,Cash,Significantly Delayed,2024,September,21
8110316958,2024-01-30 19:28:34,61226835,451812,Pharmacy,3,1592.5500000000002,Wallet,On Time,2024,January,30
3190808443,2024-01-10 08:50:54,77618011,140489,Personal Care,3,1950.6000000000001,Cash,On Time,2024,January,10
7175472728,2023-09-12 11:51:20,9551011,435929,Household Care,2,1713.78,UPI,On Time,2023,September,12
6011117738,2024-01-07 10:51:31,24337950,658389,Snacks & Munchies,3,457.65000000000003,Card,On Time,2024,January,7
5592928753,2024-08-23 20:45:57,46875863,992178,Pharmacy,2,1264.86,UPI,Slightly Delayed,2024,August,23
3952040848,2024-05-09 00:30:37,31156674,927651,Baby Care,2,853.44,UPI,On Time,2024,May,9
7026479520,2024-07-17 22:05:57,81994445,613942,Pet Care,1,545.0,Cash,On Time,2024,July,17
6572695161,2024-03-18 08:19:53,64197854,70969,Fruits & Vegetables,1,631.7,Wallet,On Time,2024,March,18
9090769419,2024-09-02 03:14:47,66485571,305754,Instant & Frozen Food,1,979.99,Wallet,On Time,2024,September,2
5979489110,2023-09-07 07:49:52,22161071,853932,Baby Care,1,941.19,Card,On Time,2023,September,7
964698323,2024-09-30 23:16:20,81763298,257719,Dairy & Breakfast,3,845.19,Wallet,On Time,2024,September,30
2304242664,2024-03-21 08:29:02,65815155,516376,Fruits & Vegetables,3,2632.29,Card,On Time,2024,March,21
2483843748,2023-05-24 09:19:37,26040510,812607,Fruits & Vegetables,3,1249.9499999999998,Wallet,On Time,2023,May,24
2560588609,2024-06-21 01:18:07,6291143,186168,Pet Care,1,878.8,UPI,On Time,2024,June,21
9268920928,2023-07-05 12:33:39,17805991,9436,Personal Care,2,176.86,Cash,On Time,2023,July,5
9554019312,2023-09-08 01:54:46,6247821,578097,Snacks & Munchies,1,267.61,UPI,On Time,2023,September,8
3749174258,2024-02-13 07:46:49,38902193,613942,Pet Care,3,1635.0,Wallet,Slightly Delayed,2024,February,13
3947164241,2024-11-04 20:29:15,95768401,131136,Grocery & Staples,2,75.6,UPI,On Time,2024,November,4
487327038,2023-10-05 00:26:02,67277562,673058,Pharmacy,3,2297.2799999999997,UPI,On Time,2023,October,5
8830321199,2024-08-10 06:00:16,93341057,894539,Household Care,2,890.96,Cash,Slightly Delayed,2024,August,10
3811318591,2023-07-07 12:56:03,64940409,585299,Pet Care,1,799.46,UPI,On Time,2023,July,7
6795601573,2023-12-13 02:39:49,46629917,677542,Household Care,1,212.61,Card,On Time,2023,December,13
2348495717,2023-06-27 00:54:54,86067293,709916,Household Care,3,101.28,Cash,On Time,2023,June,27
9505736584,2024-06-04 05:37:56,63571453,667163,Cold Drinks & Juices,1,441.2,Wallet,Significantly Delayed,2024,June,4
1857227304,2024-03-19 07:47:02,99301505,194682,Cold Drinks & Juices,1,912.29,Card,On Time,2024,March,19
5506485302,2023-05-19 06:41:57,66655397,491521,Snacks & Munchies,1,556.35,Cash,On Time,2023,May,19
6074837981,2024-04-20 12:49:11,61015113,373536,Pet Care,3,1482.51,Card,On Time,2024,April,20
4150569633,2023-10-29 11:22:51,2903620,820973,Baby Care,2,229.04,Card,Significantly Delayed,2023,October,29
609838437,2023-12-13 04:58:58,54619715,382511,Dairy & Breakfast,3,2107.62,Card,On Time,2023,December,13
5229657139,2023-10-03 11:53:27,18889370,487931,Grocery & Staples,1,709.08,Cash,Slightly Delayed,2023,October,3
2589639350,2023-08-01 10:46:34,64141971,500739,Dairy & Breakfast,3,1079.94,UPI,On Time,2023,August,1
7656948165,2023-06-07 10:23:28,44410149,901144,Grocery & Staples,3,1021.08,Wallet,Slightly Delayed,2023,June,7
1806563605,2023-12-24 00:23:24,25659794,183929,Dairy & Breakfast,1,738.74,Wallet,On Time,2023,December,24
359819834,2023-12-27 12:39:23,12755730,952168,Snacks & Munchies,2,473.9,UPI,Significantly Delayed,2023,December,27
1908423841,2023-10-28 04:57:00,56441247,449106,Personal Care,2,97.1,UPI,On Time,2023,October,28
299859815,2024-01-16 02:45:51,2848415,707935,Pet Care,2,1641.8,Wallet,Slightly Delayed,2024,January,16
923659418,2023-04-16 13:14:50,25081012,217710,Dairy & Breakfast,1,58.59,Wallet,On Time,2023,April,16
3560625119,2023-05-13 19:53:58,82989313,679865,Grocery & Staples,3,1043.73,Wallet,Slightly Delayed,2023,May,13
7111490680,2024-01-24 19:15:43,32500305,317242,Grocery & Staples,3,594.45,Card,Slightly Delayed,2024,January,24
5766981431,2024-01-14 04:28:49,93675757,53833,Grocery & Staples,2,269.38,UPI,On Time,2024,January,14
8609945311,2024-05-03 10:00:04,51670882,853932,Baby Care,3,2823.57,Wallet,On Time,2024,May,3
1691260635,2024-06-17 10:23:39,80796977,707935,Pet Care,1,820.9,Card,On Time,2024,June,17
8742091504,2023-07-03 23:26:52,78254569,349294,Fruits & Vegetables,3,2804.25,Card,Slightly Delayed,2023,July,3
1997833025,2023-07-28 23:24:23,72489544,123983,Pharmacy,1,785.67,UPI,On Time,2023,July,28
3588296877,2024-08-13 08:04:17,83404008,757274,Pet Care,2,196.64,Card,Significantly Delayed,2024,August,13
2404804990,2023-12-24 12:32:31,81757554,557908,Pharmacy,1,942.37,Wallet,Slightly Delayed,2023,December,24
8091385479,2024-04-09 15:13:24,16082651,14145,Fruits & Vegetables,1,630.84,UPI,On Time,2024,April,9
7133174424,2023-06-22 03:24:19,8513589,264803,Pharmacy,1,995.98,UPI,On Time,2023,June,22
6110446321,2024-10-27 01:56:26,78412820,272170,Instant & Frozen Food,1,140.8,Wallet,On Time,2024,October,27
6964586050,2024-08-04 18:38:03,4597433,378230,Snacks & Munchies,1,166.42,Cash,On Time,2024,August,4
2351986014,2023-04-21 12:54:41,85626346,589812,Household Care,2,326.06,Wallet,Slightly Delayed,2023,April,21
352569720,2023-06-23 00:25:26,65660660,757274,Pet Care,1,98.32,Wallet,On Time,2023,June,23
1235280275,2023-08-09 22:42:03,46875863,491521,Snacks & Munchies,2,1112.7,Cash,On Time,2023,August,9
9399859705,2023-10-29 01:13:16,57548210,217710,Dairy & Breakfast,1,58.59,UPI,On Time,2023,October,29
7530379037,2024-08-02 19:47:04,99729547,952168,Snacks & Munchies,3,710.8499999999999,UPI,On Time,2024,August,2
5952886441,2024-03-12 11:22:17,16420489,328457,Cold Drinks & Juices,3,2575.71,Wallet,On Time,2024,March,12
5815833211,2024-02-08 19:08:31,31940833,373536,Pet Care,2,988.34,Card,On Time,2024,February,8
7307394687,2024-05-01 10:47:18,47043878,739448,Household Care,2,1511.32,Wallet,On Time,2024,May,1
6033014029,2024-10-21 13:54:53,29525287,587645,Pharmacy,1,801.81,Cash,Slightly Delayed,2024,October,21
1409944718,2023-08-19 14:10:37,39042103,153019,Fruits & Vegetables,3,2843.8500000000004,UPI,On Time,2023,August,19
1811382200,2023-08-25 19:03:17,37915052,131748,Pet Care,3,244.04999999999998,UPI,On Time,2023,August,25
4485391413,2023-12-21 08:58:06,11478478,863930,Personal Care,3,727.71,Card,On Time,2023,December,21
4076279641,2023-07-12 17:23:25,89476734,684939,Personal Care,3,2183.8500000000004,UPI,Slightly Delayed,2023,July,12
2965387566,2023-08-16 11:38:40,47955004,615545,Personal Care,2,896.32,Wallet,On Time,2023,August,16
9397774189,2023-06-28 08:13:42,92245432,112390,Personal Care,2,1755.96,Cash,On Time,2023,June,28
1437159967,2024-06-07 01:48:08,68016312,803607,Personal Care,3,2849.19,Cash,On Time,2024,June,7
8397785448,2024-09-04 02:53:31,67952740,131136,Grocery & Staples,2,75.6,Wallet,On Time,2024,September,4
2778606949,2024-10-13 13:58:43,33675108,654623,Snacks & Munchies,2,844.28,Card,On Time,2024,October,13
1774096863,2023-06-13 05:30:19,60656482,784827,Baby Care,1,274.25,Wallet,On Time,2023,June,13
1497256618,2023-04-26 23:27:32,87220860,853932,Baby Care,1,941.19,Card,On Time,2023,April,26
734095510,2024-06-03 21:33:06,56480776,313754,Snacks & Munchies,1,136.6,Card,On Time,2024,June,3
5755859055,2024-10-30 14:19:27,79592021,473929,Fruits & Vegetables,3,1320.57,Card,Significantly Delayed,2024,October,30
5840290569,2023-09-18 03:57:40,99490786,760828,Pet Care,1,563.45,Wallet,On Time,2023,September,18
8200985533,2024-01-08 07:20:54,1855421,555121,Fruits & Vegetables,2,709.82,Card,On Time,2024,January,8
3255590064,2023-04-21 04:37:28,92642745,709916,Household Care,1,33.76,UPI,On Time,2023,April,21
4258404747,2024-10-11 02:10:11,27692428,272170,Instant & Frozen Food,1,140.8,UPI,On Time,2024,October,11
2455161115,2024-01-29 08:59:28,27620326,131748,Pet Care,2,162.7,UPI,On Time,2024,January,29
4448004569,2024-01-10 02:02:49,47215976,455083,Dairy & Breakfast,2,1918.02,Card,On Time,2024,January,10
5951090793,2024-04-20 19:08:47,27878182,615545,Personal Care,1,448.16,UPI,On Time,2024,April,20
7402491996,2024-07-14 06:46:07,92509376,672059,Personal Care,2,1345.46,Card,On Time,2024,July,14
8532411923,2024-07-16 18:56:51,57360162,77308,Fruits & Vegetables,3,669.8100000000001,Wallet,Slightly Delayed,2024,July,16
7130555385,2024-01-16 14:35:27,37309023,365133,Household Care,3,2746.3500000000004,Cash,Slightly Delayed,2024,January,16
4338197132,2024-10-11 07:09:49,66310963,107548,Cold Drinks & Juices,3,2674.8,UPI,On Time,2024,October,11
8044366071,2023-04-30 13:56:24,80833965,131937,Instant & Frozen Food,3,863.4300000000001,Card,On Time,2023,April,30
4135251774,2024-10-09 11:47:45,77961205,114414,Pharmacy,2,1664.12,Card,On Time,2024,October,9
6331483812,2024-09-06 22:45:14,97411107,291238,Snacks & Munchies,1,746.03,Wallet,Slightly Delayed,2024,September,6
6705171000,2023-09-04 20:28:35,52417972,9436,Personal Care,3,265.29,Wallet,On Time,2023,September,4
7850128898,2024-06-28 07:30:48,38478423,962054,Cold Drinks & Juices,1,16.86,Card,Significantly Delayed,2024,June,28
3602554049,2023-07-28 15:01:30,65815155,818522,Dairy & Breakfast,3,288.27,Wallet,Significantly Delayed,2023,July,28
1070259187,2023-06-09 11:06:16,22738465,949818,Snacks & Munchies,1,483.05,Wallet,On Time,2023,June,9
8412338399,2024-10-28 18:46:06,2566268,187399,Instant & Frozen Food,2,106.98,Card,Slightly Delayed,2024,October,28
1478022303,2023-12-31 15:58:50,69353754,600767,Personal Care,2,1444.84,Wallet,On Time,2023,December,31
2376108199,2024-05-13 16:07:25,81757554,564692,Pet Care,2,431.3,Card,On Time,2024,May,13
5243035202,2024-10-20 00:39:24,10541231,991434,Snacks & Munchies,3,712.86,Card,On Time,2024,October,20
3687581971,2024-10-05 13:55:42,81932548,739448,Household Care,2,1511.32,Cash,Slightly Delayed,2024,October,5
7008586055,2023-05-24 05:13:04,96109948,839170,Dairy & Breakfast,1,481.63,Wallet,Significantly Delayed,2023,May,24
5142069216,2024-02-25 15:03:22,35459748,734789,Snacks & Munchies,2,791.64,UPI,On Time,2024,February,25
4152441944,2023-04-25 10:22:51,92636025,712307,Cold Drinks & Juices,2,529.78,UPI,On Time,2023,April,25
5601670348,2024-10-29 00:23:22,32830199,491521,Snacks & Munchies,1,556.35,Cash,Slightly Delayed,2024,October,29
605105099,2023-12-30 08:15:15,5039883,542300,Snacks & Munchies,1,255.35,Cash,On Time,2023,December,30
4054936140,2024-04-19 08:01:53,28286754,461804,Grocery & Staples,1,310.69,Cash,On Time,2024,April,19
8741892156,2023-11-15 04:50:43,66886852,540618,Snacks & Munchies,2,634.1,Card,Slightly Delayed,2023,November,15
9143640828,2023-07-18 13:12:02,90298394,140489,Personal Care,2,1300.4,Card,Slightly Delayed,2023,July,18
6900876252,2024-02-21 16:57:14,87984862,367391,Baby Care,2,1879.1,Wallet,On Time,2024,February,21
9801174908,2024-04-27 11:49:38,54347213,837480,Pharmacy,1,217.4,Card,Slightly Delayed,2024,April,27
551343632,2024-02-20 19:51:10,59840071,272170,Instant & Frozen Food,3,422.40000000000003,Cash,On Time,2024,February,20
7961173808,2023-06-05 00:30:45,90184276,131937,Instant & Frozen Food,3,863.4300000000001,UPI,On Time,2023,June,5
328909145,2024-09-26 16:42:13,36146306,681063,Cold Drinks & Juices,3,963.8399999999999,Wallet,On Time,2024,September,26
5551173528,2024-11-03 06:05:51,64151769,762527,Snacks & Munchies,2,1380.16,Card,On Time,2024,November,3
4461788759,2024-04-23 20:44:08,79895967,876139,Grocery & Staples,2,831.5,Wallet,On Time,2024,April,23
7256212429,2024-03-16 22:00:36,28350645,217710,Dairy & Breakfast,3,175.77,Cash,On Time,2024,March,16
9104077642,2024-10-24 13:19:46,18199057,118820,Cold Drinks & Juices,2,24.64,Cash,On Time,2024,October,24
2914056235,2024-01-02 12:50:42,31456752,930284,Baby Care,3,568.41,Card,On Time,2024,January,2
9127632807,2023-05-30 13:09:30,81528623,681063,Cold Drinks & Juices,3,963.8399999999999,UPI,On Time,2023,May,30
6070154414,2023-06-19 19:05:34,45052594,784827,Baby Care,1,274.25,Cash,On Time,2023,June,19
2318969828,2023-03-26 20:02:49,2457734,123983,Pharmacy,1,785.67,Cash,On Time,2023,March,26
3813047994,2023-12-20 00:00:10,60275891,18035,Household Care,2,1937.88,Cash,On Time,2023,December,20
1416102774,2024-04-27 16:28:05,92245432,56589,Pharmacy,2,1035.54,UPI,Slightly Delayed,2024,April,27
8086834412,2024-03-08 19:23:33,23286884,566052,Pharmacy,2,174.6,Wallet,On Time,2024,March,8
6193826826,2023-08-05 01:14:47,85561151,478531,Fruits & Vegetables,3,2476.38,Cash,On Time,2023,August,5
8444509148,2024-02-21 22:35:12,64141971,853932,Baby Care,3,2823.57,Wallet,On Time,2024,February,21
42332130,2024-10-17 17:08:04,70363568,365133,Household Care,1,915.45,Wallet,On Time,2024,October,17
6009342120,2024-03-02 08:57:40,59620534,272170,Instant & Frozen Food,2,281.6,Wallet,Slightly Delayed,2024,March,2
4818516411,2023-10-09 12:07:11,85006599,367391,Baby Care,3,2818.6499999999996,Wallet,On Time,2023,October,9
1039229544,2024-08-10 17:00:09,93730857,243235,Pet Care,3,327.09000000000003,Cash,On Time,2024,August,10
1515943657,2023-09-07 18:30:15,59436131,760684,Grocery & Staples,3,214.79999999999998,UPI,On Time,2023,September,7
9183547951,2024-01-20 19:50:24,19259955,461804,Grocery & Staples,2,621.38,UPI,On Time,2024,January,20
8478376092,2023-04-17 02:06:57,91500615,952168,Snacks & Munchies,1,236.95,Wallet,On Time,2023,April,17
1454073903,2023-09-16 08:57:33,89874335,34186,Fruits & Vegetables,3,2776.95,Card,Slightly Delayed,2023,September,16
2855402284,2023-07-30 00:48:32,33370343,451812,Pharmacy,2,1061.7,Wallet,On Time,2023,July,30
7245730533,2024-05-26 07:53:37,51670882,647462,Personal Care,2,652.84,UPI,Slightly Delayed,2024,May,26
2272892659,2023-07-26 10:49:54,24308515,51036,Baby Care,3,2794.83,Wallet,Slightly Delayed,2023,July,26
9087377568,2024-02-21 02:16:52,54038173,432617,Baby Care,1,863.18,UPI,On Time,2024,February,21
8443685057,2023-07-02 01:45:40,19400174,525531,Pet Care,1,831.1,Card,On Time,2023,July,2
1590988730,2023-12-21 22:30:21,42208242,764014,Grocery & Staples,3,1836.12,Cash,On Time,2023,December,21
7357811417,2024-09-29 09:42:08,26364643,692985,Grocery & Staples,2,394.78,UPI,On Time,2024,September,29
394951937,2024-04-24 18:01:02,65406127,63769,Personal Care,1,878.07,Cash,On Time,2024,April,24
3967445448,2023-11-02 14:51:51,20148223,832348,Snacks & Munchies,3,2494.29,Card,On Time,2023,November,2
6101022928,2024-10-02 18:07:29,10088428,256783,Pet Care,3,2719.62,Card,On Time,2024,October,2
6322372546,2024-02-19 09:59:21,43052303,613942,Pet Care,3,1635.0,Wallet,Significantly Delayed,2024,February,19
9778782281,2023-04-14 21:43:40,63025744,818990,Fruits & Vegetables,3,490.65000000000003,Card,Slightly Delayed,2023,April,14
3867563962,2023-12-24 17:29:37,14940427,647462,Personal Care,1,326.42,Wallet,On Time,2023,December,24
9277710098,2023-04-02 16:32:17,38969732,542300,Snacks & Munchies,2,510.7,Cash,Slightly Delayed,2023,April,2
7669322773,2023-08-29 13:05:04,6081270,77308,Fruits & Vegetables,2,446.54,Card,On Time,2023,August,29
3917427529,2024-10-12 11:58:44,68159723,771228,Pet Care,2,166.36,Cash,Slightly Delayed,2024,October,12
1934158144,2024-04-02 17:08:27,65134271,120532,Grocery & Staples,1,697.53,Card,On Time,2024,April,2
3157338466,2023-08-24 15:58:23,243838,847349,Fruits & Vegetables,2,1562.16,UPI,On Time,2023,August,24
9640662474,2024-04-09 14:08:50,74761384,760684,Grocery & Staples,3,214.79999999999998,Cash,Slightly Delayed,2024,April,9
2356272189,2024-04-09 02:07:11,42432226,604184,Household Care,3,1192.65,Card,On Time,2024,April,9
1380510406,2024-07-27 20:15:20,54338574,602241,Snacks & Munchies,1,976.55,Wallet,On Time,2024,July,27
8008377895,2023-06-26 13:17:29,23794330,349294,Fruits & Vegetables,2,1869.5,Card,Significantly Delayed,2023,June,26
3680678403,2023-03-31 00:13:37,57537308,313754,Snacks & Munchies,3,409.79999999999995,UPI,On Time,2023,March,31
2847236502,2024-07-16 10:47:30,6812439,871592,Fruits & Vegetables,1,870.29,Wallet,On Time,2024,July,16
5212392063,2024-06-17 02:44:31,75510747,532965,Instant & Frozen Food,1,307.23,Card,On Time,2024,June,17
3804024939,2024-01-27 21:13:51,91566278,57405,Baby Care,2,1215.34,Card,On Time,2024,January,27
5395870775,2024-08-01 19:15:33,18394558,432617,Baby Care,3,2589.54,Card,On Time,2024,August,1
511736499,2024-10-24 21:20:11,38615653,4452,Baby Care,1,169.88,Card,On Time,2024,October,24
2895886759,2023-09-07 22:24:10,69863493,949818,Snacks & Munchies,1,483.05,Card,Slightly Delayed,2023,September,7
6638513435,2024-08-04 13:03:07,32809328,306177,Instant & Frozen Food,3,2307.7200000000003,Cash,On Time,2024,August,4
4168083780,2024-06-09 04:29:32,13581527,187399,Instant & Frozen Food,1,53.49,Wallet,On Time,2024,June,9
2501516144,2024-10-01 09:14:18,88252625,652118,Instant & Frozen Food,3,66.12,Cash,On Time,2024,October,1
7141387557,2023-08-18 21:12:53,98246574,349294,Fruits & Vegetables,3,2804.25,Wallet,On Time,2023,August,18
2747350024,2024-08-16 13:12:40,75860724,186168,Pet Care,3,2636.3999999999996,UPI,On Time,2024,August,16
9503407492,2023-08-25 22:40:34,29272253,764014,Grocery & Staples,2,1224.08,Wallet,Significantly Delayed,2023,August,25
4845607487,2023-03-17 18:51:57,78053306,513199,Cold Drinks & Juices,1,422.23,Cash,On Time,2023,March,17
2051769691,2023-09-06 16:24:21,30447453,890232,Cold Drinks & Juices,1,432.0,UPI,On Time,2023,September,6
1092990139,2024-10-01 01:17:29,85476508,820973,Baby Care,2,229.04,Card,On Time,2024,October,1
5527612319,2024-09-11 23:57:55,14632090,690565,Snacks & Munchies,3,2853.81,Wallet,On Time,2024,September,11
8852367079,2024-04-07 05:11:02,22694456,714999,Dairy & Breakfast,3,2647.5299999999997,Wallet,On Time,2024,April,7
1666202264,2023-05-07 10:21:06,85474732,337168,Dairy & Breakfast,2,1090.98,Cash,Slightly Delayed,2023,May,7
8606484804,2024-06-18 15:23:30,41155125,654297,Fruits & Vegetables,1,13.25,UPI,Slightly Delayed,2024,June,18
8905341102,2024-02-08 04:09:21,80862136,937542,Grocery & Staples,2,194.08,Cash,On Time,2024,February,8
5418735913,2024-07-11 11:40:20,10210309,606256,Instant & Frozen Food,1,369.28,Cash,On Time,2024,July,11
970377475,2024-09-03 22:45:37,48167795,734789,Snacks & Munchies,2,791.64,Card,On Time,2024,September,3
7320527109,2024-01-18 12:45:56,83298567,291238,Snacks & Munchies,2,1492.06,UPI,On Time,2024,January,18
5120698,2023-06-09 12:10:20,44174426,187399,Instant & Frozen Food,1,53.49,Wallet,Slightly Delayed,2023,June,9
3812396179,2023-07-22 08:32:43,24496983,114414,Pharmacy,3,2496.18,Card,On Time,2023,July,22
8178951021,2024-03-24 18:55:35,46208150,18035,Household Care,3,2906.82,UPI,Significantly Delayed,2024,March,24
2479115586,2024-03-14 18:40:17,55056284,532965,Instant & Frozen Food,2,614.46,Wallet,On Time,2024,March,14
6239453389,2023-10-08 01:15:57,26285589,880510,Dairy & Breakfast,2,1902.86,Wallet,On Time,2023,October,8
3136508414,2024-07-22 15:22:23,13585482,435929,Household Care,3,2570.67,Cash,On Time,2024,July,22
5521273487,2024-05-18 15:03:26,6992801,18035,Household Care,2,1937.88,Cash,Significantly Delayed,2024,May,18
5445047872,2023-10-17 05:34:18,37802267,723678,Pet Care,3,2026.38,Card,On Time,2023,October,17
3678525130,2023-03-20 18:18:25,36428139,451812,Pharmacy,1,530.85,UPI,On Time,2023,March,20
9328056960,2024-08-14 06:21:10,81229704,237083,Pharmacy,2,1154.26,Cash,Slightly Delayed,2024,August,14
2109203997,2024-05-04 18:20:04,40277444,131937,Instant & Frozen Food,1,287.81,Cash,Slightly Delayed,2024,May,4
556665455,2024-02-08 01:04:11,32500305,876139,Grocery & Staples,3,1247.25,Card,Significantly Delayed,2024,February,8
6573705785,2023-11-23 12:34:22,24000329,567671,Snacks & Munchies,2,836.96,Wallet,On Time,2023,November,23
2609502403,2024-10-31 18:23:21,2058037,131136,Grocery & Staples,1,37.8,Wallet,On Time,2024,October,31
1463293930,2024-06-06 14:26:05,85354059,689769,Instant & Frozen Food,1,46.62,UPI,On Time,2024,June,6
8132887999,2024-02-25 16:07:58,84456355,433521,Baby Care,2,642.66,Wallet,Slightly Delayed,2024,February,25
7178789018,2023-09-12 08:53:53,46208150,112390,Personal Care,1,877.98,Wallet,On Time,2023,September,12
2295700159,2024-03-11 12:32:17,83023956,760828,Pet Care,3,1690.3500000000001,Card,Slightly Delayed,2024,March,11
9277089038,2023-04-15 20:02:46,35988028,837480,Pharmacy,2,434.8,Wallet,Slightly Delayed,2023,April,15
145057465,2024-11-02 08:51:51,54923640,26060,Pharmacy,3,1028.82,Cash,On Time,2024,November,2
9452353274,2024-10-10 19:27:15,97770901,34186,Fruits & Vegetables,1,925.65,Cash,On Time,2024,October,10
5434328922,2024-02-08 07:35:10,67340606,837480,Pharmacy,2,434.8,Card,On Time,2024,February,8
3327051807,2023-10-02 16:46:07,99707100,516376,Fruits & Vegetables,3,2632.29,Card,On Time,2023,October,2
1461604569,2024-04-26 02:03:57,25713335,812607,Fruits & Vegetables,1,416.65,UPI,On Time,2024,April,26
606518084,2023-10-28 16:01:12,78725001,60619,Cold Drinks & Juices,1,726.41,Cash,On Time,2023,October,28
7637625389,2023-10-15 20:26:10,13122744,585299,Pet Care,1,799.46,Card,On Time,2023,October,15
7311621328,2024-04-07 02:34:51,30891209,317242,Grocery & Staples,3,594.45,Wallet,Significantly Delayed,2024,April,7
8790217194,2024-03-25 01:29:32,38244021,589812,Household Care,2,326.06,Wallet,Slightly Delayed,2024,March,25
1772445313,2023-07-21 00:30:42,13071673,557908,Pharmacy,3,2827.11,Card,On Time,2023,July,21
159394992,2024-08-06 06:44:30,35358395,473929,Fruits & Vegetables,1,440.19,Card,On Time,2024,August,6
7992910755,2023-07-12 09:11:08,76218218,243235,Pet Care,1,109.03,Wallet,Significantly Delayed,2023,July,12
1786931285,2023-06-29 04:47:55,1719710,679321,Cold Drinks & Juices,1,738.46,Wallet,On Time,2023,June,29
2225520858,2023-11-22 13:01:16,95372766,448752,Household Care,3,480.21,Cash,On Time,2023,November,22
5635738740,2023-09-28 14:29:27,33034249,319388,Cold Drinks & Juices,2,1315.6,UPI,On Time,2023,September,28
2230824358,2023-05-24 15:21:07,41878908,679284,Pharmacy,1,877.89,Cash,Slightly Delayed,2023,May,24
9217211301,2023-06-15 10:25:23,52085702,681063,Cold Drinks & Juices,2,642.56,Cash,On Time,2023,June,15
4501870609,2024-07-10 08:10:58,16082651,839170,Dairy & Breakfast,2,963.26,Cash,On Time,2024,July,10
838401679,2023-07-23 07:24:40,89699655,832348,Snacks & Munchies,3,2494.29,Wallet,Slightly Delayed,2023,July,23
9587315528,2024-08-07 00:05:21,66440188,623234,Instant & Frozen Food,3,989.3700000000001,Wallet,On Time,2024,August,7
3122936945,2023-05-06 23:07:29,95001589,880510,Dairy & Breakfast,1,951.43,Cash,On Time,2023,May,6
6093390755,2023-11-24 13:24:41,32054313,337168,Dairy & Breakfast,1,545.49,Card,On Time,2023,November,24
2032956677,2024-05-02 21:28:42,66932104,993331,Grocery & Staples,1,102.44,Wallet,Slightly Delayed,2024,May,2
1488430001,2024-08-04 15:09:28,67092149,807452,Grocery & Staples,3,432.57,Card,Slightly Delayed,2024,August,4
615391848,2024-09-12 21:42:22,65570302,284460,Fruits & Vegetables,1,505.95,Cash,On Time,2024,September,12
8686093533,2024-02-06 05:53:02,30823988,492958,Personal Care,2,168.4,Cash,On Time,2024,February,6
7038758506,2023-05-08 06:18:49,68714053,51036,Baby Care,2,1863.22,Wallet,On Time,2023,May,8
2385966456,2023-08-22 07:49:07,12184293,451933,Grocery & Staples,3,1706.8200000000002,UPI,Slightly Delayed,2023,August,22
259622674,2023-05-05 00:35:33,61002154,154179,Pharmacy,2,1165.74,Card,On Time,2023,May,5
2580381935,2024-05-05 09:52:12,4394659,137909,Pharmacy,2,1728.6,Cash,On Time,2024,May,5
5035471587,2024-01-05 02:05:57,18140588,927651,Baby Care,2,853.44,Card,On Time,2024,January,5
9421270813,2024-04-22 06:03:15,26844216,154179,Pharmacy,1,582.87,Wallet,On Time,2024,April,22
1831516625,2024-03-29 20:09:02,46629917,264803,Pharmacy,3,2987.94,Card,Slightly Delayed,2024,March,29
1918841793,2024-06-17 21:03:29,95334407,256051,Personal Care,1,400.92,Wallet,On Time,2024,June,17
1757159071,2024-03-13 09:54:17,59094034,589812,Household Care,2,326.06,Cash,Slightly Delayed,2024,March,13
7589464630,2024-07-12 13:13:16,91196901,961614,Snacks & Munchies,1,227.22,UPI,Slightly Delayed,2024,July,12
1577085460,2023-09-22 09:53:14,74682740,723678,Pet Care,3,2026.38,Wallet,On Time,2023,September,22
2279018877,2024-06-10 14:24:22,40305293,993331,Grocery & Staples,2,204.88,Wallet,Slightly Delayed,2024,June,10
7431412128,2023-05-29 04:05:50,96989204,136533,Dairy & Breakfast,2,1652.42,UPI,On Time,2023,May,29
8781520615,2024-04-14 08:14:14,85519349,689769,Instant & Frozen Food,2,93.24,Wallet,On Time,2024,April,14
1276192882,2024-01-08 07:33:48,97678578,853932,Baby Care,1,941.19,UPI,On Time,2024,January,8
4065794921,2024-03-21 11:14:24,85518832,120385,Pet Care,3,1793.73,Cash,Significantly Delayed,2024,March,21
1690800946,2023-03-29 14:40:35,79764458,589812,Household Care,1,163.03,UPI,On Time,2023,March,29
877883470,2023-06-07 13:30:04,1200365,4452,Baby Care,2,339.76,UPI,Slightly Delayed,2023,June,7
7322044533,2023-10-13 23:38:34,48730063,382511,Dairy & Breakfast,3,2107.62,Wallet,Slightly Delayed,2023,October,13
5243163885,2023-05-19 13:35:25,19275474,833557,Dairy & Breakfast,1,422.87,Wallet,On Time,2023,May,19
4360255357,2023-05-14 07:57:31,15529446,91670,Household Care,3,1317.72,Cash,Slightly Delayed,2023,May,14
9623306038,2023-11-10 05:31:21,51669263,365133,Household Care,2,1830.9,Wallet,On Time,2023,November,10
6282385286,2023-10-28 06:44:45,6150721,807452,Grocery & Staples,2,288.38,Cash,On Time,2023,October,28
1001900652,2024-09-08 20:08:07,30367559,217710,Dairy & Breakfast,2,117.18,Card,Slightly Delayed,2024,September,8
5161988291,2024-07-01 00:54:01,65618148,82484,Baby Care,2,1829.76,UPI,On Time,2024,July,1
3597752998,2024-04-03 13:29:54,37759707,376447,Dairy & Breakfast,1,724.84,Card,On Time,2024,April,3
9074325310,2024-04-23 16:11:59,35435896,11422,Fruits & Vegetables,2,254.32,Cash,On Time,2024,April,23
8875965392,2024-01-22 19:05:23,41395224,361361,Snacks & Munchies,3,2478.63,Cash,On Time,2024,January,22
971081962,2024-08-29 01:39:23,73428596,673058,Pharmacy,3,2297.2799999999997,UPI,On Time,2024,August,29
1948332638,2024-06-08 17:07:02,62323608,18035,Household Care,2,1937.88,Card,On Time,2024,June,8
1785558780,2024-06-28 16:56:00,18986315,689769,Instant & Frozen Food,1,46.62,Wallet,On Time,2024,June,28
7590462053,2024-06-26 16:29:40,18326028,228286,Cold Drinks & Juices,3,537.24,Wallet,On Time,2024,June,26
2135743860,2024-03-22 08:24:49,73392739,647462,Personal Care,1,326.42,UPI,On Time,2024,March,22
9851365751,2023-10-03 16:06:50,12832151,222892,Fruits & Vegetables,3,2607.66,Cash,On Time,2023,October,3
9243090480,2023-03-21 19:45:16,13760839,385113,Personal Care,3,2449.14,UPI,Significantly Delayed,2023,March,21
7168596454,2023-03-22 02:45:18,35690581,563740,Snacks & Munchies,2,192.66,UPI,Slightly Delayed,2023,March,22
2483565595,2023-03-24 06:16:52,21701991,52729,Pet Care,1,316.02,Cash,On Time,2023,March,24
2484470052,2024-01-09 19:29:32,84848018,721521,Grocery & Staples,2,834.78,Cash,On Time,2024,January,9
7702588270,2024-04-26 20:38:36,55094848,305754,Instant & Frozen Food,2,1959.98,Card,On Time,2024,April,26
5992338333,2023-04-03 23:28:44,9738801,63769,Personal Care,2,1756.14,Cash,On Time,2023,April,3
9196796718,2023-07-06 21:46:44,68941950,965755,Fruits & Vegetables,1,532.57,Wallet,On Time,2023,July,6
3291765954,2023-08-30 07:00:43,57523973,171602,Cold Drinks & Juices,2,1766.88,UPI,On Time,2023,August,30
652616858,2023-05-22 11:53:45,10663246,589812,Household Care,3,489.09000000000003,Card,Slightly Delayed,2023,May,22
2613508245,2023-12-28 16:43:38,45028365,123983,Pharmacy,3,2357.0099999999998,UPI,On Time,2023,December,28
8169361928,2024-01-10 15:19:09,8241122,818990,Fruits & Vegetables,2,327.1,Cash,On Time,2024,January,10
9395982132,2023-07-05 12:19:11,58170168,891833,Dairy & Breakfast,2,986.38,Card,On Time,2023,July,5
1914701538,2023-07-09 14:00:48,64722323,962591,Cold Drinks & Juices,1,130.01,UPI,On Time,2023,July,9
6236279358,2024-05-26 05:24:47,97141762,77308,Fruits & Vegetables,1,223.27,Card,Significantly Delayed,2024,May,26
2288561509,2023-12-04 19:19:13,11047835,968887,Household Care,3,122.10000000000001,Cash,Slightly Delayed,2023,December,4
2010415757,2024-06-20 08:47:21,43295656,820973,Baby Care,3,343.56,UPI,On Time,2024,June,20
7164827734,2023-03-16 08:10:44,9195970,9436,Personal Care,2,176.86,UPI,On Time,2023,March,16
7971819985,2024-04-15 02:48:52,48511124,764014,Grocery & Staples,3,1836.12,Wallet,On Time,2024,April,15
8234021674,2024-01-29 10:54:13,41073776,123983,Pharmacy,3,2357.0099999999998,Cash,On Time,2024,January,29
4274404843,2024-09-30 01:43:49,48418662,803607,Personal Care,1,949.73,Card,On Time,2024,September,30
7353519273,2023-09-22 12:58:20,80761521,927651,Baby Care,1,426.72,Cash,On Time,2023,September,22
8539612501,2024-09-20 13:30:47,22846435,707935,Pet Care,1,820.9,Wallet,Slightly Delayed,2024,September,20
5894327065,2024-03-15 13:35:58,35133191,953175,Baby Care,3,675.63,Card,Slightly Delayed,2024,March,15
77053363,2023-05-04 19:19:43,74172010,883013,Dairy & Breakfast,3,2969.64,UPI,On Time,2023,May,4
4467084478,2024-03-03 12:48:19,30447453,833557,Dairy & Breakfast,2,845.74,Card,Slightly Delayed,2024,March,3
3514036230,2023-07-11 03:03:24,84937877,107548,Cold Drinks & Juices,2,1783.2,Cash,On Time,2023,July,11
4720421794,2024-01-16 06:50:16,72089140,532965,Instant & Frozen Food,2,614.46,Wallet,Slightly Delayed,2024,January,16
3202903413,2023-08-04 18:34:57,12507907,140489,Personal Care,3,1950.6000000000001,Cash,On Time,2023,August,4
6938082428,2024-03-08 20:39:16,19741509,764014,Grocery & Staples,2,1224.08,Cash,Slightly Delayed,2024,March,8
9202941711,2024-03-24 14:45:54,59240916,144124,Household Care,2,325.34,Wallet,On Time,2024,March,24
8963522960,2023-11-02 02:43:47,11143197,264803,Pharmacy,2,1991.96,Cash,On Time,2023,November,2
9266835891,2024-06-13 02:17:05,14207332,243235,Pet Care,2,218.06,Wallet,On Time,2024,June,13
5265722064,2023-07-16 02:33:21,52032226,672059,Personal Care,3,2018.19,Cash,On Time,2023,July,16
5514326011,2024-02-04 16:12:37,95364457,677542,Household Care,1,212.61,Wallet,On Time,2024,February,4
9578652103,2024-03-13 05:17:39,34839913,15314,Dairy & Breakfast,1,578.85,UPI,On Time,2024,March,13
3559061334,2023-06-09 13:18:53,79991320,706112,Pharmacy,3,1436.3700000000001,UPI,Slightly Delayed,2023,June,9
637944734,2023-04-01 09:22:52,60698094,4452,Baby Care,3,509.64,Card,On Time,2023,April,1
7454643275,2024-07-14 08:42:33,18229949,365132,Instant & Frozen Food,3,688.14,Cash,On Time,2024,July,14
4319342350,2024-08-27 20:15:26,99160348,951463,Pet Care,2,1574.8,Card,Significantly Delayed,2024,August,27
7568450733,2023-04-09 08:22:53,59518795,871592,Fruits & Vegetables,2,1740.58,Wallet,On Time,2023,April,9
734744305,2024-06-08 11:59:34,60698094,77308,Fruits & Vegetables,3,669.8100000000001,Wallet,On Time,2024,June,8
5233331050,2023-05-01 16:36:35,85561151,171602,Cold Drinks & Juices,3,2650.32,UPI,On Time,2023,May,1
8326867788,2023-09-20 01:05:39,17939362,798639,Dairy & Breakfast,3,633.75,Card,On Time,2023,September,20
8368819094,2024-08-15 02:54:26,42432226,968887,Household Care,3,122.10000000000001,Wallet,On Time,2024,August,15
8700151605,2023-08-04 09:15:27,19275474,820541,Household Care,2,1152.44,Wallet,Significantly Delayed,2023,August,4
6269179048,2023-11-11 15:50:53,469006,700048,Household Care,3,423.84000000000003,Wallet,On Time,2023,November,11
1265254177,2023-09-24 14:15:04,46378942,435929,Household Care,1,856.89,Card,On Time,2023,September,24
9858963919,2023-07-02 06:49:46,40858753,140489,Personal Care,3,1950.6000000000001,Wallet,Significantly Delayed,2023,July,2
7279564594,2024-01-19 09:50:36,91566278,336847,Household Care,2,1873.96,Card,On Time,2024,January,19
6983253839,2024-04-03 20:29:42,62629494,913428,Pet Care,3,1176.66,Wallet,On Time,2024,April,3
9479808024,2023-10-16 05:38:38,62679120,712307,Cold Drinks & Juices,2,529.78,Card,On Time,2023,October,16
3583522679,2023-09-06 11:49:56,6668498,712003,Cold Drinks & Juices,1,671.68,Wallet,On Time,2023,September,6
1923226423,2024-07-28 07:37:08,39042103,365133,Household Care,2,1830.9,Card,On Time,2024,July,28
664198080,2023-08-12 06:32:49,89036169,615545,Personal Care,1,448.16,Cash,On Time,2023,August,12
4224700084,2024-08-28 23:22:09,11478478,305754,Instant & Frozen Food,1,979.99,Wallet,On Time,2024,August,28
969621016,2024-01-23 19:23:23,13465850,540618,Snacks & Munchies,3,951.1500000000001,Wallet,On Time,2024,January,23
8178275820,2024-04-05 09:50:05,55060796,136533,Dairy & Breakfast,2,1652.42,Cash,Slightly Delayed,2024,April,5
4949766982,2024-09-11 00:18:18,99734256,490602,Grocery & Staples,2,1098.94,Cash,On Time,2024,September,11
5258344385,2023-10-14 17:48:54,12867472,712307,Cold Drinks & Juices,3,794.67,Wallet,On Time,2023,October,14
8101930640,2023-06-12 05:44:25,92306841,833557,Dairy & Breakfast,1,422.87,Wallet,On Time,2023,June,12
6703316563,2024-01-25 17:54:37,89669139,365132,Instant & Frozen Food,1,229.38,Wallet,Slightly Delayed,2024,January,25
7680297690,2024-02-12 06:56:34,1705969,970529,Baby Care,2,1654.88,Wallet,On Time,2024,February,12
7256340388,2023-10-08 07:25:22,30042971,673058,Pharmacy,3,2297.2799999999997,Wallet,Significantly Delayed,2023,October,8
2538269668,2023-06-23 08:12:16,48778633,557908,Pharmacy,1,942.37,Cash,On Time,2023,June,23
7506762237,2023-06-10 01:44:16,98225598,700048,Household Care,1,141.28,Card,Significantly Delayed,2023,June,10
6585436114,2024-03-13 21:43:46,65895091,652118,Instant & Frozen Food,1,22.04,Wallet,Slightly Delayed,2024,March,13
9852996866,2024-06-26 12:36:19,19145354,107548,Cold Drinks & Juices,2,1783.2,Wallet,On Time,2024,June,26
1991135167,2023-12-19 20:18:46,46699982,901144,Grocery & Staples,3,1021.08,Wallet,On Time,2023,December,19
7765110772,2024-06-01 21:54:06,33871107,563740,Snacks & Munchies,2,192.66,UPI,On Time,2024,June,1
3520718052,2023-07-07 23:42:08,6856445,51036,Baby Care,3,2794.83,Cash,On Time,2023,July,7
5388573375,2024-03-07 12:50:53,77128325,652118,Instant & Frozen Food,3,66.12,Cash,On Time,2024,March,7
8977771682,2023-04-29 18:14:35,30979436,63769,Personal Care,2,1756.14,Card,On Time,2023,April,29
3596900942,2023-11-03 09:38:26,63349378,537274,Pet Care,2,1405.42,Wallet,Slightly Delayed,2023,November,3
155295996,2024-06-29 02:58:57,24517523,365133,Household Care,3,2746.3500000000004,Cash,On Time,2024,June,29
1945536198,2023-05-03 14:54:29,44557943,34200,Personal Care,3,959.4000000000001,Cash,On Time,2023,May,3
2550246555,2023-04-06 14:27:46,38671747,89084,Dairy & Breakfast,3,1796.4900000000002,UPI,Slightly Delayed,2023,April,6
4287631655,2023-11-15 04:16:13,6867315,969851,Instant & Frozen Food,2,681.32,Wallet,Significantly Delayed,2023,November,15
2033683703,2024-01-24 17:33:29,42989999,954722,Instant & Frozen Food,3,1849.3500000000001,UPI,Significantly Delayed,2024,January,24
9453583714,2023-09-01 04:15:52,82854537,623234,Instant & Frozen Food,3,989.3700000000001,UPI,On Time,2023,September,1
852886125,2023-07-14 01:58:44,44562310,679284,Pharmacy,3,2633.67,UPI,On Time,2023,July,14
5705899665,2024-05-27 19:16:33,4378755,784673,Pet Care,1,491.39,Wallet,On Time,2024,May,27
5706043483,2024-07-17 18:55:41,63360864,6405,Baby Care,3,709.53,UPI,On Time,2024,July,17
5190422833,2023-03-27 11:28:42,3410758,962591,Cold Drinks & Juices,3,390.03,Cash,On Time,2023,March,27
7178188501,2024-04-18 13:28:11,3786105,712307,Cold Drinks & Juices,2,529.78,Cash,On Time,2024,April,18
2864819888,2024-04-19 19:38:25,9419030,425341,Pet Care,3,1458.84,Card,On Time,2024,April,19
7107216633,2024-06-27 05:10:48,10857389,600767,Personal Care,1,722.42,Wallet,Slightly Delayed,2024,June,27
1685382357,2023-05-04 18:35:27,6579892,329351,Dairy & Breakfast,2,621.74,Card,Significantly Delayed,2023,May,4
7562902958,2023-06-08 22:26:55,81808190,927651,Baby Care,1,426.72,UPI,On Time,2023,June,8
2819953077,2023-11-22 08:33:47,25128143,762527,Snacks & Munchies,3,2070.2400000000002,Cash,Slightly Delayed,2023,November,22
8453462258,2024-02-10 11:44:52,2875442,542300,Snacks & Munchies,3,766.05,Wallet,On Time,2024,February,10
4605056279,2024-05-04 16:33:12,23976957,473929,Fruits & Vegetables,1,440.19,Cash,On Time,2024,May,4
5998035939,2024-02-22 01:21:53,88324928,642612,Pet Care,1,517.03,Card,On Time,2024,February,22
2311501690,2024-03-26 04:58:36,27698051,144124,Household Care,2,325.34,Wallet,On Time,2024,March,26
356495722,2024-06-02 00:20:24,91312072,807452,Grocery & Staples,2,288.38,Wallet,On Time,2024,June,2
2695448838,2023-06-10 23:54:52,47274329,962591,Cold Drinks & Juices,1,130.01,UPI,Slightly Delayed,2023,June,10
6986791144,2023-09-08 14:24:07,27692428,500633,Dairy & Breakfast,1,154.5,Cash,Slightly Delayed,2023,September,8
8619571588,2024-01-17 05:28:00,31456752,820541,Household Care,3,1728.66,UPI,On Time,2024,January,17
4088553674,2023-08-25 10:14:30,52913011,606256,Instant & Frozen Food,2,738.56,Wallet,Significantly Delayed,2023,August,25
8177907004,2024-01-08 21:14:32,60757351,945635,Grocery & Staples,2,1557.8,Wallet,Significantly Delayed,2024,January,8
8533749006,2024-10-30 16:37:32,91590001,490939,Personal Care,1,80.25,Cash,Slightly Delayed,2024,October,30
8694014791,2023-08-06 05:36:59,48778633,478531,Fruits & Vegetables,1,825.46,Card,Slightly Delayed,2023,August,6
6311012195,2023-07-27 14:54:16,10857389,222892,Fruits & Vegetables,3,2607.66,UPI,On Time,2023,July,27
1312767771,2024-09-17 05:59:27,26412689,704868,Household Care,2,386.92,Wallet,On Time,2024,September,17
214919848,2024-01-06 07:43:13,47125914,328457,Cold Drinks & Juices,1,858.57,Cash,On Time,2024,January,6
5521682945,2024-07-24 07:21:55,26303194,888807,Dairy & Breakfast,3,691.74,Cash,Slightly Delayed,2024,July,24
5305770811,2024-10-31 07:17:51,92642745,264803,Pharmacy,2,1991.96,Cash,Slightly Delayed,2024,October,31
5842420654,2024-05-06 11:58:12,43307488,714999,Dairy & Breakfast,2,1765.02,Wallet,Slightly Delayed,2024,May,6
4566893863,2023-10-28 09:34:39,88739922,228286,Cold Drinks & Juices,3,537.24,Wallet,On Time,2023,October,28
1523729855,2024-09-03 04:50:19,54730270,647462,Personal Care,2,652.84,UPI,On Time,2024,September,3
2899786983,2023-10-24 12:09:46,31456752,336847,Household Care,1,936.98,UPI,On Time,2023,October,24
9202528884,2024-05-27 13:54:56,64940409,18035,Household Care,1,968.94,Cash,Significantly Delayed,2024,May,27
4338327693,2024-05-19 02:21:08,93617659,228286,Cold Drinks & Juices,2,358.16,Cash,Slightly Delayed,2024,May,19
6295686357,2024-01-10 07:54:01,76533277,942001,Pet Care,1,671.55,Cash,On Time,2024,January,10
6396194687,2024-01-20 20:37:11,61406908,89084,Dairy & Breakfast,1,598.83,Wallet,On Time,2024,January,20
5662786245,2023-04-21 00:24:45,21409946,563740,Snacks & Munchies,1,96.33,Cash,On Time,2023,April,21
4868150114,2024-01-08 03:21:32,69761993,564692,Pet Care,3,646.95,Card,Significantly Delayed,2024,January,8
502764834,2024-08-02 18:00:51,96903782,112390,Personal Care,2,1755.96,Card,On Time,2024,August,2
5056125341,2023-05-23 01:52:56,26040510,378287,Cold Drinks & Juices,3,998.52,Wallet,Slightly Delayed,2023,May,23
6388618916,2024-01-26 22:01:18,96511007,41853,Dairy & Breakfast,1,910.44,Wallet,On Time,2024,January,26
3508668494,2024-01-25 01:04:27,75836905,366066,Personal Care,2,1837.16,Card,On Time,2024,January,25
5289436093,2024-04-18 13:18:14,98211325,890623,Fruits & Vegetables,1,354.52,Wallet,Significantly Delayed,2024,April,18
7596333614,2023-03-30 05:26:58,88684966,481843,Snacks & Munchies,2,595.36,Card,On Time,2023,March,30
6284076508,2024-07-19 22:39:09,74179536,888807,Dairy & Breakfast,1,230.58,UPI,On Time,2024,July,19
340050407,2024-10-15 13:14:58,68941950,880510,Dairy & Breakfast,1,951.43,Cash,On Time,2024,October,15
5927472701,2024-01-12 16:56:03,93563435,747801,Household Care,1,277.76,Wallet,On Time,2024,January,12
9216536492,2024-10-04 03:41:44,58979427,219598,Personal Care,1,367.08,Wallet,On Time,2024,October,4
3742662928,2023-06-03 06:52:14,63971358,397973,Fruits & Vegetables,2,1457.46,Wallet,On Time,2023,June,3
4797768073,2023-07-06 03:33:08,35782051,34200,Personal Care,1,319.8,Cash,Significantly Delayed,2023,July,6
6767935470,2024-04-17 01:23:52,70372270,690565,Snacks & Munchies,1,951.27,Cash,On Time,2024,April,17
1963703928,2024-07-06 00:10:31,77007315,644847,Grocery & Staples,1,622.81,Wallet,On Time,2024,July,6
552470423,2024-02-27 02:32:38,4394659,762527,Snacks & Munchies,1,690.08,Cash,On Time,2024,February,27
739434870,2023-09-05 23:05:17,1603358,367391,Baby Care,3,2818.6499999999996,Cash,On Time,2023,September,5
7930373606,2023-08-09 22:14:42,13494314,901144,Grocery & Staples,1,340.36,Cash,On Time,2023,August,9
5374978054,2024-07-08 14:00:52,64932019,146840,Dairy & Breakfast,3,2360.55,Cash,On Time,2024,July,8
4361797433,2023-08-05 07:22:21,1603358,739534,Household Care,2,1989.12,UPI,On Time,2023,August,5
2002067527,2023-11-06 23:08:27,45166203,317242,Grocery & Staples,3,594.45,Wallet,On Time,2023,November,6
4228110436,2023-07-23 19:21:30,701493,366066,Personal Care,2,1837.16,Wallet,Significantly Delayed,2023,July,23
1251118825,2023-05-04 00:13:04,79592021,953175,Baby Care,3,675.63,Cash,Slightly Delayed,2023,May,4
7165265639,2023-08-20 19:02:24,29265216,890232,Cold Drinks & Juices,3,1296.0,Wallet,On Time,2023,August,20
1255323701,2024-03-06 11:57:35,51669263,847349,Fruits & Vegetables,1,781.08,Wallet,On Time,2024,March,6
807934194,2024-01-13 01:41:40,69925688,256783,Pet Care,1,906.54,Cash,On Time,2024,January,13
7968718292,2023-10-30 20:00:38,54730270,11422,Fruits & Vegetables,3,381.48,Card,On Time,2023,October,30
2620531979,2024-02-24 12:40:18,8651281,336847,Household Care,2,1873.96,Card,Slightly Delayed,2024,February,24
6943430459,2024-10-05 17:21:33,53636086,871592,Fruits & Vegetables,1,870.29,Wallet,On Time,2024,October,5
5607355353,2023-06-23 09:33:06,47625855,707935,Pet Care,2,1641.8,UPI,Significantly Delayed,2023,June,23
6696352636,2023-06-18 15:12:00,54730270,537274,Pet Care,3,2108.13,Wallet,Significantly Delayed,2023,June,18
9325920156,2024-10-12 10:36:00,59110513,784827,Baby Care,1,274.25,Card,Slightly Delayed,2024,October,12
2286477025,2023-06-02 22:03:32,59436131,949818,Snacks & Munchies,2,966.1,Card,On Time,2023,June,2
6704773223,2024-07-22 09:39:46,81420960,723678,Pet Care,3,2026.38,Wallet,Significantly Delayed,2024,July,22
1435353007,2024-01-19 09:04:09,48281892,336847,Household Care,1,936.98,Card,On Time,2024,January,19
8080970647,2023-11-25 17:44:31,1855421,91670,Household Care,1,439.24,Card,On Time,2023,November,25
5881633926,2023-04-21 18:43:44,32293017,6405,Baby Care,1,236.51,Card,On Time,2023,April,21
4435459085,2023-08-19 14:41:57,76830090,291238,Snacks & Munchies,1,746.03,Cash,On Time,2023,August,19
6172529406,2024-05-21 02:04:06,48409448,327290,Grocery & Staples,2,1724.56,Cash,Significantly Delayed,2024,May,21
9127879048,2024-08-27 07:17:45,75490147,890623,Fruits & Vegetables,2,709.04,Card,On Time,2024,August,27
3806545110,2024-08-17 11:54:42,1200365,760828,Pet Care,3,1690.3500000000001,Card,On Time,2024,August,17
6919395718,2024-02-16 21:33:40,91550885,461804,Grocery & Staples,1,310.69,UPI,On Time,2024,February,16
5277462976,2024-10-19 15:37:39,98858383,654297,Fruits & Vegetables,3,39.75,Card,On Time,2024,October,19
3606274277,2023-08-08 10:47:04,98225598,992178,Pharmacy,2,1264.86,Cash,On Time,2023,August,8
2065203676,2024-01-15 09:32:36,36146306,228286,Cold Drinks & Juices,1,179.08,Card,On Time,2024,January,15
4042066387,2024-01-03 04:02:09,90743791,961614,Snacks & Munchies,3,681.66,Wallet,Slightly Delayed,2024,January,3
3604982656,2024-09-19 17:04:31,59207798,968887,Household Care,2,81.4,Card,Slightly Delayed,2024,September,19
1149676745,2023-10-20 20:14:01,6247821,94225,Household Care,3,231.32999999999998,Card,On Time,2023,October,20
3895011687,2024-03-23 19:38:44,47043878,349294,Fruits & Vegetables,1,934.75,UPI,On Time,2024,March,23
772505056,2023-07-13 01:07:54,81822494,313754,Snacks & Munchies,2,273.2,Cash,On Time,2023,July,13
5574765914,2024-10-25 23:30:56,89619421,51036,Baby Care,3,2794.83,Wallet,On Time,2024,October,25
8812616740,2023-06-26 21:13:15,61982521,673058,Pharmacy,2,1531.52,Card,On Time,2023,June,26
1486655525,2024-04-21 13:15:43,74572121,34186,Fruits & Vegetables,1,925.65,Wallet,On Time,2024,April,21
8423025639,2024-06-06 13:14:56,6344345,365132,Instant & Frozen Food,3,688.14,UPI,Slightly Delayed,2024,June,6
9020705185,2023-12-29 19:19:39,1562083,654623,Snacks & Munchies,2,844.28,Cash,On Time,2023,December,29
7719808698,2023-08-18 11:32:57,93938425,118820,Cold Drinks & Juices,3,36.96,Card,On Time,2023,August,18
3414036630,2024-04-05 03:00:07,32809328,767398,Household Care,2,44.28,Cash,On Time,2024,April,5
4157869967,2023-05-05 14:12:39,49617892,848226,Fruits & Vegetables,3,628.77,Card,On Time,2023,May,5
4873887251,2023-09-20 00:43:50,20951294,652118,Instant & Frozen Food,1,22.04,Wallet,On Time,2023,September,20
8031946454,2023-08-29 20:55:54,31923338,455083,Dairy & Breakfast,1,959.01,Card,On Time,2023,August,29
8168056170,2023-08-28 04:52:58,45700473,194682,Cold Drinks & Juices,3,2736.87,Cash,Slightly Delayed,2023,August,28
3108512811,2024-02-10 08:25:16,15417130,993331,Grocery & Staples,2,204.88,UPI,On Time,2024,February,10
1680591951,2024-03-11 21:02:51,7288562,131748,Pet Care,1,81.35,Card,On Time,2024,March,11
559245731,2024-09-08 15:54:50,68941950,461804,Grocery & Staples,1,310.69,Wallet,On Time,2024,September,8
8655600303,2024-04-27 17:40:20,12867472,440875,Baby Care,2,550.06,Cash,On Time,2024,April,27
8247327365,2024-09-25 11:15:52,30065862,704868,Household Care,3,580.38,Card,Slightly Delayed,2024,September,25
9153347285,2023-06-22 02:54:54,54222320,89084,Dairy & Breakfast,2,1197.66,Card,On Time,2023,June,22
1977533409,2023-12-18 12:09:20,17521263,137909,Pharmacy,1,864.3,UPI,On Time,2023,December,18
2433646621,2024-11-03 10:59:49,82770142,94225,Household Care,2,154.22,Card,Slightly Delayed,2024,November,3
22830983,2023-06-04 21:10:12,92404798,890232,Cold Drinks & Juices,3,1296.0,UPI,Significantly Delayed,2023,June,4
1143763031,2024-08-09 21:38:00,52075070,961614,Snacks & Munchies,3,681.66,UPI,On Time,2024,August,9
8524056436,2023-09-06 13:44:20,35434373,540618,Snacks & Munchies,1,317.05,Cash,On Time,2023,September,6
4262338791,2024-10-17 07:38:55,72089140,557908,Pharmacy,3,2827.11,Wallet,On Time,2024,October,17
187728451,2023-11-27 21:06:51,63262519,880510,Dairy & Breakfast,1,951.43,Wallet,On Time,2023,November,27
6754346312,2023-06-19 12:32:50,3897936,930284,Baby Care,1,189.47,Wallet,On Time,2023,June,19
5790622967,2024-02-27 00:21:45,81091233,137909,Pharmacy,3,2592.8999999999996,Cash,On Time,2024,February,27
4305348838,2024-03-03 20:35:10,63630649,927651,Baby Care,1,426.72,Cash,Significantly Delayed,2024,March,3
2902411553,2023-11-01 02:22:55,93122847,832348,Snacks & Munchies,1,831.43,Cash,On Time,2023,November,1
3691199770,2024-05-13 05:20:17,30788486,564692,Pet Care,1,215.65,Wallet,On Time,2024,May,13
775709102,2023-08-26 02:57:43,80517784,818990,Fruits & Vegetables,2,327.1,Cash,On Time,2023,August,26
5262508570,2024-07-06 11:07:05,42781544,689769,Instant & Frozen Food,2,93.24,UPI,On Time,2024,July,6
192109127,2024-09-16 08:29:24,82854537,721521,Grocery & Staples,2,834.78,Card,Slightly Delayed,2024,September,16
1108215973,2023-12-17 09:36:04,2928026,851978,Pharmacy,3,2147.16,UPI,Slightly Delayed,2023,December,17
1719134546,2024-07-10 13:12:50,25665997,473647,Personal Care,3,129.14999999999998,Card,On Time,2024,July,10
5280263316,2024-06-28 12:35:57,77035814,847349,Fruits & Vegetables,1,781.08,UPI,Significantly Delayed,2024,June,28
9448306266,2024-04-16 04:39:11,74038361,487065,Snacks & Munchies,1,374.68,Cash,On Time,2024,April,16
8023626961,2023-09-26 01:35:06,68307253,673058,Pharmacy,1,765.76,Card,Slightly Delayed,2023,September,26
1118405605,2023-06-26 11:26:10,15599514,287070,Grocery & Staples,3,1329.51,Card,Slightly Delayed,2023,June,26
8226034341,2023-11-25 02:41:53,26040510,723678,Pet Care,2,1350.92,Cash,On Time,2023,November,25
6976835753,2024-02-22 13:49:28,29973346,563740,Snacks & Munchies,3,288.99,Wallet,On Time,2024,February,22
9171564499,2023-12-03 23:53:09,24896263,807452,Grocery & Staples,2,288.38,Card,Slightly Delayed,2023,December,3
5393607402,2023-12-17 20:04:17,14272050,965755,Fruits & Vegetables,1,532.57,UPI,On Time,2023,December,17
5670040592,2024-05-25 05:39:22,80571942,700048,Household Care,1,141.28,UPI,On Time,2024,May,25
6736891890,2024-10-21 09:29:41,15661901,942001,Pet Care,3,2014.6499999999999,Wallet,Slightly Delayed,2024,October,21
1223255075,2023-08-18 00:01:18,71321741,820541,Household Care,1,576.22,Card,On Time,2023,August,18
8158413630,2024-08-30 16:40:12,15066187,654623,Snacks & Munchies,3,1266.42,Card,On Time,2024,August,30
7867573412,2023-09-14 01:54:24,61226563,741341,Dairy & Breakfast,3,2771.52,Card,Significantly Delayed,2023,September,14
1624690598,2024-03-23 03:57:00,52048413,799688,Personal Care,3,928.86,UPI,On Time,2024,March,23
8968945932,2024-09-07 07:00:44,67386193,52729,Pet Care,3,948.06,Wallet,Significantly Delayed,2024,September,7
1645212433,2024-08-07 04:29:32,67918495,473929,Fruits & Vegetables,2,880.38,UPI,Significantly Delayed,2024,August,7
9187046038,2023-06-13 14:39:57,75860724,53833,Grocery & Staples,2,269.38,Cash,On Time,2023,June,13
9305357757,2023-05-12 22:06:22,76212152,721521,Grocery & Staples,2,834.78,Wallet,On Time,2023,May,12
8312320295,2024-06-29 22:21:03,31076002,654623,Snacks & Munchies,3,1266.42,Wallet,On Time,2024,June,29
3256941332,2023-11-22 08:49:51,43599910,952168,Snacks & Munchies,3,710.8499999999999,Wallet,On Time,2023,November,22
8980502814,2024-10-15 19:30:03,45708879,256783,Pet Care,3,2719.62,Card,On Time,2024,October,15
9270396838,2023-07-06 08:47:05,63376126,440875,Baby Care,1,275.03,Wallet,On Time,2023,July,6
2892588628,2024-04-19 18:35:27,54797119,820973,Baby Care,3,343.56,Wallet,Slightly Delayed,2024,April,19
8774158800,2023-12-12 08:29:51,19216141,492958,Personal Care,2,168.4,Cash,Slightly Delayed,2023,December,12
2056131802,2023-09-02 05:01:17,16448993,397973,Fruits & Vegetables,3,2186.19,Card,Significantly Delayed,2023,September,2
3528007192,2023-07-11 09:54:59,52279849,243235,Pet Care,3,327.09000000000003,Card,On Time,2023,July,11
2845333894,2024-04-28 13:19:13,4192351,313754,Snacks & Munchies,3,409.79999999999995,UPI,Slightly Delayed,2024,April,28
6602340187,2024-03-11 12:09:24,38875754,894539,Household Care,3,1336.44,Card,Significantly Delayed,2024,March,11
721004875,2023-10-09 05:03:34,75913572,677542,Household Care,2,425.22,UPI,On Time,2023,October,9
7435895360,2024-09-04 00:42:32,77217240,820973,Baby Care,2,229.04,Card,On Time,2024,September,4
4217659083,2024-01-18 19:28:33,31846190,692985,Grocery & Staples,2,394.78,Wallet,Slightly Delayed,2024,January,18
9710865146,2023-05-11 05:34:09,21282544,451812,Pharmacy,3,1592.5500000000002,UPI,On Time,2023,May,11
5375295409,2024-10-05 05:59:07,17843667,709916,Household Care,3,101.28,Wallet,On Time,2024,October,5
6286044248,2023-05-05 22:17:54,38902193,490939,Personal Care,1,80.25,Cash,On Time,2023,May,5
1708282193,2024-01-25 10:03:18,79895967,818522,Dairy & Breakfast,3,288.27,UPI,On Time,2024,January,25
5746303677,2024-06-08 13:32:21,20148223,56589,Pharmacy,3,1553.31,Card,On Time,2024,June,8
3271726381,2024-03-15 00:40:28,44050697,319388,Cold Drinks & Juices,3,1973.3999999999999,Card,Significantly Delayed,2024,March,15
9802569856,2024-04-07 09:13:19,33741801,602241,Snacks & Munchies,3,2929.6499999999996,Wallet,On Time,2024,April,7
662460037,2024-10-11 00:49:10,98144693,82484,Baby Care,2,1829.76,UPI,Slightly Delayed,2024,October,11
8664447334,2024-03-08 04:32:20,25829710,57405,Baby Care,1,607.67,Cash,Significantly Delayed,2024,March,8
3886370975,2024-05-08 19:31:11,96903782,440875,Baby Care,1,275.03,Wallet,On Time,2024,May,8
3547006553,2024-05-29 22:09:17,56572297,969851,Instant & Frozen Food,1,340.66,Card,Significantly Delayed,2024,May,29
2575965518,2024-10-25 23:31:21,38496400,952168,Snacks & Munchies,1,236.95,Wallet,On Time,2024,October,25
1529363954,2024-03-27 00:21:11,13251137,853932,Baby Care,3,2823.57,UPI,On Time,2024,March,27
8463856241,2023-04-10 21:05:09,87463923,673058,Pharmacy,2,1531.52,Wallet,Slightly Delayed,2023,April,10
2485242479,2023-04-11 06:16:55,25526479,34186,Fruits & Vegetables,3,2776.95,Cash,On Time,2023,April,11
9850673433,2023-05-06 05:42:40,93826036,552883,Fruits & Vegetables,3,2664.48,UPI,Slightly Delayed,2023,May,6
2558680592,2023-05-31 22:19:27,68475914,771228,Pet Care,1,83.18,UPI,On Time,2023,May,31
2859167116,2024-10-15 17:45:27,40626729,60619,Cold Drinks & Juices,1,726.41,UPI,Slightly Delayed,2024,October,15
1222236371,2024-08-15 00:01:13,88517890,491314,Instant & Frozen Food,3,2920.32,Card,Slightly Delayed,2024,August,15
344177904,2023-08-18 00:38:42,44589829,970529,Baby Care,1,827.44,Cash,Slightly Delayed,2023,August,18
6126334783,2024-07-03 08:33:55,6150721,425341,Pet Care,3,1458.84,Card,On Time,2024,July,3
3742575364,2023-05-08 17:23:01,42723554,240179,Pharmacy,3,271.68,Wallet,On Time,2023,May,8
9272166174,2023-07-27 06:22:38,53292177,367391,Baby Care,2,1879.1,Wallet,On Time,2023,July,27
9416522701,2024-01-22 03:06:25,7551173,217710,Dairy & Breakfast,1,58.59,Wallet,On Time,2024,January,22
7305871805,2024-09-11 14:29:55,96629034,853932,Baby Care,3,2823.57,Card,On Time,2024,September,11
80296810,2024-06-05 03:37:45,21677923,33955,Instant & Frozen Food,2,372.16,Cash,On Time,2024,June,5
2806868282,2024-09-26 15:13:34,67952740,661577,Pet Care,3,2162.8500000000004,Card,On Time,2024,September,26
707033578,2024-01-30 00:32:25,14839726,820973,Baby Care,1,114.52,UPI,On Time,2024,January,30
9026783092,2023-10-09 16:29:24,60385293,432617,Baby Care,2,1726.36,Wallet,Slightly Delayed,2023,October,9
6229466619,2023-06-05 07:14:36,81533356,449106,Personal Care,2,97.1,Wallet,Slightly Delayed,2023,June,5
408720270,2024-06-26 22:03:35,37245065,721521,Grocery & Staples,3,1252.17,Cash,Significantly Delayed,2024,June,26
8870165072,2023-11-03 10:06:42,80517784,186168,Pet Care,1,878.8,Card,On Time,2023,November,3
1979319490,2024-01-14 01:21:07,5238055,243235,Pet Care,1,109.03,Wallet,On Time,2024,January,14
840761323,2024-03-09 06:15:43,83262890,883013,Dairy & Breakfast,3,2969.64,UPI,On Time,2024,March,9
744721438,2024-02-25 12:46:11,67092149,604184,Household Care,2,795.1,Card,Slightly Delayed,2024,February,25
7421707488,2023-11-03 22:42:39,80315623,721521,Grocery & Staples,2,834.78,UPI,On Time,2023,November,3
1212718824,2024-01-01 09:56:45,73393269,324809,Dairy & Breakfast,2,1216.0,Cash,On Time,2024,January,1
9603256001,2023-05-08 15:47:46,8791577,832348,Snacks & Munchies,2,1662.86,Card,Slightly Delayed,2023,May,8
5626888972,2024-04-13 17:15:30,24323106,681063,Cold Drinks & Juices,1,321.28,Card,On Time,2024,April,13
2300753276,2023-12-07 04:19:20,92306841,764014,Grocery & Staples,1,612.04,Cash,Slightly Delayed,2023,December,7
869629562,2023-05-05 21:23:44,31831843,237083,Pharmacy,2,1154.26,Wallet,On Time,2023,May,5
3429137520,2024-03-16 19:24:52,51048402,993331,Grocery & Staples,1,102.44,UPI,On Time,2024,March,16
9957927297,2023-06-07 05:18:44,35349582,449106,Personal Care,3,145.64999999999998,Cash,On Time,2023,June,7
202466684,2023-08-08 06:00:23,74840437,642612,Pet Care,1,517.03,Wallet,On Time,2023,August,8
8465721207,2024-06-21 09:02:00,30192942,33955,Instant & Frozen Food,2,372.16,Cash,On Time,2024,June,21
6194827199,2023-12-20 18:58:47,41494867,555121,Fruits & Vegetables,2,709.82,Cash,On Time,2023,December,20
3942174431,2024-02-17 04:52:33,84257716,764014,Grocery & Staples,2,1224.08,Card,Slightly Delayed,2024,February,17
3189863462,2024-06-17 13:27:48,6756256,567671,Snacks & Munchies,2,836.96,Cash,On Time,2024,June,17
5923573134,2024-02-17 20:02:29,22800586,623234,Instant & Frozen Food,2,659.58,Wallet,On Time,2024,February,17
6659747528,2024-09-28 18:29:40,43034188,366066,Personal Care,3,2755.7400000000002,Wallet,On Time,2024,September,28
6037541687,2023-12-10 22:25:05,86067293,306177,Instant & Frozen Food,3,2307.7200000000003,Wallet,On Time,2023,December,10
2585438297,2023-08-20 12:58:45,50632192,14145,Fruits & Vegetables,3,1892.52,Card,On Time,2023,August,20
8065774615,2023-12-12 10:53:21,35705377,954722,Instant & Frozen Food,3,1849.3500000000001,Wallet,Significantly Delayed,2023,December,12
1816814476,2024-11-04 13:50:21,85198177,667163,Cold Drinks & Juices,2,882.4,Cash,On Time,2024,November,4
5278014717,2024-04-15 03:39:28,31776996,658389,Snacks & Munchies,1,152.55,Cash,On Time,2024,April,15
4265447949,2024-08-16 02:20:34,6150721,784827,Baby Care,3,822.75,Card,Significantly Delayed,2024,August,16
6752221435,2024-02-10 15:58:18,64197854,760684,Grocery & Staples,1,71.6,UPI,On Time,2024,February,10
8943989258,2023-12-10 10:59:33,36675827,578097,Snacks & Munchies,1,267.61,Wallet,On Time,2023,December,10
4068367936,2024-09-21 01:54:08,78678612,525531,Pet Care,2,1662.2,Wallet,On Time,2024,September,21
5735156904,2023-04-01 16:22:21,78841932,552496,Household Care,1,508.0,Card,Slightly Delayed,2023,April,1
2405929115,2024-09-09 08:59:24,14940427,937542,Grocery & Staples,3,291.12,Card,Significantly Delayed,2024,September,9
7913167260,2023-04-19 00:52:00,98307019,123983,Pharmacy,1,785.67,Card,Significantly Delayed,2023,April,19
1989751369,2023-05-18 22:59:49,7333934,837480,Pharmacy,3,652.2,Card,Slightly Delayed,2023,May,18
7338050095,2024-10-15 03:02:28,3292927,257719,Dairy & Breakfast,3,845.19,UPI,On Time,2024,October,15
9950986048,2023-09-09 08:37:21,69863493,753354,Personal Care,1,423.56,UPI,On Time,2023,September,9
5098703807,2024-06-10 02:03:34,13760839,726958,Pet Care,3,2662.44,Card,On Time,2024,June,10
6937485392,2023-05-23 22:47:56,30285217,561860,Cold Drinks & Juices,1,874.78,Card,Slightly Delayed,2023,May,23
1266440097,2024-01-01 03:28:25,88739922,949818,Snacks & Munchies,2,966.1,Cash,On Time,2024,January,1
7415490509,2023-07-08 14:04:31,61015113,365133,Household Care,3,2746.3500000000004,UPI,On Time,2023,July,8
7284991749,2023-12-10 09:28:57,65559853,961614,Snacks & Munchies,2,454.44,Card,On Time,2023,December,10
4645792703,2023-12-04 23:04:48,24043135,734789,Snacks & Munchies,2,791.64,UPI,On Time,2023,December,4
3174938939,2023-03-27 06:15:38,95736310,365132,Instant & Frozen Food,3,688.14,Wallet,On Time,2023,March,27
1752712049,2024-08-31 16:03:49,56195475,440875,Baby Care,1,275.03,Cash,Slightly Delayed,2024,August,31
8187201830,2024-04-30 04:27:38,82529927,925482,Instant & Frozen Food,3,1425.1200000000001,UPI,On Time,2024,April,30
6900896329,2024-02-01 02:23:06,65903057,557908,Pharmacy,2,1884.74,Cash,On Time,2024,February,1
3793977529,2023-09-02 19:12:26,21425168,256051,Personal Care,3,1202.76,UPI,On Time,2023,September,2
194459698,2023-06-15 15:44:24,88553721,760684,Grocery & Staples,1,71.6,Card,On Time,2023,June,15
9330447952,2024-03-30 18:24:14,37362180,376447,Dairy & Breakfast,1,724.84,UPI,On Time,2024,March,30
2097372277,2024-01-25 04:46:48,14693393,757274,Pet Care,2,196.64,Card,On Time,2024,January,25
7060954153,2023-11-01 20:55:47,91130614,903336,Grocery & Staples,3,1655.6399999999999,Cash,On Time,2023,November,1
2921310646,2024-07-08 14:27:33,40117357,63769,Personal Care,1,878.07,Wallet,On Time,2024,July,8
3983082555,2023-06-05 05:54:09,51670882,94225,Household Care,3,231.32999999999998,Card,Significantly Delayed,2023,June,5
4867298468,2024-04-23 09:33:05,13492411,82484,Baby Care,3,2744.64,Card,On Time,2024,April,23
3402631472,2024-05-03 21:25:40,52032226,91670,Household Care,2,878.48,Card,On Time,2024,May,3
1648146562,2023-05-14 23:08:30,95364457,398340,Instant & Frozen Food,1,651.93,Cash,On Time,2023,May,14
5907766010,2024-10-07 14:03:49,12272282,114414,Pharmacy,2,1664.12,Wallet,Slightly Delayed,2024,October,7
9233577456,2023-12-30 04:00:41,96853930,131136,Grocery & Staples,2,75.6,Card,On Time,2023,December,30
4084808075,2024-10-11 17:45:30,65815155,324809,Dairy & Breakfast,3,1824.0,Card,On Time,2024,October,11
7217049550,2024-07-11 09:32:17,24137201,552496,Household Care,3,1524.0,UPI,Significantly Delayed,2024,July,11
1831943568,2024-05-23 17:20:24,69863493,799459,Pharmacy,3,2556.06,Cash,On Time,2024,May,23
8707473624,2023-12-20 08:27:35,22524981,990993,Snacks & Munchies,3,791.0999999999999,Cash,On Time,2023,December,20
7075868285,2024-03-01 06:04:05,5226128,336847,Household Care,1,936.98,Wallet,On Time,2024,March,1
5164162918,2023-11-18 14:59:10,96903782,784827,Baby Care,3,822.75,Wallet,On Time,2023,November,18
2175298644,2024-05-11 05:13:19,72132838,970529,Baby Care,1,827.44,Wallet,On Time,2024,May,11
5882568464,2023-04-13 08:26:05,49258916,623234,Instant & Frozen Food,2,659.58,Cash,On Time,2023,April,13
7847708619,2023-10-23 00:57:21,35402531,837480,Pharmacy,2,434.8,Cash,On Time,2023,October,23
6366048116,2024-08-05 08:56:18,78732957,679321,Cold Drinks & Juices,3,2215.38,Cash,On Time,2024,August,5
4926287333,2023-08-08 02:39:21,31233120,747801,Household Care,1,277.76,Cash,On Time,2023,August,8
5532838325,2024-07-24 23:26:26,6982488,264803,Pharmacy,3,2987.94,Cash,On Time,2024,July,24
2567996236,2023-10-31 08:04:08,81584486,714999,Dairy & Breakfast,3,2647.5299999999997,Cash,On Time,2023,October,31
2655613624,2024-06-26 13:15:57,46623192,131748,Pet Care,2,162.7,UPI,Significantly Delayed,2024,June,26
7706089549,2023-10-08 04:09:20,44562310,990993,Snacks & Munchies,1,263.7,Cash,On Time,2023,October,8
8257370396,2023-12-24 08:13:46,25221501,451933,Grocery & Staples,1,568.94,Card,Significantly Delayed,2023,December,24
8623808984,2024-04-13 05:34:58,37551429,462526,Dairy & Breakfast,2,899.94,Card,Slightly Delayed,2024,April,13
7579506101,2023-04-06 01:16:48,72366758,487065,Snacks & Munchies,2,749.36,UPI,On Time,2023,April,6
8861024199,2023-11-29 05:51:08,29902416,329351,Dairy & Breakfast,2,621.74,Cash,On Time,2023,November,29
7666131311,2023-05-01 15:46:52,84456355,39154,Fruits & Vegetables,1,946.86,UPI,On Time,2023,May,1
103589925,2024-05-17 23:30:05,65406127,542300,Snacks & Munchies,3,766.05,UPI,Slightly Delayed,2024,May,17
7346858138,2023-11-22 16:43:38,16785724,552496,Household Care,3,1524.0,UPI,On Time,2023,November,22
4963962664,2023-09-28 11:44:23,80935110,820541,Household Care,1,576.22,Cash,On Time,2023,September,28
9069936094,2024-06-23 12:54:13,90696847,991434,Snacks & Munchies,3,712.86,Cash,Significantly Delayed,2024,June,23
4665363191,2024-10-13 19:46:11,73660582,187399,Instant & Frozen Food,3,160.47,Wallet,Slightly Delayed,2024,October,13
888510905,2024-06-27 18:06:56,27824078,256051,Personal Care,2,801.84,Cash,Slightly Delayed,2024,June,27
6876091286,2024-10-05 00:23:02,49136375,903336,Grocery & Staples,3,1655.6399999999999,UPI,On Time,2024,October,5
2592923105,2023-04-23 00:02:24,78806824,925482,Instant & Frozen Food,3,1425.1200000000001,Card,Significantly Delayed,2023,April,23
2468550508,2024-08-21 13:50:50,59620534,473647,Personal Care,2,86.1,UPI,On Time,2024,August,21
5302956276,2024-01-22 22:37:17,97111069,56589,Pharmacy,3,1553.31,UPI,On Time,2024,January,22
9409714182,2023-05-25 05:14:31,59110513,658389,Snacks & Munchies,1,152.55,Card,Slightly Delayed,2023,May,25
1446221570,2024-09-26 09:57:18,59216664,952168,Snacks & Munchies,2,473.9,Wallet,On Time,2024,September,26
8250036360,2024-06-21 14:01:28,88203688,256051,Personal Care,3,1202.76,Wallet,On Time,2024,June,21
447464341,2024-03-03 12:48:39,89669139,378230,Snacks & Munchies,2,332.84,Wallet,Slightly Delayed,2024,March,3
15642223,2023-11-06 21:10:23,85020453,937542,Grocery & Staples,3,291.12,Cash,On Time,2023,November,6
3285378238,2024-08-15 05:21:32,66943324,291238,Snacks & Munchies,2,1492.06,Wallet,Slightly Delayed,2024,August,15
2356483296,2023-07-25 17:06:01,49529811,382511,Dairy & Breakfast,1,702.54,UPI,Slightly Delayed,2023,July,25
3382911339,2023-12-12 14:35:18,23380116,697683,Household Care,1,123.74,Card,On Time,2023,December,12
3690872026,2023-07-09 08:07:37,1152215,951463,Pet Care,3,2362.2,Cash,On Time,2023,July,9
6755367585,2024-09-03 18:44:34,54057428,561860,Cold Drinks & Juices,1,874.78,UPI,On Time,2024,September,3
6835850079,2023-08-13 22:56:33,68965787,880510,Dairy & Breakfast,3,2854.29,UPI,On Time,2023,August,13
9345418784,2024-02-22 10:03:24,58644651,771228,Pet Care,3,249.54000000000002,Cash,On Time,2024,February,22
7185243614,2024-01-10 19:01:39,51994597,552883,Fruits & Vegetables,3,2664.48,UPI,On Time,2024,January,10
2319044818,2024-04-06 20:31:22,82425179,615545,Personal Care,1,448.16,Wallet,On Time,2024,April,6
931834374,2024-09-30 12:51:20,17392512,41853,Dairy & Breakfast,3,2731.32,Wallet,On Time,2024,September,30
8485398781,2024-04-20 19:01:45,40593638,33955,Instant & Frozen Food,2,372.16,Wallet,On Time,2024,April,20
9806464912,2024-08-21 12:00:48,31981068,133542,Household Care,3,205.46999999999997,Card,Slightly Delayed,2024,August,21
8214365128,2024-07-10 18:08:38,42012717,542300,Snacks & Munchies,2,510.7,Wallet,On Time,2024,July,10
137089318,2024-05-23 15:38:38,6637282,39154,Fruits & Vegetables,2,1893.72,Wallet,On Time,2024,May,23
7615602420,2024-05-30 09:20:58,63402854,714999,Dairy & Breakfast,3,2647.5299999999997,Cash,On Time,2024,May,30
3995348964,2024-06-03 16:20:56,44828791,697683,Household Care,3,371.21999999999997,Cash,On Time,2024,June,3
3816542830,2023-08-18 14:48:14,81822935,942001,Pet Care,3,2014.6499999999999,UPI,On Time,2023,August,18
9665004924,2023-07-29 15:32:25,90184276,349294,Fruits & Vegetables,3,2804.25,Wallet,On Time,2023,July,29
1728547597,2024-06-09 07:47:29,98444183,798639,Dairy & Breakfast,2,422.5,Card,Significantly Delayed,2024,June,9
5311190131,2024-03-04 00:42:19,19482392,965755,Fruits & Vegetables,2,1065.14,Card,On Time,2024,March,4
9581592141,2024-01-22 23:20:37,64562786,4452,Baby Care,3,509.64,UPI,On Time,2024,January,22
4848863693,2024-09-12 04:43:20,63217390,876139,Grocery & Staples,1,415.75,UPI,On Time,2024,September,12
6374883107,2023-08-19 08:10:07,23126657,473929,Fruits & Vegetables,1,440.19,UPI,Significantly Delayed,2023,August,19
3270131216,2024-02-10 15:02:10,56604077,820973,Baby Care,3,343.56,UPI,Slightly Delayed,2024,February,10
2643382562,2023-07-24 22:30:03,54338574,563740,Snacks & Munchies,3,288.99,UPI,On Time,2023,July,24
5212524996,2023-12-10 22:06:30,45071436,784827,Baby Care,1,274.25,Cash,On Time,2023,December,10
9594095277,2024-03-10 04:41:08,27604184,925482,Instant & Frozen Food,1,475.04,Card,On Time,2024,March,10
8375863419,2024-08-26 12:11:17,76971644,962591,Cold Drinks & Juices,1,130.01,Card,Slightly Delayed,2024,August,26
7523880783,2024-10-13 13:46:50,21481338,880510,Dairy & Breakfast,3,2854.29,Wallet,On Time,2024,October,13
9670158103,2024-03-11 12:51:36,63262519,647462,Personal Care,2,652.84,UPI,On Time,2024,March,11
4344108631,2023-03-29 11:14:06,45804389,880510,Dairy & Breakfast,3,2854.29,Cash,Slightly Delayed,2023,March,29
2237858,2023-04-02 03:45:11,48281892,585299,Pet Care,1,799.46,Wallet,On Time,2023,April,2
3217791988,2023-08-10 13:48:13,92642745,890623,Fruits & Vegetables,1,354.52,Wallet,On Time,2023,August,10
3355718103,2023-09-10 22:35:21,91196901,478531,Fruits & Vegetables,2,1650.92,Card,On Time,2023,September,10
9590518103,2024-03-01 19:18:57,62323608,140154,Personal Care,2,342.4,UPI,On Time,2024,March,1
6610120274,2024-07-19 01:16:09,89910157,552496,Household Care,2,1016.0,UPI,On Time,2024,July,19
1180899898,2023-04-17 02:53:44,16420489,274207,Pharmacy,1,328.51,Wallet,On Time,2023,April,17
8758992688,2024-06-22 16:53:41,11616535,891833,Dairy & Breakfast,1,493.19,Wallet,Significantly Delayed,2024,June,22
6965716176,2023-04-13 02:15:14,12851610,970529,Baby Care,3,2482.32,Card,On Time,2023,April,13
5527742274,2023-12-16 05:20:27,57956497,712003,Cold Drinks & Juices,2,1343.36,Card,On Time,2023,December,16
826610039,2023-08-17 13:52:16,29431960,589812,Household Care,3,489.09000000000003,UPI,On Time,2023,August,17
3303891913,2024-01-15 21:29:58,84361534,313754,Snacks & Munchies,2,273.2,Card,On Time,2024,January,15
2489292878,2023-10-01 08:51:12,59240916,969851,Instant & Frozen Food,2,681.32,Card,On Time,2023,October,1
8589851630,2024-05-28 14:12:08,5386246,687218,Cold Drinks & Juices,2,635.64,Card,On Time,2024,May,28
4598897781,2023-07-12 20:42:25,77625089,709916,Household Care,3,101.28,UPI,Slightly Delayed,2023,July,12
6932356214,2023-04-04 05:34:45,58942207,131748,Pet Care,2,162.7,Wallet,Slightly Delayed,2023,April,4
3499004322,2023-05-04 18:04:47,70363568,34200,Personal Care,1,319.8,Wallet,On Time,2023,May,4
7517620171,2023-04-16 18:10:53,25128143,687218,Cold Drinks & Juices,2,635.64,Cash,On Time,2023,April,16
172987148,2024-11-03 16:39:53,71607166,901144,Grocery & Staples,3,1021.08,Cash,Significantly Delayed,2024,November,3
8347207794,2024-08-17 22:01:06,34853377,890623,Fruits & Vegetables,1,354.52,Card,On Time,2024,August,17
9472355181,2024-01-23 06:37:09,81462774,962054,Cold Drinks & Juices,1,16.86,UPI,On Time,2024,January,23
1315064289,2024-07-27 03:05:12,74735607,883013,Dairy & Breakfast,2,1979.76,UPI,Significantly Delayed,2024,July,27
9371869941,2023-10-11 23:57:41,53076417,712307,Cold Drinks & Juices,2,529.78,Card,On Time,2023,October,11
5184568404,2024-03-27 12:45:24,93507573,704868,Household Care,2,386.92,Cash,On Time,2024,March,27
5891002534,2023-09-29 15:59:08,41494517,361361,Snacks & Munchies,2,1652.42,Card,Slightly Delayed,2023,September,29
1479730711,2024-09-02 09:49:44,90647204,123983,Pharmacy,3,2357.0099999999998,Wallet,Significantly Delayed,2024,September,2
7651037338,2023-11-21 18:34:51,31576845,274207,Pharmacy,2,657.02,Cash,On Time,2023,November,21
8763754537,2024-10-07 05:34:23,97873848,723678,Pet Care,3,2026.38,UPI,On Time,2024,October,7
7683813608,2023-06-06 21:29:26,99707100,658389,Snacks & Munchies,2,305.1,Card,On Time,2023,June,6
6722955128,2023-03-19 21:52:23,8351747,949818,Snacks & Munchies,1,483.05,Wallet,On Time,2023,March,19
8259274680,2023-04-11 06:25:28,60379302,256783,Pet Care,3,2719.62,Cash,On Time,2023,April,11
4620484274,2024-09-10 15:50:36,58111297,9436,Personal Care,2,176.86,Card,Slightly Delayed,2024,September,10
8260569466,2023-12-15 04:01:23,59323931,144124,Household Care,3,488.01,Card,On Time,2023,December,15
8498916204,2024-03-22 19:29:28,47625855,537274,Pet Care,3,2108.13,Card,On Time,2024,March,22
3209538967,2024-05-07 09:15:34,41874489,82484,Baby Care,1,914.88,Cash,On Time,2024,May,7
2570640420,2023-04-28 10:31:24,10418604,542300,Snacks & Munchies,1,255.35,Cash,On Time,2023,April,28
2066843639,2024-05-25 00:12:13,69516494,764014,Grocery & Staples,3,1836.12,UPI,On Time,2024,May,25
7402125753,2023-11-01 18:12:28,12500465,319388,Cold Drinks & Juices,2,1315.6,Cash,Slightly Delayed,2023,November,1
9171089443,2024-09-10 20:04:14,46185579,274207,Pharmacy,3,985.53,Cash,On Time,2024,September,10
3272079644,2023-06-06 14:31:34,51592174,741341,Dairy & Breakfast,1,923.84,Card,On Time,2023,June,6
438111050,2024-05-03 23:36:13,74174956,171602,Cold Drinks & Juices,1,883.44,Card,On Time,2024,May,3
7416160835,2023-04-30 11:05:04,29324437,222892,Fruits & Vegetables,1,869.22,UPI,On Time,2023,April,30
4075074492,2023-12-13 11:06:33,12778027,140154,Personal Care,1,171.2,UPI,Significantly Delayed,2023,December,13
5536024334,2023-04-30 16:32:38,15661674,600767,Personal Care,3,2167.2599999999998,Card,On Time,2023,April,30
2013140214,2024-05-14 16:20:19,39674723,962054,Cold Drinks & Juices,3,50.58,Card,On Time,2024,May,14
1113582397,2023-12-17 14:29:17,53292177,757274,Pet Care,2,196.64,Card,On Time,2023,December,17
1083928258,2023-12-21 19:36:22,14705462,264803,Pharmacy,1,995.98,Card,On Time,2023,December,21
4906957374,2023-09-16 19:50:47,30029998,818990,Fruits & Vegetables,3,490.65000000000003,Card,On Time,2023,September,16
1876614122,2023-08-23 23:22:54,97678578,366066,Personal Care,2,1837.16,Cash,On Time,2023,August,23
6556180328,2024-06-03 20:39:59,10562528,839170,Dairy & Breakfast,1,481.63,UPI,On Time,2024,June,3
7960553477,2024-02-24 05:24:38,4356173,585299,Pet Care,3,2398.38,UPI,On Time,2024,February,24
6335972517,2023-07-08 19:55:51,18256339,949818,Snacks & Munchies,2,966.1,UPI,Slightly Delayed,2023,July,8
6254948159,2023-10-16 07:14:34,42615134,726958,Pet Care,3,2662.44,Card,On Time,2023,October,16
7527936057,2023-12-10 14:03:53,63971358,107548,Cold Drinks & Juices,3,2674.8,Cash,On Time,2023,December,10
6257851675,2024-04-23 22:08:04,65488134,677169,Pharmacy,2,522.06,UPI,Significantly Delayed,2024,April,23
6832610950,2023-09-01 09:13:43,77811864,9436,Personal Care,3,265.29,UPI,Significantly Delayed,2023,September,1
5085005195,2024-03-05 19:55:27,2684440,697683,Household Care,3,371.21999999999997,Cash,On Time,2024,March,5
2177207547,2024-02-09 04:43:35,92245432,448752,Household Care,1,160.07,Wallet,On Time,2024,February,9
3043364543,2023-07-25 10:41:58,21597477,186168,Pet Care,1,878.8,UPI,On Time,2023,July,25
2823404098,2024-03-03 03:19:55,81377917,891833,Dairy & Breakfast,3,1479.57,Wallet,On Time,2024,March,3
646676955,2023-11-09 00:38:42,93018527,77308,Fruits & Vegetables,2,446.54,Cash,On Time,2023,November,9
5756607486,2023-10-22 05:36:13,27709218,613942,Pet Care,3,1635.0,Card,On Time,2023,October,22
9373691795,2024-03-23 21:15:54,87463923,880510,Dairy & Breakfast,1,951.43,Cash,On Time,2024,March,23
2611601543,2023-07-23 00:37:11,61753272,661577,Pet Care,1,720.95,Wallet,Slightly Delayed,2023,July,23
1491360686,2023-03-21 15:49:01,90649019,621677,Instant & Frozen Food,2,635.6,UPI,Slightly Delayed,2023,March,21
1824533423,2023-05-21 12:55:19,2233446,949818,Snacks & Munchies,2,966.1,Wallet,On Time,2023,May,21
2913841018,2023-11-26 03:57:27,46675763,799688,Personal Care,1,309.62,Card,On Time,2023,November,26
3141803761,2023-10-09 15:22:40,34787383,4452,Baby Care,3,509.64,UPI,Significantly Delayed,2023,October,9
6184484468,2024-10-14 03:35:47,40275138,240179,Pharmacy,2,181.12,Cash,On Time,2024,October,14
4599327740,2023-08-25 15:35:17,77862447,613942,Pet Care,3,1635.0,Cash,On Time,2023,August,25
7479207574,2024-04-03 01:48:33,64846124,60619,Cold Drinks & Juices,3,2179.23,Cash,Significantly Delayed,2024,April,3
2996133401,2024-04-14 22:04:03,83964902,903336,Grocery & Staples,2,1103.76,UPI,On Time,2024,April,14
5972410040,2024-08-11 07:22:14,19179897,968887,Household Care,3,122.10000000000001,Wallet,On Time,2024,August,11
4007593324,2024-06-21 10:08:44,68703613,305754,Instant & Frozen Food,3,2939.9700000000003,Wallet,On Time,2024,June,21
3428454405,2023-08-13 22:37:01,93018527,432617,Baby Care,2,1726.36,Cash,On Time,2023,August,13
1160646195,2023-04-24 17:02:19,5700842,876139,Grocery & Staples,1,415.75,Card,Significantly Delayed,2023,April,24
4376524554,2023-03-16 09:09:00,72576730,812607,Fruits & Vegetables,2,833.3,Card,On Time,2023,March,16
1519072771,2024-08-01 04:03:15,70615775,925482,Instant & Frozen Food,2,950.08,UPI,On Time,2024,August,1
8203685394,2024-02-23 06:58:38,40192266,615545,Personal Care,3,1344.48,Card,On Time,2024,February,23
7906789850,2024-10-08 20:15:00,32006907,491521,Snacks & Munchies,2,1112.7,UPI,Slightly Delayed,2024,October,8
8073770046,2024-05-14 03:01:34,87943214,661577,Pet Care,1,720.95,UPI,Slightly Delayed,2024,May,14
5190202949,2023-09-09 12:34:28,40727086,992178,Pharmacy,1,632.43,Wallet,Slightly Delayed,2023,September,9
8542325207,2024-07-17 17:30:24,9573071,373536,Pet Care,2,988.34,Wallet,On Time,2024,July,17
7566730050,2023-05-14 12:59:57,39153585,552496,Household Care,3,1524.0,Card,On Time,2023,May,14
176509722,2023-10-16 22:34:31,65221572,883013,Dairy & Breakfast,1,989.88,UPI,On Time,2023,October,16
1894603222,2023-10-16 07:17:33,21697638,839170,Dairy & Breakfast,1,481.63,Wallet,On Time,2023,October,16
2694800415,2024-04-04 07:26:06,36675827,891833,Dairy & Breakfast,2,986.38,Cash,On Time,2024,April,4
5879390688,2023-09-07 19:36:09,77869660,687218,Cold Drinks & Juices,1,317.82,Wallet,Slightly Delayed,2023,September,7
1197715978,2023-11-12 07:20:23,625395,945635,Grocery & Staples,3,2336.7,Card,On Time,2023,November,12
7790696031,2023-05-12 16:58:08,34580200,602241,Snacks & Munchies,1,976.55,Wallet,On Time,2023,May,12
2189360099,2023-08-19 05:59:43,68714053,6405,Baby Care,1,236.51,Wallet,On Time,2023,August,19
3542041943,2024-09-06 01:07:42,55007963,313754,Snacks & Munchies,1,136.6,Wallet,On Time,2024,September,6
9202469009,2023-11-13 01:11:40,37362180,563740,Snacks & Munchies,1,96.33,UPI,On Time,2023,November,13
3985829990,2024-07-19 00:58:05,81808190,578097,Snacks & Munchies,1,267.61,Wallet,Slightly Delayed,2024,July,19
4341872315,2023-11-03 13:00:48,71755645,930284,Baby Care,3,568.41,Wallet,On Time,2023,November,3
4748123248,2023-08-01 10:02:42,24144240,673058,Pharmacy,3,2297.2799999999997,UPI,On Time,2023,August,1
99905061,2023-11-16 20:08:23,47590944,492958,Personal Care,1,84.2,Card,Slightly Delayed,2023,November,16
9118004489,2024-02-02 14:35:12,37288781,473647,Personal Care,1,43.05,Cash,On Time,2024,February,2
1696936610,2023-09-13 23:26:44,25795941,490939,Personal Care,1,80.25,Wallet,On Time,2023,September,13
155669553,2023-04-06 14:25:38,88779806,714999,Dairy & Breakfast,1,882.51,UPI,On Time,2023,April,6
2885541999,2023-09-13 22:13:12,40275138,337168,Dairy & Breakfast,3,1636.47,Cash,On Time,2023,September,13
2846340681,2023-06-08 06:18:52,77085443,287070,Grocery & Staples,2,886.34,Cash,On Time,2023,June,8
963715332,2024-07-18 22:25:26,21948041,771228,Pet Care,1,83.18,UPI,Slightly Delayed,2024,July,18
2807634451,2024-03-15 00:16:18,84986716,481843,Snacks & Munchies,3,893.04,Wallet,On Time,2024,March,15
3046341241,2023-10-03 17:13:24,82286725,690565,Snacks & Munchies,1,951.27,Wallet,On Time,2023,October,3
485687952,2023-03-26 19:36:56,8228843,992178,Pharmacy,3,1897.29,Wallet,Slightly Delayed,2023,March,26
7660904370,2024-05-09 14:16:30,30455484,478531,Fruits & Vegetables,1,825.46,Cash,Slightly Delayed,2024,May,9
9753033954,2023-07-02 01:33:28,83577942,667163,Cold Drinks & Juices,1,441.2,Card,On Time,2023,July,2
9509887699,2024-01-13 11:09:16,23448955,700048,Household Care,2,282.56,UPI,On Time,2024,January,13
1054122071,2023-11-22 08:36:23,97557157,473929,Fruits & Vegetables,1,440.19,Card,On Time,2023,November,22
9135272808,2024-03-01 23:06:19,21701991,952124,Fruits & Vegetables,2,254.16,UPI,On Time,2024,March,1
597447215,2024-09-04 22:09:51,39957741,848226,Fruits & Vegetables,1,209.59,UPI,On Time,2024,September,4
5562099656,2024-06-12 02:35:04,3872421,440875,Baby Care,2,550.06,Card,On Time,2024,June,12
4122736828,2024-07-02 12:55:31,47590944,500633,Dairy & Breakfast,1,154.5,UPI,On Time,2024,July,2
7238138072,2024-08-26 05:41:35,32929817,679284,Pharmacy,3,2633.67,Wallet,On Time,2024,August,26
6244736404,2024-08-19 09:19:35,8791577,613942,Pet Care,1,545.0,UPI,Slightly Delayed,2024,August,19
1297341963,2024-07-28 21:44:40,70230254,564692,Pet Care,1,215.65,Cash,On Time,2024,July,28
3842442278,2024-10-27 02:43:39,89223620,567671,Snacks & Munchies,1,418.48,Card,On Time,2024,October,27
9576684860,2023-04-28 20:05:38,9347990,587645,Pharmacy,2,1603.62,Card,Slightly Delayed,2023,April,28
1592757566,2024-07-17 15:09:40,78903046,124290,Personal Care,2,79.3,Wallet,Significantly Delayed,2024,July,17
5060677329,2024-03-29 08:13:16,68219091,264803,Pharmacy,3,2987.94,UPI,Slightly Delayed,2024,March,29
2241930006,2023-11-05 03:05:55,66943324,26060,Pharmacy,3,1028.82,UPI,Significantly Delayed,2023,November,5
3246505078,2024-08-15 20:41:26,45481936,677169,Pharmacy,1,261.03,Wallet,Significantly Delayed,2024,August,15
5870152806,2024-03-23 03:57:26,376144,659290,Dairy & Breakfast,1,319.34,Cash,On Time,2024,March,23
8919999754,2023-12-07 13:24:38,8395610,564692,Pet Care,3,646.95,UPI,On Time,2023,December,7
1080338783,2023-07-21 21:48:46,1601161,433521,Baby Care,2,642.66,Cash,On Time,2023,July,21
4641905606,2024-09-18 04:06:11,40667183,112390,Personal Care,3,2633.94,Cash,On Time,2024,September,18
9456413999,2023-08-26 23:31:36,32019725,839170,Dairy & Breakfast,2,963.26,Card,On Time,2023,August,26
4764056827,2024-07-19 20:09:14,8025622,767398,Household Care,2,44.28,UPI,Slightly Delayed,2024,July,19
5168057633,2024-07-11 01:35:53,45477575,272170,Instant & Frozen Food,2,281.6,UPI,On Time,2024,July,11
1442559656,2023-05-10 07:54:52,85074810,240179,Pharmacy,2,181.12,Cash,Significantly Delayed,2023,May,10
6590257283,2023-10-02 09:29:52,2058037,435929,Household Care,3,2570.67,Cash,On Time,2023,October,2
3429671763,2024-03-26 20:11:54,21481338,473929,Fruits & Vegetables,1,440.19,UPI,Significantly Delayed,2024,March,26
4750086089,2023-08-16 20:03:15,97259564,563740,Snacks & Munchies,1,96.33,Card,Slightly Delayed,2023,August,16
3204128006,2023-11-22 13:26:45,62323608,41853,Dairy & Breakfast,3,2731.32,Wallet,Slightly Delayed,2023,November,22
3171917027,2024-03-31 08:18:11,55936462,56589,Pharmacy,3,1553.31,UPI,On Time,2024,March,31
8814047085,2023-04-10 10:34:09,68475914,764014,Grocery & Staples,2,1224.08,UPI,On Time,2023,April,10
1889723479,2024-06-24 07:55:26,5754255,317242,Grocery & Staples,1,198.15,Cash,On Time,2024,June,24
942025494,2024-03-02 22:50:09,62679120,888807,Dairy & Breakfast,3,691.74,UPI,Slightly Delayed,2024,March,2
4104444500,2024-10-13 02:34:41,57526322,807452,Grocery & Staples,1,144.19,Card,On Time,2024,October,13
7562260313,2024-03-23 02:19:57,13871547,217710,Dairy & Breakfast,2,117.18,Card,On Time,2024,March,23
7140244766,2023-08-06 14:21:46,86067293,942001,Pet Care,1,671.55,UPI,On Time,2023,August,6
7967974077,2024-07-06 06:00:25,45066676,448752,Household Care,3,480.21,Wallet,Slightly Delayed,2024,July,6
7456822422,2023-12-08 16:49:23,81822935,962054,Cold Drinks & Juices,2,33.72,Cash,Slightly Delayed,2023,December,8
4813468096,2024-02-10 04:00:20,34668988,516376,Fruits & Vegetables,3,2632.29,Card,On Time,2024,February,10
8618576020,2024-01-18 14:45:23,15484407,382511,Dairy & Breakfast,1,702.54,Card,On Time,2024,January,18
3727646442,2023-07-21 16:05:58,12077371,913428,Pet Care,3,1176.66,Wallet,On Time,2023,July,21
9208156337,2024-09-23 10:09:54,39959491,319388,Cold Drinks & Juices,3,1973.3999999999999,UPI,On Time,2024,September,23
8328118787,2023-05-14 22:03:21,14839726,500633,Dairy & Breakfast,3,463.5,Card,On Time,2023,May,14
580528836,2023-10-20 10:17:06,91550885,11422,Fruits & Vegetables,3,381.48,UPI,Significantly Delayed,2023,October,20
3350662630,2023-07-03 22:08:47,60620291,927651,Baby Care,1,426.72,Card,On Time,2023,July,3
6716381725,2023-05-05 11:01:58,19682060,328457,Cold Drinks & Juices,1,858.57,Card,Slightly Delayed,2023,May,5
2249567137,2024-04-06 10:05:47,20298398,897083,Household Care,3,2918.07,Card,On Time,2024,April,6
7484465509,2024-09-27 19:15:45,73393269,706112,Pharmacy,3,1436.3700000000001,Card,On Time,2024,September,27
2577208156,2024-10-08 07:09:12,86995126,615545,Personal Care,1,448.16,UPI,Slightly Delayed,2024,October,8
3321905621,2024-10-19 19:54:37,37759707,820541,Household Care,3,1728.66,Wallet,On Time,2024,October,19
6686839282,2023-07-24 09:30:56,71615827,726958,Pet Care,2,1774.96,UPI,Slightly Delayed,2023,July,24
5095558661,2023-05-06 13:12:43,70220141,970529,Baby Care,3,2482.32,Cash,On Time,2023,May,6
112658009,2023-07-11 17:41:34,35144658,604184,Household Care,1,397.55,Cash,On Time,2023,July,11
1343610513,2023-07-17 13:42:50,18113428,925482,Instant & Frozen Food,2,950.08,UPI,Slightly Delayed,2023,July,17
7190610535,2024-03-22 07:19:34,59094034,990993,Snacks & Munchies,3,791.0999999999999,UPI,On Time,2024,March,22
5069426001,2024-01-13 01:45:41,31940833,41853,Dairy & Breakfast,1,910.44,UPI,On Time,2024,January,13
5655369002,2023-08-25 10:12:03,19091057,6405,Baby Care,2,473.02,Cash,On Time,2023,August,25
5761530160,2024-02-23 18:32:21,84824280,349294,Fruits & Vegetables,1,934.75,Cash,Slightly Delayed,2024,February,23
4772519706,2023-03-28 08:47:18,17106161,257719,Dairy & Breakfast,1,281.73,Cash,On Time,2023,March,28
8209051735,2024-02-13 22:25:18,69416782,336847,Household Care,3,2810.94,Card,On Time,2024,February,13
4870391666,2024-03-23 20:30:02,80935110,324809,Dairy & Breakfast,1,608.0,Card,On Time,2024,March,23
7777975083,2024-06-24 17:49:10,92098757,684939,Personal Care,1,727.95,UPI,Significantly Delayed,2024,June,24
8713948756,2023-11-16 00:05:39,65514005,837480,Pharmacy,2,434.8,Cash,Significantly Delayed,2023,November,16
6191050157,2023-05-11 20:36:55,90021871,365133,Household Care,3,2746.3500000000004,Cash,On Time,2023,May,11
4060449266,2024-03-09 00:27:33,1771249,953175,Baby Care,1,225.21,Card,On Time,2024,March,9
5657605506,2024-05-30 20:18:11,63402854,451933,Grocery & Staples,3,1706.8200000000002,Wallet,On Time,2024,May,30
8851743592,2024-02-13 12:03:52,70608515,385113,Personal Care,1,816.38,Card,On Time,2024,February,13
4689717606,2023-07-05 07:24:52,91791128,473929,Fruits & Vegetables,1,440.19,Card,On Time,2023,July,5
2860246948,2024-09-25 22:16:59,8791577,859361,Personal Care,1,432.39,Wallet,Significantly Delayed,2024,September,25
2875550803,2024-02-28 14:00:15,40387944,366066,Personal Care,3,2755.7400000000002,UPI,On Time,2024,February,28
5340575011,2023-09-28 19:00:26,77015367,6405,Baby Care,2,473.02,Wallet,On Time,2023,September,28
7717156533,2023-04-04 05:01:24,18791381,820973,Baby Care,1,114.52,Cash,On Time,2023,April,4
8297255359,2023-06-26 16:35:06,56764791,354409,Grocery & Staples,1,325.08,Card,On Time,2023,June,26
7873234939,2024-09-10 22:33:39,31923338,367391,Baby Care,1,939.55,Wallet,Slightly Delayed,2024,September,10
3668515922,2023-08-23 14:13:44,22321208,328457,Cold Drinks & Juices,3,2575.71,UPI,Slightly Delayed,2023,August,23
8356690330,2023-07-15 18:05:56,88324928,566052,Pharmacy,2,174.6,Card,On Time,2023,July,15
3508620293,2023-08-03 20:45:13,40277444,991434,Snacks & Munchies,1,237.62,Cash,On Time,2023,August,3
9998297778,2023-09-22 17:07:28,7728406,709916,Household Care,3,101.28,Card,On Time,2023,September,22
3898421710,2023-08-31 06:53:03,78750264,187399,Instant & Frozen Food,2,106.98,Cash,Slightly Delayed,2023,August,31
3960980694,2024-06-21 22:46:59,52417972,927651,Baby Care,1,426.72,Cash,Slightly Delayed,2024,June,21
5008395294,2023-12-22 09:09:45,1108176,131136,Grocery & Staples,3,113.39999999999999,Cash,Significantly Delayed,2023,December,22
3722869004,2023-07-20 05:40:36,66140659,337168,Dairy & Breakfast,3,1636.47,UPI,On Time,2023,July,20
8391555591,2023-08-25 07:00:51,14006996,644847,Grocery & Staples,1,622.81,Cash,Significantly Delayed,2023,August,25
8063730776,2024-09-21 20:01:23,95912198,196719,Fruits & Vegetables,3,652.5,UPI,On Time,2024,September,21
9052752169,2024-01-11 01:46:07,62510499,114414,Pharmacy,2,1664.12,UPI,On Time,2024,January,11
7471416647,2023-03-29 15:39:40,75566105,927651,Baby Care,2,853.44,Wallet,Slightly Delayed,2023,March,29
848332407,2024-04-22 08:52:55,376144,555121,Fruits & Vegetables,2,709.82,Card,On Time,2024,April,22
4062701987,2023-12-18 04:18:37,8383197,194682,Cold Drinks & Juices,1,912.29,UPI,On Time,2023,December,18
8723912832,2024-01-19 09:40:56,94552818,455755,Household Care,3,132.27,Cash,On Time,2024,January,19
9099298435,2024-02-22 10:18:09,2233446,89084,Dairy & Breakfast,3,1796.4900000000002,UPI,On Time,2024,February,22
5645691241,2023-12-10 07:21:34,3786105,77308,Fruits & Vegetables,2,446.54,Cash,Slightly Delayed,2023,December,10
8258019846,2024-01-24 17:43:28,61024977,734789,Snacks & Munchies,1,395.82,UPI,On Time,2024,January,24
2732162016,2023-05-27 09:57:51,99361865,305754,Instant & Frozen Food,3,2939.9700000000003,Wallet,On Time,2023,May,27
1561902412,2023-06-08 19:42:33,91448742,679321,Cold Drinks & Juices,1,738.46,UPI,On Time,2023,June,8
8979476889,2023-06-06 22:26:51,49970560,256051,Personal Care,3,1202.76,Cash,On Time,2023,June,6
8373953053,2024-10-25 21:54:38,46515922,679284,Pharmacy,3,2633.67,Wallet,Slightly Delayed,2024,October,25
7021309133,2024-08-06 13:41:46,59353207,992178,Pharmacy,3,1897.29,UPI,Slightly Delayed,2024,August,6
3447085029,2023-04-25 04:28:16,188838,337168,Dairy & Breakfast,2,1090.98,Cash,On Time,2023,April,25
9284767341,2024-03-04 14:28:23,82160592,470449,Instant & Frozen Food,1,827.77,Wallet,On Time,2024,March,4
9770431940,2024-06-06 23:04:27,86715467,679321,Cold Drinks & Juices,2,1476.92,Card,On Time,2024,June,6
9650124390,2024-04-24 15:27:40,46717997,123983,Pharmacy,2,1571.34,Card,On Time,2024,April,24
9826894858,2024-06-21 12:59:40,67386193,319388,Cold Drinks & Juices,2,1315.6,UPI,On Time,2024,June,21
4466839873,2023-12-09 07:05:48,8361353,77308,Fruits & Vegetables,1,223.27,Cash,On Time,2023,December,9
4331471900,2024-07-20 08:44:16,59094034,762527,Snacks & Munchies,2,1380.16,Card,Slightly Delayed,2024,July,20
5777824005,2023-03-22 23:08:39,73428596,945635,Grocery & Staples,2,1557.8,Card,On Time,2023,March,22
8795242622,2023-03-26 04:13:28,90246977,33797,Pharmacy,3,2664.36,Card,On Time,2023,March,26
8561878376,2024-01-29 07:22:42,12272282,555121,Fruits & Vegetables,3,1064.73,UPI,On Time,2024,January,29
2113243643,2023-12-17 10:59:50,66269844,644847,Grocery & Staples,3,1868.4299999999998,UPI,On Time,2023,December,17
8497820340,2023-11-16 18:11:42,90586029,327290,Grocery & Staples,2,1724.56,UPI,On Time,2023,November,16
3167184563,2023-09-07 17:16:42,43860025,798639,Dairy & Breakfast,1,211.25,UPI,On Time,2023,September,7
9997121955,2024-04-21 00:03:15,46623192,739534,Household Care,2,1989.12,UPI,On Time,2024,April,21
2954397481,2024-01-31 10:54:45,93318833,272170,Instant & Frozen Food,1,140.8,Wallet,On Time,2024,January,31
8125884987,2024-05-03 01:00:23,31718565,764014,Grocery & Staples,3,1836.12,Wallet,On Time,2024,May,3
3765873352,2024-10-16 15:56:16,48418662,365132,Instant & Frozen Food,3,688.14,UPI,On Time,2024,October,16
7733310993,2023-03-31 09:44:22,10562528,820541,Household Care,1,576.22,Card,Slightly Delayed,2023,March,31
738093341,2024-03-17 06:44:48,30823988,257719,Dairy & Breakfast,2,563.46,UPI,Significantly Delayed,2024,March,17
1837574319,2024-06-19 06:16:01,24821281,851978,Pharmacy,3,2147.16,UPI,Significantly Delayed,2024,June,19
2468420564,2023-06-30 16:02:02,92027021,365133,Household Care,2,1830.9,UPI,Significantly Delayed,2023,June,30
5368005763,2024-07-30 05:38:00,84824280,237083,Pharmacy,2,1154.26,Cash,On Time,2024,July,30
3823949592,2023-04-13 23:05:51,1683786,39154,Fruits & Vegetables,2,1893.72,Wallet,On Time,2023,April,13
6298008063,2023-07-19 05:59:20,24104630,585299,Pet Care,3,2398.38,UPI,Slightly Delayed,2023,July,19
2499190829,2023-10-31 10:45:49,17159117,679284,Pharmacy,2,1755.78,UPI,On Time,2023,October,31
491116137,2024-01-19 08:13:03,71615827,237083,Pharmacy,2,1154.26,Cash,Slightly Delayed,2024,January,19
2206269404,2024-05-16 23:30:53,96009692,642612,Pet Care,1,517.03,Wallet,On Time,2024,May,16
1330806043,2024-04-03 10:18:32,29415527,760684,Grocery & Staples,3,214.79999999999998,Wallet,Slightly Delayed,2024,April,3
6770858376,2024-01-11 04:57:34,39957741,654297,Fruits & Vegetables,2,26.5,Wallet,Significantly Delayed,2024,January,11
4466716432,2023-06-09 17:52:04,29689766,799459,Pharmacy,3,2556.06,Cash,On Time,2023,June,9
8292554686,2024-03-27 15:19:04,80833965,478531,Fruits & Vegetables,2,1650.92,Cash,Slightly Delayed,2024,March,27
4204069161,2023-08-16 17:40:31,31576845,34200,Personal Care,2,639.6,Wallet,On Time,2023,August,16
2163079658,2023-12-28 16:36:25,74833221,661577,Pet Care,3,2162.8500000000004,Wallet,On Time,2023,December,28
6971561757,2023-12-15 19:00:03,64940409,578097,Snacks & Munchies,3,802.83,UPI,Significantly Delayed,2023,December,15
7965253060,2024-02-13 10:06:42,95912198,739534,Household Care,3,2983.68,Wallet,Slightly Delayed,2024,February,13
8939040193,2024-09-17 13:06:27,59141605,36412,Household Care,3,1193.04,UPI,Slightly Delayed,2024,September,17
8322028211,2023-11-04 17:02:43,54952806,451812,Pharmacy,2,1061.7,UPI,On Time,2023,November,4
6865922682,2024-06-16 13:41:39,14255231,914071,Snacks & Munchies,2,593.88,Card,On Time,2024,June,16
5912729079,2024-08-10 01:18:51,90919603,871592,Fruits & Vegetables,1,870.29,Cash,Slightly Delayed,2024,August,10
8764776130,2023-12-14 13:17:27,32054313,82484,Baby Care,1,914.88,Wallet,On Time,2023,December,14
7769965629,2023-04-21 16:44:32,65815155,747801,Household Care,2,555.52,UPI,On Time,2023,April,21
2166463032,2023-10-30 21:27:11,98930670,851978,Pharmacy,1,715.72,Card,On Time,2023,October,30
7035343259,2024-07-11 08:27:04,63310076,853932,Baby Care,1,941.19,UPI,On Time,2024,July,11
8914775994,2024-02-13 23:37:11,68985290,91670,Household Care,3,1317.72,UPI,On Time,2024,February,13
7565647347,2024-10-24 01:21:49,15808945,726958,Pet Care,2,1774.96,UPI,On Time,2024,October,24
6172215120,2024-06-03 07:32:45,87823209,714999,Dairy & Breakfast,3,2647.5299999999997,Card,On Time,2024,June,3
4043585691,2024-02-21 22:37:16,61121421,760684,Grocery & Staples,3,214.79999999999998,UPI,Slightly Delayed,2024,February,21
3735186180,2024-03-16 15:31:54,98709982,120532,Grocery & Staples,1,697.53,UPI,On Time,2024,March,16
5281459433,2024-10-10 06:40:31,85519349,194682,Cold Drinks & Juices,1,912.29,Card,Slightly Delayed,2024,October,10
424087401,2024-04-19 10:40:15,90753712,51036,Baby Care,1,931.61,Cash,On Time,2024,April,19
884327245,2023-09-25 00:18:47,24337950,679321,Cold Drinks & Juices,2,1476.92,UPI,Slightly Delayed,2023,September,25
6318008970,2024-05-11 19:09:20,30265929,952124,Fruits & Vegetables,3,381.24,UPI,On Time,2024,May,11
3792751421,2024-08-11 20:09:30,2414265,914071,Snacks & Munchies,2,593.88,UPI,On Time,2024,August,11
5471255539,2023-05-31 10:11:04,15391556,578097,Snacks & Munchies,1,267.61,Wallet,On Time,2023,May,31
9917290378,2024-01-05 13:00:28,6245778,991434,Snacks & Munchies,2,475.24,Cash,Significantly Delayed,2024,January,5
208989475,2023-03-16 11:38:32,94713625,432617,Baby Care,2,1726.36,Cash,On Time,2023,March,16
7672827556,2023-07-01 01:43:54,70589930,903336,Grocery & Staples,1,551.88,Wallet,On Time,2023,July,1
3792912325,2024-06-03 19:56:50,39153585,36412,Household Care,3,1193.04,Wallet,On Time,2024,June,3
2478533601,2024-11-01 14:24:12,9097480,349294,Fruits & Vegetables,2,1869.5,Card,Slightly Delayed,2024,November,1
2255745327,2023-05-01 03:18:08,58974323,764014,Grocery & Staples,1,612.04,Cash,On Time,2023,May,1
8612261848,2024-06-18 20:01:36,46208150,672059,Personal Care,1,672.73,Wallet,On Time,2024,June,18
6949810049,2023-09-25 13:16:55,87463923,63769,Personal Care,2,1756.14,UPI,On Time,2023,September,25
2399456941,2024-10-16 06:51:41,47625855,812607,Fruits & Vegetables,2,833.3,Card,Slightly Delayed,2024,October,16
6292969164,2024-07-09 07:11:40,45477575,222892,Fruits & Vegetables,3,2607.66,Wallet,Slightly Delayed,2024,July,9
2929485756,2024-10-13 00:37:39,30979436,365132,Instant & Frozen Food,1,229.38,UPI,Significantly Delayed,2024,October,13
8757869416,2024-05-03 03:46:06,85518832,435929,Household Care,1,856.89,Cash,On Time,2024,May,3
2653966619,2024-07-12 17:07:26,52428250,706112,Pharmacy,2,957.58,Card,On Time,2024,July,12
336103625,2024-05-16 19:07:33,28663279,500633,Dairy & Breakfast,3,463.5,UPI,On Time,2024,May,16
3727289407,2024-06-17 12:19:04,10225164,564692,Pet Care,3,646.95,Wallet,On Time,2024,June,17
701250513,2024-09-03 18:54:33,10240052,243235,Pet Care,2,218.06,Wallet,On Time,2024,September,3
101816977,2024-02-20 06:23:43,26903313,677169,Pharmacy,2,522.06,Wallet,On Time,2024,February,20
7838223552,2023-12-07 13:30:45,85854265,952124,Fruits & Vegetables,1,127.08,UPI,On Time,2023,December,7
4123140013,2024-11-03 01:29:11,80759416,807452,Grocery & Staples,2,288.38,UPI,On Time,2024,November,3
9821008306,2023-04-05 15:32:16,49433260,131748,Pet Care,3,244.04999999999998,Wallet,On Time,2023,April,5
5414882934,2023-12-28 21:01:27,44223796,990993,Snacks & Munchies,1,263.7,Wallet,On Time,2023,December,28
9257313140,2024-06-16 14:09:42,24337950,925482,Instant & Frozen Food,3,1425.1200000000001,Wallet,Significantly Delayed,2024,June,16
3857021231,2023-09-28 19:55:57,91973128,561860,Cold Drinks & Juices,2,1749.56,Wallet,On Time,2023,September,28
1606381345,2023-03-22 12:45:37,31940833,784673,Pet Care,1,491.39,Cash,On Time,2023,March,22
239830094,2023-08-17 09:02:54,99627097,317242,Grocery & Staples,3,594.45,Cash,On Time,2023,August,17
580582858,2023-09-11 17:42:04,59398136,274207,Pharmacy,1,328.51,UPI,On Time,2023,September,11
4191340899,2023-05-26 01:31:29,90649019,642612,Pet Care,3,1551.09,Card,On Time,2023,May,26
1013630716,2024-05-19 06:25:26,85763665,9436,Personal Care,2,176.86,Cash,Significantly Delayed,2024,May,19
8220017366,2023-05-28 08:30:25,91550885,894539,Household Care,3,1336.44,Cash,Significantly Delayed,2023,May,28
4353485612,2024-08-31 13:06:53,77007315,324809,Dairy & Breakfast,1,608.0,Card,Slightly Delayed,2024,August,31
8682172393,2024-10-15 02:26:39,97141762,891833,Dairy & Breakfast,1,493.19,UPI,On Time,2024,October,15
4085089017,2024-06-11 22:29:40,50899600,925482,Instant & Frozen Food,1,475.04,Cash,Slightly Delayed,2024,June,11
1287686307,2024-01-18 17:59:19,79076101,563740,Snacks & Munchies,1,96.33,Cash,Significantly Delayed,2024,January,18
4425450216,2023-06-11 17:35:51,40192266,365132,Instant & Frozen Food,2,458.76,UPI,On Time,2023,June,11
7799346570,2023-10-03 23:56:26,37947202,540618,Snacks & Munchies,2,634.1,Cash,On Time,2023,October,3
5917975686,2024-06-04 21:07:32,37054866,927651,Baby Care,1,426.72,UPI,On Time,2024,June,4
9588500388,2024-07-05 10:03:17,84448310,712003,Cold Drinks & Juices,2,1343.36,Cash,Slightly Delayed,2024,July,5
3963207709,2024-01-04 20:24:27,99893898,274207,Pharmacy,1,328.51,Cash,Significantly Delayed,2024,January,4
2217466286,2023-04-08 13:12:35,9278983,992178,Pharmacy,1,632.43,Wallet,Significantly Delayed,2023,April,8
7130088913,2023-06-29 14:19:03,86444757,712003,Cold Drinks & Juices,3,2015.04,Card,On Time,2023,June,29
9064682961,2024-07-04 13:14:05,17597449,799688,Personal Care,3,928.86,Cash,On Time,2024,July,4
6060156146,2023-05-25 18:55:12,92404798,930284,Baby Care,1,189.47,UPI,Slightly Delayed,2023,May,25
3106610673,2024-06-10 17:56:21,74762653,444361,Pharmacy,2,1645.26,Cash,Slightly Delayed,2024,June,10
442408751,2023-10-19 17:31:57,56780331,661577,Pet Care,1,720.95,Wallet,On Time,2023,October,19
353571238,2024-01-01 15:51:24,60561655,552496,Household Care,3,1524.0,Wallet,On Time,2024,January,1
4670530333,2024-05-30 17:53:58,42723554,120385,Pet Care,1,597.91,Wallet,On Time,2024,May,30
4961370923,2024-02-04 16:10:26,61020,832348,Snacks & Munchies,2,1662.86,Card,On Time,2024,February,4
8946821991,2024-04-29 11:58:27,31582950,462526,Dairy & Breakfast,1,449.97,Cash,On Time,2024,April,29
5720622852,2023-04-16 14:43:16,66130660,264803,Pharmacy,2,1991.96,Cash,On Time,2023,April,16
7305353953,2024-01-04 08:02:14,42012717,798639,Dairy & Breakfast,3,633.75,Cash,Significantly Delayed,2024,January,4
1402723627,2024-05-16 04:45:13,85006599,60619,Cold Drinks & Juices,3,2179.23,Wallet,Slightly Delayed,2024,May,16
9820620357,2023-12-05 10:13:47,243838,240179,Pharmacy,3,271.68,Card,On Time,2023,December,5
1930286155,2024-09-02 20:09:02,51034600,953175,Baby Care,2,450.42,Cash,Slightly Delayed,2024,September,2
6759029950,2023-12-03 12:46:14,83577942,712003,Cold Drinks & Juices,1,671.68,UPI,On Time,2023,December,3
9032188284,2023-08-24 19:32:01,59427862,52729,Pet Care,3,948.06,Wallet,Slightly Delayed,2023,August,24
9490161602,2023-04-26 12:02:47,28663279,679321,Cold Drinks & Juices,3,2215.38,UPI,On Time,2023,April,26
8565257085,2023-09-24 20:51:44,33034249,762527,Snacks & Munchies,3,2070.2400000000002,Card,On Time,2023,September,24
4884845960,2023-09-05 12:52:44,34156884,34186,Fruits & Vegetables,3,2776.95,Cash,On Time,2023,September,5
6181604084,2023-10-22 04:07:32,4200802,15314,Dairy & Breakfast,2,1157.7,UPI,On Time,2023,October,22
2718508408,2023-08-04 03:52:55,20360447,91670,Household Care,1,439.24,UPI,Slightly Delayed,2023,August,4
8354866000,2024-02-15 18:21:22,80696046,679865,Grocery & Staples,1,347.91,Wallet,Slightly Delayed,2024,February,15
8025728977,2024-08-15 15:53:16,26912171,952124,Fruits & Vegetables,1,127.08,Card,On Time,2024,August,15
6531356394,2023-05-09 14:33:55,85561151,487931,Grocery & Staples,3,2127.2400000000002,Card,On Time,2023,May,9
5489184758,2024-03-15 15:16:26,49529811,927651,Baby Care,1,426.72,Card,On Time,2024,March,15
1377599881,2024-08-17 10:02:54,48481702,492958,Personal Care,2,168.4,Card,On Time,2024,August,17
227162938,2024-04-18 07:07:08,28111842,991434,Snacks & Munchies,2,475.24,Cash,On Time,2024,April,18
3449083612,2023-11-10 12:36:44,91382237,284460,Fruits & Vegetables,2,1011.9,Card,Slightly Delayed,2023,November,10
5662514948,2023-05-20 02:56:48,30455484,240179,Pharmacy,1,90.56,Card,On Time,2023,May,20
2034571482,2024-02-20 20:09:09,86167288,327290,Grocery & Staples,3,2586.84,Card,Slightly Delayed,2024,February,20
348782569,2023-09-23 08:26:21,72415263,644847,Grocery & Staples,1,622.81,Wallet,Slightly Delayed,2023,September,23
8697396531,2023-10-23 18:35:21,21282544,658389,Snacks & Munchies,3,457.65000000000003,Wallet,On Time,2023,October,23
3538455450,2024-09-05 21:10:40,77345018,799688,Personal Care,3,928.86,UPI,On Time,2024,September,5
7513290139,2023-05-21 18:41:42,26285589,954722,Instant & Frozen Food,1,616.45,Cash,On Time,2023,May,21
8320461939,2024-04-17 04:26:13,83298567,432617,Baby Care,2,1726.36,Card,On Time,2024,April,17
8217899522,2024-10-08 11:33:14,18465047,107548,Cold Drinks & Juices,3,2674.8,Wallet,On Time,2024,October,8
4217056877,2024-03-26 19:44:46,2903620,131748,Pet Care,3,244.04999999999998,Cash,Slightly Delayed,2024,March,26
3684167813,2024-09-13 08:19:52,46563355,354409,Grocery & Staples,1,325.08,Cash,On Time,2024,September,13
5351904164,2024-08-06 16:09:48,97411107,82484,Baby Care,1,914.88,Cash,On Time,2024,August,6
2731829604,2024-02-12 20:15:18,46615831,672059,Personal Care,2,1345.46,Card,On Time,2024,February,12
7162485958,2023-12-06 18:31:13,75081265,120532,Grocery & Staples,3,2092.59,Card,On Time,2023,December,6
4830502113,2024-01-26 14:46:09,89867195,848226,Fruits & Vegetables,2,419.18,Cash,On Time,2024,January,26
9797013595,2024-05-15 23:55:43,80571942,39154,Fruits & Vegetables,2,1893.72,Wallet,Slightly Delayed,2024,May,15
9487843345,2024-06-11 06:16:15,23794330,587420,Snacks & Munchies,2,714.84,Cash,On Time,2024,June,11
2148242015,2023-04-30 23:48:24,39093069,219598,Personal Care,3,1101.24,UPI,Significantly Delayed,2023,April,30
7465258008,2023-10-25 21:17:48,51503088,615545,Personal Care,1,448.16,UPI,Slightly Delayed,2023,October,25
8875274470,2024-04-20 16:25:48,57102800,807452,Grocery & Staples,3,432.57,Card,Significantly Delayed,2024,April,20
7049717910,2024-05-11 05:44:42,44410149,82484,Baby Care,2,1829.76,Card,On Time,2024,May,11
4829897426,2023-06-05 00:50:37,25587553,697683,Household Care,2,247.48,Cash,On Time,2023,June,5
3532186218,2023-08-08 13:57:04,24456825,481843,Snacks & Munchies,3,893.04,Cash,On Time,2023,August,8
6897674900,2024-05-13 12:53:01,79592021,237083,Pharmacy,1,577.13,UPI,On Time,2024,May,13
163895717,2023-11-02 04:41:21,61982521,654623,Snacks & Munchies,2,844.28,UPI,On Time,2023,November,2
9857592403,2023-10-24 11:31:41,84275450,661577,Pet Care,1,720.95,Wallet,On Time,2023,October,24
2521197661,2024-02-20 00:32:46,13251137,585299,Pet Care,1,799.46,Card,Significantly Delayed,2024,February,20
488314125,2023-04-05 18:11:51,5716817,839170,Dairy & Breakfast,2,963.26,UPI,Slightly Delayed,2023,April,5
5073549838,2024-04-28 08:04:04,75082508,385113,Personal Care,3,2449.14,Wallet,On Time,2024,April,28
6399568661,2023-12-17 21:03:56,82594354,965755,Fruits & Vegetables,3,1597.71,UPI,On Time,2023,December,17
3672658084,2024-05-10 13:53:48,48228547,194682,Cold Drinks & Juices,3,2736.87,UPI,On Time,2024,May,10
8273236145,2024-09-02 15:50:41,85763665,366066,Personal Care,3,2755.7400000000002,Card,On Time,2024,September,2
3411233779,2024-04-13 23:12:45,79991320,500633,Dairy & Breakfast,1,154.5,Cash,On Time,2024,April,13
8024667539,2024-07-22 05:53:11,31622158,354409,Grocery & Staples,3,975.24,Cash,Slightly Delayed,2024,July,22
6112199794,2024-09-21 20:45:43,77086539,397973,Fruits & Vegetables,1,728.73,Wallet,Slightly Delayed,2024,September,21
9484473160,2023-04-25 21:30:46,21456226,137909,Pharmacy,1,864.3,Card,Slightly Delayed,2023,April,25
9729709418,2023-03-30 05:26:05,45323391,784673,Pet Care,2,982.78,Cash,On Time,2023,March,30
7900224799,2024-07-03 04:57:31,68692574,327290,Grocery & Staples,2,1724.56,Cash,Slightly Delayed,2024,July,3
1821414490,2024-10-21 07:33:08,75632045,124290,Personal Care,2,79.3,Card,On Time,2024,October,21
5813507399,2024-04-15 09:01:04,76019750,500739,Dairy & Breakfast,1,359.98,UPI,On Time,2024,April,15
3928003125,2023-12-07 13:30:43,53636086,274207,Pharmacy,3,985.53,Wallet,Slightly Delayed,2023,December,7
5271866987,2024-08-27 01:26:03,10562528,681063,Cold Drinks & Juices,3,963.8399999999999,Card,On Time,2024,August,27
9794537731,2023-05-27 12:57:31,85869195,114414,Pharmacy,1,832.06,Cash,On Time,2023,May,27
4852718488,2024-04-29 20:42:44,71902700,131937,Instant & Frozen Food,3,863.4300000000001,UPI,On Time,2024,April,29
8300546273,2023-09-05 10:12:24,13796199,677169,Pharmacy,3,783.0899999999999,Wallet,On Time,2023,September,5
976104194,2024-05-07 21:56:34,6061349,557908,Pharmacy,3,2827.11,Card,Significantly Delayed,2024,May,7
5373961125,2024-11-01 03:43:48,57081917,433521,Baby Care,3,963.99,Card,On Time,2024,November,1
6056126973,2024-07-02 22:31:53,48765625,256783,Pet Care,2,1813.08,UPI,On Time,2024,July,2
6352881332,2024-01-22 23:09:41,80517784,726958,Pet Care,3,2662.44,Cash,On Time,2024,January,22
1643234106,2024-09-12 03:52:26,37691544,557908,Pharmacy,3,2827.11,Wallet,Slightly Delayed,2024,September,12
8697966993,2024-03-02 05:46:49,85869195,60619,Cold Drinks & Juices,3,2179.23,Card,Significantly Delayed,2024,March,2
2276061263,2024-10-06 16:59:05,83701325,687218,Cold Drinks & Juices,1,317.82,UPI,On Time,2024,October,6
4045613782,2023-08-09 08:21:43,61763552,600767,Personal Care,3,2167.2599999999998,UPI,On Time,2023,August,9
2959828441,2024-03-15 17:59:14,9987182,34186,Fruits & Vegetables,1,925.65,Card,On Time,2024,March,15
3514589876,2023-10-17 21:03:10,59620534,669378,Fruits & Vegetables,3,636.42,UPI,On Time,2023,October,17
9444081952,2023-11-27 01:02:59,72576730,532965,Instant & Frozen Food,1,307.23,Card,On Time,2023,November,27
8183959589,2023-12-16 14:27:59,26752630,94225,Household Care,3,231.32999999999998,Wallet,On Time,2023,December,16
1712832927,2024-03-16 02:24:19,5228136,425341,Pet Care,3,1458.84,UPI,Slightly Delayed,2024,March,16
8162867215,2024-08-24 15:27:13,25713335,112390,Personal Care,1,877.98,UPI,On Time,2024,August,24
4160230443,2024-04-15 03:56:39,87889031,820973,Baby Care,1,114.52,Card,On Time,2024,April,15
9787535949,2023-04-02 13:59:48,57340963,240179,Pharmacy,1,90.56,UPI,Slightly Delayed,2023,April,2
3423995261,2023-05-06 21:35:32,75928073,747801,Household Care,2,555.52,Wallet,On Time,2023,May,6
1523343168,2024-07-21 18:56:11,80862136,298985,Pharmacy,3,551.28,UPI,On Time,2024,July,21
1948066291,2024-10-02 21:52:43,61320989,644847,Grocery & Staples,1,622.81,Cash,On Time,2024,October,2
2021361582,2024-05-20 13:29:16,99695529,41853,Dairy & Breakfast,3,2731.32,Cash,Significantly Delayed,2024,May,20
7491420331,2024-05-22 03:16:45,27504517,470449,Instant & Frozen Food,2,1655.54,Wallet,Slightly Delayed,2024,May,22
994840771,2023-10-15 22:56:35,85088479,112390,Personal Care,2,1755.96,Wallet,Slightly Delayed,2023,October,15
6277344634,2024-07-23 19:18:11,11202130,131136,Grocery & Staples,2,75.6,UPI,Significantly Delayed,2024,July,23
4092653338,2024-04-24 14:11:22,13604883,317242,Grocery & Staples,3,594.45,UPI,On Time,2024,April,24
7213712604,2023-11-17 07:02:37,49433260,500633,Dairy & Breakfast,1,154.5,Cash,On Time,2023,November,17
7326709115,2023-11-26 00:36:32,22800586,883013,Dairy & Breakfast,3,2969.64,Card,Slightly Delayed,2023,November,26
9419789569,2024-07-17 10:35:23,8733344,171602,Cold Drinks & Juices,3,2650.32,Wallet,On Time,2024,July,17
5388191488,2024-03-31 03:47:25,74735607,153019,Fruits & Vegetables,3,2843.8500000000004,Card,Slightly Delayed,2024,March,31
9065873433,2023-10-23 19:10:27,32635818,930284,Baby Care,3,568.41,Cash,Slightly Delayed,2023,October,23
4627342297,2023-08-28 10:50:50,88843865,67197,Dairy & Breakfast,3,1656.6000000000001,UPI,On Time,2023,August,28
4286971111,2024-05-27 03:23:40,469006,114414,Pharmacy,2,1664.12,Cash,On Time,2024,May,27
645282074,2023-05-25 23:45:35,13265605,697683,Household Care,2,247.48,Wallet,On Time,2023,May,25
7260939789,2023-10-28 13:37:51,39999278,604184,Household Care,2,795.1,UPI,On Time,2023,October,28
1716322448,2023-09-06 16:10:18,95873651,700048,Household Care,2,282.56,Cash,On Time,2023,September,6
4293959647,2023-10-03 21:16:36,820740,361361,Snacks & Munchies,3,2478.63,UPI,On Time,2023,October,3
3331935300,2023-06-15 21:38:22,29095552,435929,Household Care,2,1713.78,Wallet,On Time,2023,June,15
1775389576,2024-03-10 06:34:09,15830066,961614,Snacks & Munchies,3,681.66,Wallet,On Time,2024,March,10
8194774262,2024-10-06 06:32:32,46836361,490602,Grocery & Staples,3,1648.41,Cash,Slightly Delayed,2024,October,6
3615279775,2023-11-01 18:30:36,61618079,51036,Baby Care,1,931.61,Wallet,On Time,2023,November,1
11467999,2023-04-23 18:37:26,78267238,747801,Household Care,3,833.28,UPI,Slightly Delayed,2023,April,23
3971267196,2024-01-14 02:35:53,8536503,171602,Cold Drinks & Juices,2,1766.88,Card,On Time,2024,January,14
1584863963,2024-07-21 18:13:06,61877649,455755,Household Care,3,132.27,UPI,Significantly Delayed,2024,July,21
1557893814,2024-04-02 12:45:33,75244116,70969,Fruits & Vegetables,1,631.7,Wallet,On Time,2024,April,2
8172695964,2024-07-07 09:17:06,45323391,697683,Household Care,1,123.74,Card,On Time,2024,July,7
7462800868,2023-10-19 17:27:14,93127511,747801,Household Care,2,555.52,Wallet,Significantly Delayed,2023,October,19
5438961669,2024-09-10 05:20:18,37245065,425341,Pet Care,2,972.56,UPI,Significantly Delayed,2024,September,10
4904849001,2023-11-30 05:46:13,93563435,913428,Pet Care,2,784.44,Wallet,On Time,2023,November,30
4816980820,2023-03-27 20:30:31,52613657,63769,Personal Care,3,2634.21,Card,Significantly Delayed,2023,March,27
9004078716,2023-08-21 08:46:05,55552600,760828,Pet Care,3,1690.3500000000001,Card,On Time,2023,August,21
8350353728,2024-01-25 08:02:43,25585013,481843,Snacks & Munchies,2,595.36,Cash,On Time,2024,January,25
1204084245,2023-09-26 01:28:11,1342184,690565,Snacks & Munchies,2,1902.54,Card,Significantly Delayed,2023,September,26
4142209897,2023-09-07 20:00:27,44557943,440875,Baby Care,3,825.0899999999999,Card,On Time,2023,September,7
125551624,2024-08-12 21:32:30,14693393,669378,Fruits & Vegetables,2,424.28,Card,On Time,2024,August,12
9970545044,2023-08-08 22:18:41,22931642,962591,Cold Drinks & Juices,3,390.03,Cash,On Time,2023,August,8
7976032064,2024-05-03 15:57:32,72946405,621677,Instant & Frozen Food,3,953.4000000000001,Wallet,On Time,2024,May,3
8691567542,2024-06-27 08:52:11,41640262,969851,Instant & Frozen Food,3,1021.98,Wallet,On Time,2024,June,27
3592747590,2024-04-24 12:09:13,12755730,34200,Personal Care,1,319.8,UPI,Significantly Delayed,2024,April,24
7495753437,2023-06-02 00:26:35,4758426,644847,Grocery & Staples,1,622.81,Card,On Time,2023,June,2
3965847120,2023-05-05 14:56:43,80761521,654623,Snacks & Munchies,2,844.28,Wallet,On Time,2023,May,5
9365984533,2024-06-25 19:46:13,89704218,470449,Instant & Frozen Food,1,827.77,Card,On Time,2024,June,25
2948242102,2023-10-12 14:54:53,13189939,587645,Pharmacy,3,2405.43,Wallet,On Time,2023,October,12
6161193691,2023-05-30 13:36:08,55693909,187399,Instant & Frozen Food,2,106.98,Cash,On Time,2023,May,30
5964122835,2024-03-29 18:12:05,14006996,144124,Household Care,3,488.01,UPI,On Time,2024,March,29
8879377902,2024-03-09 06:13:43,61320989,883013,Dairy & Breakfast,2,1979.76,Card,On Time,2024,March,9
8158068874,2024-07-25 20:24:13,64403005,692985,Grocery & Staples,1,197.39,Wallet,Slightly Delayed,2024,July,25
7039570964,2024-04-13 03:10:23,68941950,240179,Pharmacy,3,271.68,Cash,Slightly Delayed,2024,April,13
5482913265,2024-08-08 15:18:48,88324928,880510,Dairy & Breakfast,2,1902.86,Wallet,Slightly Delayed,2024,August,8
1018255782,2024-09-08 06:11:07,2219590,264803,Pharmacy,2,1991.96,Card,Significantly Delayed,2024,September,8
8441505853,2023-11-10 08:12:55,48409448,153019,Fruits & Vegetables,3,2843.8500000000004,UPI,On Time,2023,November,10
3850018395,2023-06-09 20:31:07,57674875,77308,Fruits & Vegetables,2,446.54,Wallet,Slightly Delayed,2023,June,9
4884197611,2023-04-19 19:07:09,28173165,692985,Grocery & Staples,1,197.39,Wallet,Significantly Delayed,2023,April,19
5321849748,2024-03-01 00:19:24,84468124,914071,Snacks & Munchies,3,890.8199999999999,Cash,On Time,2024,March,1
9808738347,2024-03-28 23:36:11,7728406,589812,Household Care,1,163.03,Wallet,On Time,2024,March,28
8727249149,2023-06-27 00:24:22,35826539,555121,Fruits & Vegetables,2,709.82,UPI,On Time,2023,June,27
2772154780,2024-07-18 14:39:59,50899600,962591,Cold Drinks & Juices,1,130.01,Card,On Time,2024,July,18
9128056381,2024-06-10 07:16:02,98691989,930284,Baby Care,3,568.41,Wallet,On Time,2024,June,10
4461463308,2023-06-16 08:01:25,81352781,798639,Dairy & Breakfast,3,633.75,Card,On Time,2023,June,16
5636483988,2024-01-29 17:42:04,34095555,256783,Pet Care,2,1813.08,UPI,On Time,2024,January,29
1532065529,2023-12-07 06:28:36,75464725,762527,Snacks & Munchies,1,690.08,UPI,On Time,2023,December,7
9933994647,2024-02-27 06:30:56,83304571,897083,Household Care,1,972.69,Cash,On Time,2024,February,27
4823026749,2024-08-08 15:42:46,34835738,851978,Pharmacy,1,715.72,Card,On Time,2024,August,8
7453442245,2024-09-08 06:29:25,77869660,760828,Pet Care,1,563.45,UPI,On Time,2024,September,8
6519941559,2024-05-10 19:43:01,29902416,697683,Household Care,3,371.21999999999997,Cash,On Time,2024,May,10
3798769654,2024-09-28 12:27:14,75913572,324809,Dairy & Breakfast,1,608.0,Cash,On Time,2024,September,28
5034289521,2024-05-15 13:00:17,21201299,187399,Instant & Frozen Food,3,160.47,UPI,On Time,2024,May,15
6971088688,2023-07-18 10:53:19,11389698,700048,Household Care,1,141.28,Card,Slightly Delayed,2023,July,18
5650184107,2023-06-21 08:14:44,19771128,894539,Household Care,2,890.96,UPI,On Time,2023,June,21
5770410311,2023-12-31 10:23:35,20956158,764014,Grocery & Staples,2,1224.08,Cash,On Time,2023,December,31
274530126,2023-04-08 21:52:31,35278126,851978,Pharmacy,3,2147.16,Cash,Significantly Delayed,2023,April,8
4819831152,2024-09-22 19:35:16,66886852,432617,Baby Care,3,2589.54,Cash,On Time,2024,September,22
6977688323,2023-06-07 22:05:08,56780331,171602,Cold Drinks & Juices,3,2650.32,Card,On Time,2023,June,7
2035952734,2023-04-17 19:19:33,63360864,525531,Pet Care,2,1662.2,UPI,On Time,2023,April,17
3665334102,2024-11-04 01:16:31,51476157,435929,Household Care,3,2570.67,Wallet,Slightly Delayed,2024,November,4
1862413314,2024-05-31 16:08:45,48150243,490939,Personal Care,1,80.25,Card,On Time,2024,May,31
4466643926,2024-04-08 20:33:57,82989313,9436,Personal Care,3,265.29,Cash,On Time,2024,April,8
4470717835,2023-07-08 00:21:18,76008165,644847,Grocery & Staples,2,1245.62,Wallet,On Time,2023,July,8
3018086191,2024-02-07 15:51:05,76359458,217710,Dairy & Breakfast,2,117.18,Card,On Time,2024,February,7
2447983559,2024-10-03 20:46:07,99772709,451933,Grocery & Staples,1,568.94,Cash,Significantly Delayed,2024,October,3
5116322704,2024-06-20 04:21:38,63360864,991434,Snacks & Munchies,3,712.86,UPI,On Time,2024,June,20
8941550852,2024-04-20 22:07:04,54145987,36412,Household Care,3,1193.04,Card,On Time,2024,April,20
8026773850,2023-10-23 19:16:23,94730288,812607,Fruits & Vegetables,3,1249.9499999999998,Wallet,On Time,2023,October,23
2102402075,2024-07-14 05:30:01,30317733,965755,Fruits & Vegetables,1,532.57,UPI,On Time,2024,July,14
989844439,2023-07-23 11:54:05,30468930,298985,Pharmacy,3,551.28,Cash,On Time,2023,July,23
8426805628,2023-04-17 22:41:34,11636968,897083,Household Care,3,2918.07,Card,On Time,2023,April,17
7662188403,2023-05-09 07:35:06,35554129,240179,Pharmacy,3,271.68,Wallet,Slightly Delayed,2023,May,9
9141654140,2023-07-14 13:55:04,77811864,532965,Instant & Frozen Food,2,614.46,Wallet,On Time,2023,July,14
5696947751,2023-11-06 03:35:25,90745023,555121,Fruits & Vegetables,2,709.82,UPI,On Time,2023,November,6
8953871540,2023-11-14 16:17:02,1601161,144124,Household Care,2,325.34,UPI,On Time,2023,November,14
1767778760,2023-04-14 03:24:44,67729191,516376,Fruits & Vegetables,2,1754.86,Cash,On Time,2023,April,14
5516201271,2024-07-10 14:21:12,73661993,600767,Personal Care,1,722.42,Cash,On Time,2024,July,10
9358248664,2023-12-19 23:59:54,75213636,513199,Cold Drinks & Juices,3,1266.69,Cash,On Time,2023,December,19
1530424665,2023-04-21 23:29:46,45700739,760684,Grocery & Staples,1,71.6,Cash,On Time,2023,April,21
7816293360,2023-07-27 17:54:35,87669943,673058,Pharmacy,2,1531.52,UPI,On Time,2023,July,27
1602396548,2024-09-09 23:44:19,11063505,365132,Instant & Frozen Food,2,458.76,Card,On Time,2024,September,9
7938126128,2023-06-16 08:24:00,26199489,256783,Pet Care,1,906.54,Card,On Time,2023,June,16
271744331,2023-08-21 04:01:18,47274329,153019,Fruits & Vegetables,3,2843.8500000000004,UPI,On Time,2023,August,21
387311360,2023-08-07 02:54:16,70221073,903336,Grocery & Staples,1,551.88,Wallet,On Time,2023,August,7
1286123100,2023-12-30 23:53:40,45659330,647462,Personal Care,1,326.42,UPI,On Time,2023,December,30
4832392771,2023-11-02 14:44:52,10038382,432617,Baby Care,1,863.18,Card,On Time,2023,November,2
4800106448,2023-12-10 05:17:22,49970560,707935,Pet Care,1,820.9,Card,On Time,2023,December,10
5500008514,2024-05-03 18:08:17,31371112,378287,Cold Drinks & Juices,2,665.68,Cash,On Time,2024,May,3
7879575037,2024-01-07 12:19:33,7228206,487931,Grocery & Staples,3,2127.2400000000002,Cash,On Time,2024,January,7
50845914,2023-04-09 04:18:56,54893418,478531,Fruits & Vegetables,3,2476.38,Card,On Time,2023,April,9
9766990467,2023-06-30 08:18:31,48358028,361361,Snacks & Munchies,2,1652.42,Card,Slightly Delayed,2023,June,30
4215602937,2023-10-04 05:29:08,66499992,820973,Baby Care,3,343.56,Wallet,On Time,2023,October,4
238484255,2024-04-11 04:03:43,73869823,354409,Grocery & Staples,3,975.24,Cash,On Time,2024,April,11
3293988248,2024-09-29 07:44:45,89986926,272170,Instant & Frozen Food,2,281.6,Wallet,Significantly Delayed,2024,September,29
5296157775,2024-07-27 10:24:02,99231937,760684,Grocery & Staples,3,214.79999999999998,Wallet,On Time,2024,July,27
1143489067,2023-09-14 17:01:41,21432404,4452,Baby Care,2,339.76,UPI,On Time,2023,September,14
8524452029,2023-11-07 01:00:32,40986000,487931,Grocery & Staples,1,709.08,Cash,Slightly Delayed,2023,November,7
4256779885,2023-06-01 17:29:29,88745052,440875,Baby Care,1,275.03,Cash,On Time,2023,June,1
7744686996,2023-09-27 21:39:59,72946405,585299,Pet Care,1,799.46,Cash,Significantly Delayed,2023,September,27
5427462399,2024-06-21 13:57:00,41647393,257719,Dairy & Breakfast,2,563.46,Wallet,On Time,2024,June,21
8596751747,2024-03-09 06:33:08,66359719,863930,Personal Care,1,242.57,Card,On Time,2024,March,9
4746468643,2023-08-17 19:31:04,15144290,679865,Grocery & Staples,3,1043.73,UPI,On Time,2023,August,17
3010047327,2023-12-15 20:11:52,5716817,555121,Fruits & Vegetables,3,1064.73,Wallet,On Time,2023,December,15
1236959246,2024-10-06 20:17:02,94033330,440875,Baby Care,1,275.03,Cash,On Time,2024,October,6
6600422315,2023-09-19 00:26:15,79726146,287070,Grocery & Staples,3,1329.51,UPI,On Time,2023,September,19
3227252410,2024-02-16 07:53:12,83023956,291238,Snacks & Munchies,3,2238.09,Cash,On Time,2024,February,16
6972292408,2023-11-16 05:37:14,19682060,747801,Household Care,1,277.76,Cash,Significantly Delayed,2023,November,16
7562754470,2024-02-15 23:27:04,10700664,82484,Baby Care,2,1829.76,Wallet,On Time,2024,February,15
7361971676,2023-08-23 00:44:18,27504517,397973,Fruits & Vegetables,1,728.73,Card,On Time,2023,August,23
8875605037,2023-09-27 10:02:27,93867669,876139,Grocery & Staples,1,415.75,Card,On Time,2023,September,27
8508253527,2024-09-05 20:54:09,31233120,440875,Baby Care,1,275.03,UPI,Slightly Delayed,2024,September,5
6798775600,2023-10-09 22:39:35,24845814,324809,Dairy & Breakfast,2,1216.0,Cash,Slightly Delayed,2023,October,9
3624810422,2024-08-10 01:08:44,42366724,818522,Dairy & Breakfast,1,96.09,Cash,On Time,2024,August,10
4740213452,2024-02-22 12:29:12,84066402,726958,Pet Care,2,1774.96,Cash,Slightly Delayed,2024,February,22
3825468344,2023-04-09 08:04:44,81337068,425341,Pet Care,3,1458.84,UPI,On Time,2023,April,9
902245665,2024-08-08 08:14:01,44828791,298985,Pharmacy,3,551.28,Cash,On Time,2024,August,8
6874299189,2023-08-14 11:33:32,24633671,561860,Cold Drinks & Juices,2,1749.56,Card,On Time,2023,August,14
1127125313,2023-12-15 19:19:22,91312072,140154,Personal Care,2,342.4,Card,Slightly Delayed,2023,December,15
3606548818,2023-05-12 04:48:09,85354059,448752,Household Care,3,480.21,Wallet,On Time,2023,May,12
5750044154,2024-09-16 22:40:01,11636968,930284,Baby Care,2,378.94,UPI,Slightly Delayed,2024,September,16
3872847781,2023-09-16 20:38:34,27727819,652118,Instant & Frozen Food,3,66.12,Wallet,On Time,2023,September,16
5939554684,2023-06-11 16:33:08,3875480,606256,Instant & Frozen Food,1,369.28,Wallet,On Time,2023,June,11
676412814,2024-07-26 03:29:27,57291761,818990,Fruits & Vegetables,1,163.55,UPI,On Time,2024,July,26
4248390724,2023-08-22 20:17:51,6390687,721521,Grocery & Staples,2,834.78,Cash,Slightly Delayed,2023,August,22
8938687150,2023-04-25 06:25:28,97664747,319388,Cold Drinks & Juices,3,1973.3999999999999,Cash,On Time,2023,April,25
7898867047,2023-05-03 15:13:52,899941,767398,Household Care,3,66.42,Wallet,Slightly Delayed,2023,May,3
2142065357,2024-01-27 07:45:34,469006,968887,Household Care,1,40.7,Cash,On Time,2024,January,27
9024719693,2024-06-06 19:22:30,21597477,659290,Dairy & Breakfast,3,958.02,Card,On Time,2024,June,6
8976616698,2023-08-23 03:20:08,90346920,120385,Pet Care,2,1195.82,UPI,On Time,2023,August,23
8792586840,2023-06-14 15:09:28,91566278,937542,Grocery & Staples,3,291.12,UPI,On Time,2023,June,14
5375387413,2023-04-04 23:31:41,66768157,378230,Snacks & Munchies,3,499.26,Wallet,On Time,2023,April,4
4252164097,2023-09-28 06:58:17,72366758,952124,Fruits & Vegetables,1,127.08,Card,Slightly Delayed,2023,September,28
8423273411,2023-05-23 23:13:33,5418547,876139,Grocery & Staples,3,1247.25,UPI,On Time,2023,May,23
2551179741,2024-04-10 02:09:31,18791381,707935,Pet Care,3,2462.7,UPI,Slightly Delayed,2024,April,10
227511348,2024-08-01 15:43:56,11775073,513199,Cold Drinks & Juices,1,422.23,Card,On Time,2024,August,1
4434464045,2023-09-22 00:04:24,7591711,153019,Fruits & Vegetables,1,947.95,Card,On Time,2023,September,22
7041011843,2024-02-06 00:46:34,35705377,883013,Dairy & Breakfast,2,1979.76,Card,On Time,2024,February,6
6510283268,2024-06-12 01:40:22,67383024,136533,Dairy & Breakfast,3,2478.63,Wallet,On Time,2024,June,12
6853654698,2023-08-06 11:20:58,85198177,131748,Pet Care,1,81.35,Card,On Time,2023,August,6
9338996795,2024-01-09 18:21:36,2219590,34186,Fruits & Vegetables,2,1851.3,Card,On Time,2024,January,9
7346145952,2024-03-12 19:24:44,96629258,449106,Personal Care,1,48.55,Cash,On Time,2024,March,12
6497069610,2024-04-10 17:18:57,52672659,329351,Dairy & Breakfast,3,932.61,Card,On Time,2024,April,10
1741402363,2024-06-12 11:13:45,87200291,611575,Instant & Frozen Food,1,482.06,UPI,On Time,2024,June,12
4825878367,2024-10-07 14:04:11,46717997,26060,Pharmacy,2,685.88,Card,On Time,2024,October,7
7019011442,2023-06-30 19:38:42,41640262,552496,Household Care,2,1016.0,Cash,On Time,2023,June,30
1674463798,2024-09-21 13:31:34,52085702,67197,Dairy & Breakfast,1,552.2,UPI,Slightly Delayed,2024,September,21
305684588,2024-08-25 19:41:28,46876240,709916,Household Care,3,101.28,UPI,Significantly Delayed,2024,August,25
5967495442,2024-07-18 15:25:29,77086074,516376,Fruits & Vegetables,2,1754.86,Card,Slightly Delayed,2024,July,18
2571047526,2023-06-19 00:18:51,90665975,760828,Pet Care,2,1126.9,UPI,On Time,2023,June,19
7784811086,2024-09-07 06:11:07,53332493,689769,Instant & Frozen Food,2,93.24,UPI,Significantly Delayed,2024,September,7
7942005230,2023-03-25 08:20:32,78614729,714999,Dairy & Breakfast,2,1765.02,Wallet,Slightly Delayed,2023,March,25
6653543195,2023-09-15 14:53:44,95334407,287070,Grocery & Staples,3,1329.51,Wallet,Slightly Delayed,2023,September,15
397928918,2024-09-14 03:54:21,71902700,991434,Snacks & Munchies,2,475.24,Card,Slightly Delayed,2024,September,14
776120140,2023-11-12 03:51:53,25128143,131937,Instant & Frozen Food,2,575.62,Card,Significantly Delayed,2023,November,12
8293188779,2024-10-16 09:48:02,28991365,953175,Baby Care,1,225.21,UPI,On Time,2024,October,16
178737268,2023-06-18 19:52:44,2164524,942001,Pet Care,3,2014.6499999999999,UPI,On Time,2023,June,18
5246598523,2023-11-22 16:46:33,90665975,272170,Instant & Frozen Food,2,281.6,Cash,Significantly Delayed,2023,November,22
1172544737,2023-11-24 07:36:36,30188374,602241,Snacks & Munchies,2,1953.1,Cash,Slightly Delayed,2023,November,24
6419533291,2023-07-28 05:02:16,92404798,124290,Personal Care,1,39.65,Wallet,On Time,2023,July,28
882083749,2023-06-18 12:52:28,51833636,398340,Instant & Frozen Food,1,651.93,Cash,On Time,2023,June,18
3185510401,2024-10-14 00:24:10,43990799,136533,Dairy & Breakfast,1,826.21,UPI,On Time,2024,October,14
7760767006,2023-08-19 12:04:44,93018527,667163,Cold Drinks & Juices,2,882.4,UPI,On Time,2023,August,19
3833878150,2024-06-23 18:54:35,644189,140154,Personal Care,1,171.2,Cash,Significantly Delayed,2024,June,23
369899578,2023-08-19 14:17:49,44198187,525531,Pet Care,1,831.1,Cash,On Time,2023,August,19
1944466212,2024-09-09 14:02:49,70798876,990993,Snacks & Munchies,1,263.7,UPI,On Time,2024,September,9
4064447117,2024-02-25 22:19:59,6061349,284460,Fruits & Vegetables,1,505.95,Cash,Significantly Delayed,2024,February,25
1553685597,2024-10-28 00:27:04,22822088,647462,Personal Care,3,979.26,Card,Significantly Delayed,2024,October,28
3682284811,2024-07-18 20:57:10,96009692,848226,Fruits & Vegetables,1,209.59,UPI,On Time,2024,July,18
291439357,2023-04-11 02:13:39,62679120,615545,Personal Care,2,896.32,UPI,On Time,2023,April,11
8285784194,2024-09-30 15:47:01,17390673,799952,Dairy & Breakfast,1,922.64,UPI,On Time,2024,September,30
5058742647,2024-09-17 23:35:30,29562254,679865,Grocery & Staples,2,695.82,UPI,On Time,2024,September,17
6917020296,2024-07-10 21:48:57,34655710,747801,Household Care,1,277.76,Card,On Time,2024,July,10
6671181961,2023-10-13 05:37:23,50968312,461804,Grocery & Staples,3,932.0699999999999,Wallet,On Time,2023,October,13
5123439997,2024-02-15 18:57:33,89886179,89084,Dairy & Breakfast,2,1197.66,Cash,On Time,2024,February,15
8510183245,2024-10-01 20:56:57,3897936,587420,Snacks & Munchies,3,1072.26,Wallet,On Time,2024,October,1
6081384585,2024-03-04 04:03:00,94529626,942001,Pet Care,1,671.55,Cash,On Time,2024,March,4
4423613746,2023-08-27 18:01:35,98088303,969851,Instant & Frozen Food,3,1021.98,UPI,Slightly Delayed,2023,August,27
1530472691,2024-08-09 14:17:38,82169898,611575,Instant & Frozen Food,1,482.06,UPI,Slightly Delayed,2024,August,9
7009303199,2024-02-25 10:37:03,85519349,600767,Personal Care,3,2167.2599999999998,UPI,Slightly Delayed,2024,February,25
5386652055,2024-04-16 15:24:06,71252391,329351,Dairy & Breakfast,3,932.61,Card,Slightly Delayed,2024,April,16
4413239746,2023-04-10 07:24:44,22915611,131937,Instant & Frozen Food,1,287.81,UPI,Slightly Delayed,2023,April,10
4988875078,2023-07-23 15:48:57,65514005,53833,Grocery & Staples,1,134.69,UPI,Slightly Delayed,2023,July,23
1617565217,2024-06-01 12:51:43,43518622,726958,Pet Care,1,887.48,UPI,On Time,2024,June,1
392038758,2024-07-23 18:36:20,24144240,863930,Personal Care,3,727.71,Card,Slightly Delayed,2024,July,23
1828727552,2024-03-26 14:32:53,12455156,820973,Baby Care,3,343.56,Cash,On Time,2024,March,26
7119397338,2024-10-28 22:53:36,25850478,124290,Personal Care,2,79.3,Cash,On Time,2024,October,28
2611271708,2024-04-26 05:34:58,11446157,798639,Dairy & Breakfast,3,633.75,Card,On Time,2024,April,26
7162509481,2024-10-17 00:59:37,1174162,606256,Instant & Frozen Food,3,1107.84,Wallet,On Time,2024,October,17
131913576,2023-10-17 03:00:39,48228547,871592,Fruits & Vegetables,3,2610.87,Wallet,On Time,2023,October,17
6627201490,2023-12-10 14:55:32,28991365,812607,Fruits & Vegetables,1,416.65,Cash,Slightly Delayed,2023,December,10
4644950813,2023-08-21 09:02:19,81655250,153019,Fruits & Vegetables,3,2843.8500000000004,Card,On Time,2023,August,21
9434934993,2024-08-09 07:08:04,92027021,397973,Fruits & Vegetables,1,728.73,Cash,Slightly Delayed,2024,August,9
2556317798,2023-09-14 03:54:55,29562072,679284,Pharmacy,3,2633.67,Cash,On Time,2023,September,14
2826150539,2023-11-05 10:24:11,24456825,859361,Personal Care,3,1297.17,Card,On Time,2023,November,5
4283803308,2023-12-08 04:15:17,4543215,942001,Pet Care,1,671.55,UPI,On Time,2023,December,8
6873424093,2024-02-10 23:18:46,35705377,34186,Fruits & Vegetables,3,2776.95,UPI,On Time,2024,February,10
4741294126,2024-09-05 08:27:06,66354642,604184,Household Care,3,1192.65,Cash,On Time,2024,September,5
4967241271,2023-05-03 22:35:20,45708879,587645,Pharmacy,2,1603.62,Wallet,On Time,2023,May,3
9554079946,2023-12-23 09:57:12,69516494,561860,Cold Drinks & Juices,1,874.78,Wallet,On Time,2023,December,23
4601205399,2023-07-14 20:15:51,97111069,673058,Pharmacy,2,1531.52,Wallet,On Time,2023,July,14
5633967304,2024-01-30 19:14:01,72605638,704868,Household Care,2,386.92,Cash,Slightly Delayed,2024,January,30
4168163237,2023-07-06 00:28:47,47503133,592784,Snacks & Munchies,1,280.35,Wallet,Slightly Delayed,2023,July,6
5924297360,2024-09-09 21:59:31,59197894,654623,Snacks & Munchies,3,1266.42,Wallet,Slightly Delayed,2024,September,9
2120299901,2024-06-12 09:32:04,28499191,767398,Household Care,2,44.28,Card,On Time,2024,June,12
1070876534,2024-02-21 19:01:21,59329145,712307,Cold Drinks & Juices,2,529.78,Cash,On Time,2024,February,21
7032280048,2023-09-15 22:21:31,18567760,274207,Pharmacy,2,657.02,UPI,On Time,2023,September,15
156346853,2023-03-30 09:00:22,57331847,490602,Grocery & Staples,1,549.47,Card,Slightly Delayed,2023,March,30
6873267326,2024-02-10 07:52:23,45546750,319388,Cold Drinks & Juices,1,657.8,Cash,Slightly Delayed,2024,February,10
1370661468,2023-09-27 02:02:46,64795608,187399,Instant & Frozen Food,3,160.47,Wallet,On Time,2023,September,27
3612128358,2024-04-24 23:13:39,8513589,4452,Baby Care,1,169.88,UPI,On Time,2024,April,24
1736953222,2024-02-18 14:00:30,86704661,146840,Dairy & Breakfast,2,1573.7,Wallet,Slightly Delayed,2024,February,18
9107923488,2023-11-20 04:53:01,85354059,4452,Baby Care,1,169.88,Wallet,On Time,2023,November,20
4378877600,2023-11-27 11:09:25,46989310,952168,Snacks & Munchies,2,473.9,Wallet,Slightly Delayed,2023,November,27
3232762361,2023-07-24 15:36:05,22613559,124290,Personal Care,3,118.94999999999999,Wallet,On Time,2023,July,24
1831641377,2024-03-19 04:14:41,76971644,219598,Personal Care,3,1101.24,Cash,Slightly Delayed,2024,March,19
562428866,2023-04-17 19:29:17,57833505,432617,Baby Care,3,2589.54,Card,Slightly Delayed,2023,April,17
4607715908,2024-08-24 22:51:27,59095971,555121,Fruits & Vegetables,2,709.82,UPI,Slightly Delayed,2024,August,24
4804575203,2023-05-23 21:43:41,53974737,587420,Snacks & Munchies,3,1072.26,Wallet,Significantly Delayed,2023,May,23
8287234948,2024-10-07 07:48:35,47939657,953175,Baby Care,1,225.21,UPI,On Time,2024,October,7
6074452586,2023-09-01 08:30:26,78806824,965755,Fruits & Vegetables,1,532.57,Cash,On Time,2023,September,1
6821790656,2024-08-03 13:10:35,66710182,487931,Grocery & Staples,2,1418.16,Wallet,On Time,2024,August,3
7821942520,2024-02-12 23:57:16,84468124,490939,Personal Care,1,80.25,Wallet,On Time,2024,February,12
3012496270,2023-04-06 03:45:57,27604184,848226,Fruits & Vegetables,2,419.18,UPI,On Time,2023,April,6
8980370750,2023-09-15 14:47:03,76971644,56589,Pharmacy,1,517.77,Card,On Time,2023,September,15
6535672015,2023-05-05 08:41:49,4758426,798639,Dairy & Breakfast,3,633.75,UPI,On Time,2023,May,5
6999060704,2023-04-28 15:55:23,15534747,137909,Pharmacy,2,1728.6,Wallet,Slightly Delayed,2023,April,28
9403732731,2024-05-26 15:50:08,73393269,131748,Pet Care,2,162.7,Cash,On Time,2024,May,26
5649255352,2024-10-30 23:39:54,84119685,449106,Personal Care,3,145.64999999999998,Cash,On Time,2024,October,30
5034409841,2023-08-15 03:17:51,46629917,700048,Household Care,1,141.28,Wallet,Significantly Delayed,2023,August,15
9072111617,2024-09-15 22:20:56,49985597,112390,Personal Care,1,877.98,UPI,On Time,2024,September,15
9556880451,2023-10-08 11:26:54,48778633,621677,Instant & Frozen Food,3,953.4000000000001,Card,On Time,2023,October,8
4602796463,2024-09-12 05:20:17,22047134,859361,Personal Care,3,1297.17,UPI,On Time,2024,September,12
6061353924,2024-03-03 22:15:37,49241309,291238,Snacks & Munchies,1,746.03,Wallet,On Time,2024,March,3
4366519080,2023-05-29 17:54:41,63339001,764014,Grocery & Staples,2,1224.08,Cash,On Time,2023,May,29
1324817141,2023-08-17 22:02:37,71694275,739448,Household Care,1,755.66,Card,On Time,2023,August,17
5419080144,2024-11-01 16:44:12,55404382,89084,Dairy & Breakfast,2,1197.66,Cash,On Time,2024,November,1
8813470284,2024-01-04 05:16:34,57537308,77308,Fruits & Vegetables,1,223.27,Card,On Time,2024,January,4
3182992799,2023-10-18 13:55:00,81906973,449106,Personal Care,2,97.1,Cash,Slightly Delayed,2023,October,18
7792996715,2024-01-03 15:04:47,22081691,961614,Snacks & Munchies,3,681.66,Card,On Time,2024,January,3
6962624734,2023-04-27 08:57:43,88866835,491314,Instant & Frozen Food,3,2920.32,Wallet,On Time,2023,April,27
5948662456,2023-06-29 18:25:14,35988028,848226,Fruits & Vegetables,1,209.59,Card,On Time,2023,June,29
3395675979,2023-06-10 15:59:50,88202341,300159,Cold Drinks & Juices,1,44.35,Cash,On Time,2023,June,10
7550368787,2023-12-30 17:50:47,51592174,237083,Pharmacy,2,1154.26,Cash,Slightly Delayed,2023,December,30
8357671697,2024-04-14 00:42:08,97388817,677169,Pharmacy,3,783.0899999999999,Wallet,On Time,2024,April,14
9600704922,2023-11-13 12:31:56,90372221,833557,Dairy & Breakfast,3,1268.6100000000001,Cash,On Time,2023,November,13
9915229426,2024-02-03 02:47:57,12832151,112390,Personal Care,2,1755.96,Cash,On Time,2024,February,3
9927474026,2023-03-28 04:07:24,94137242,567671,Snacks & Munchies,1,418.48,Cash,Slightly Delayed,2023,March,28
6310535397,2023-05-26 17:46:19,21461764,968887,Household Care,1,40.7,Card,On Time,2023,May,26
8045941430,2023-05-24 15:07:03,67829645,723678,Pet Care,2,1350.92,Wallet,On Time,2023,May,24
4390394582,2024-11-02 11:28:29,49795571,171602,Cold Drinks & Juices,2,1766.88,Cash,On Time,2024,November,2
5062545226,2023-11-28 04:16:44,84275450,673058,Pharmacy,2,1531.52,Wallet,On Time,2023,November,28
2836701831,2024-06-13 14:15:45,62323608,837480,Pharmacy,3,652.2,Card,On Time,2024,June,13
4115492281,2024-01-07 01:31:47,32540616,435929,Household Care,1,856.89,Wallet,On Time,2024,January,7
3554645781,2024-04-25 14:58:42,26227445,53833,Grocery & Staples,3,404.07,Card,Slightly Delayed,2024,April,25
3983605701,2024-01-27 12:28:20,19067680,264803,Pharmacy,3,2987.94,Card,Slightly Delayed,2024,January,27
8581516385,2023-12-14 19:30:41,8241122,500633,Dairy & Breakfast,1,154.5,Card,On Time,2023,December,14
8290229112,2024-03-09 05:06:27,88923048,473647,Personal Care,1,43.05,Wallet,On Time,2024,March,9
1195560119,2023-04-03 17:20:14,83039559,606256,Instant & Frozen Food,1,369.28,Cash,On Time,2023,April,3
5077327994,2023-08-01 20:07:55,243838,700048,Household Care,1,141.28,Card,On Time,2023,August,1
2945185661,2023-07-09 12:02:20,81102955,903336,Grocery & Staples,3,1655.6399999999999,Card,On Time,2023,July,9
3951005873,2024-10-03 15:03:55,52085702,587420,Snacks & Munchies,3,1072.26,Wallet,On Time,2024,October,3
3490816523,2024-01-27 20:17:17,25128143,880510,Dairy & Breakfast,3,2854.29,Card,Slightly Delayed,2024,January,27
6739114301,2023-03-26 18:06:22,51544662,33955,Instant & Frozen Food,1,186.08,UPI,On Time,2023,March,26
5728818155,2023-11-03 00:57:05,31000129,243235,Pet Care,3,327.09000000000003,Cash,Slightly Delayed,2023,November,3
7713651693,2023-08-07 01:57:01,8351747,891833,Dairy & Breakfast,1,493.19,Wallet,On Time,2023,August,7
5452048621,2024-10-22 15:15:22,22483684,706112,Pharmacy,2,957.58,Wallet,Slightly Delayed,2024,October,22
2297027645,2024-04-17 20:56:49,36578947,897083,Household Care,1,972.69,Card,On Time,2024,April,17
2438302298,2023-04-24 00:00:48,77862447,954722,Instant & Frozen Food,2,1232.9,Cash,Slightly Delayed,2023,April,24
578811216,2024-06-18 10:23:42,75739462,563740,Snacks & Munchies,1,96.33,Wallet,Significantly Delayed,2024,June,18
8684710720,2023-09-12 02:25:31,74172010,621677,Instant & Frozen Food,3,953.4000000000001,Cash,On Time,2023,September,12
1249797614,2024-06-27 18:33:11,54797119,327290,Grocery & Staples,1,862.28,Card,On Time,2024,June,27
8013026217,2023-03-21 12:31:23,52337289,672059,Personal Care,1,672.73,Cash,On Time,2023,March,21
5421697986,2023-05-26 02:27:40,95971469,606256,Instant & Frozen Food,2,738.56,Wallet,On Time,2023,May,26
8922741261,2024-08-11 00:35:08,22133362,863930,Personal Care,3,727.71,Cash,On Time,2024,August,11
3441102335,2023-11-04 00:26:33,12077371,516376,Fruits & Vegetables,3,2632.29,Wallet,On Time,2023,November,4
6065607924,2024-05-08 08:15:44,91868185,63769,Personal Care,2,1756.14,UPI,On Time,2024,May,8
5153395650,2023-03-23 15:24:35,94033330,478531,Fruits & Vegetables,1,825.46,Card,On Time,2023,March,23
2215235447,2024-09-16 17:11:09,88215615,298985,Pharmacy,1,183.76,Card,On Time,2024,September,16
5678676134,2024-09-21 15:30:00,76917159,319388,Cold Drinks & Juices,1,657.8,Card,On Time,2024,September,21
5045588926,2023-07-04 16:03:56,67092149,60619,Cold Drinks & Juices,1,726.41,UPI,On Time,2023,July,4
1677502866,2024-01-18 08:32:32,24644542,969851,Instant & Frozen Food,1,340.66,UPI,On Time,2024,January,18
4777610024,2024-05-25 03:32:47,81808190,433521,Baby Care,3,963.99,Cash,Slightly Delayed,2024,May,25
477350788,2023-10-12 05:02:47,3638834,762527,Snacks & Munchies,2,1380.16,UPI,On Time,2023,October,12
4616699342,2023-04-16 07:19:57,11446157,818990,Fruits & Vegetables,2,327.1,Card,On Time,2023,April,16
8849914077,2024-01-30 00:01:27,32527479,154179,Pharmacy,3,1748.6100000000001,Wallet,On Time,2024,January,30
9183435457,2024-10-21 23:54:41,25722990,107548,Cold Drinks & Juices,1,891.6,Card,On Time,2024,October,21
6922646336,2023-06-23 23:49:44,92416428,799952,Dairy & Breakfast,3,2767.92,Cash,On Time,2023,June,23
3228806806,2023-06-29 08:21:20,70543108,679865,Grocery & Staples,2,695.82,Wallet,Significantly Delayed,2023,June,29
4893095476,2024-10-04 21:08:49,21409946,444361,Pharmacy,2,1645.26,Card,Slightly Delayed,2024,October,4
7773468233,2023-10-05 08:15:49,22210238,462526,Dairy & Breakfast,2,899.94,Wallet,On Time,2023,October,5
5928657526,2023-10-14 12:34:49,22076522,473929,Fruits & Vegetables,2,880.38,Card,On Time,2023,October,14
4435936422,2023-12-01 19:44:39,47206881,837480,Pharmacy,2,434.8,Wallet,On Time,2023,December,1
6031122324,2024-06-25 15:25:20,28603182,298985,Pharmacy,1,183.76,UPI,On Time,2024,June,25
7286969496,2023-06-21 15:49:03,75913572,366066,Personal Care,3,2755.7400000000002,Card,On Time,2023,June,21
4665508413,2023-11-02 01:31:14,77035814,433521,Baby Care,2,642.66,Cash,On Time,2023,November,2
9224598372,2024-03-31 13:19:14,50015282,962054,Cold Drinks & Juices,1,16.86,UPI,On Time,2024,March,31
842020543,2024-08-14 11:06:48,99231937,927651,Baby Care,1,426.72,UPI,On Time,2024,August,14
7237143327,2023-06-09 20:54:07,96253172,820973,Baby Care,1,114.52,UPI,On Time,2023,June,9
5095141954,2023-08-05 08:19:54,1469696,133542,Household Care,1,68.49,Card,On Time,2023,August,5
6229535077,2024-04-01 05:57:44,77869660,739534,Household Care,2,1989.12,Cash,On Time,2024,April,1
2984879441,2024-04-22 07:45:06,16379942,557908,Pharmacy,1,942.37,Cash,On Time,2024,April,22
785895477,2023-03-19 18:55:34,11389698,771228,Pet Care,2,166.36,Wallet,Significantly Delayed,2023,March,19
6220343481,2023-06-02 23:01:29,79895967,525531,Pet Care,3,2493.3,UPI,On Time,2023,June,2
5897343054,2023-03-21 04:16:27,52815265,991434,Snacks & Munchies,1,237.62,Card,Significantly Delayed,2023,March,21
60465,2024-10-23 05:23:29,15808945,361361,Snacks & Munchies,2,1652.42,UPI,On Time,2024,October,23
2245476104,2023-06-01 09:19:59,8628482,327290,Grocery & Staples,3,2586.84,Wallet,On Time,2023,June,1
6347292505,2024-06-24 19:43:14,83597876,658389,Snacks & Munchies,1,152.55,Cash,Slightly Delayed,2024,June,24
8321900643,2023-10-31 21:33:55,1655637,611575,Instant & Frozen Food,2,964.12,Card,On Time,2023,October,31
9639033064,2024-08-15 21:12:38,20314691,949818,Snacks & Munchies,1,483.05,Card,On Time,2024,August,15
2748368258,2023-08-03 23:54:52,92404798,478531,Fruits & Vegetables,3,2476.38,Card,On Time,2023,August,3
1444371693,2023-05-06 08:21:49,9274874,455083,Dairy & Breakfast,3,2877.0299999999997,Card,On Time,2023,May,6
7111342746,2024-10-19 15:38:16,35459748,914071,Snacks & Munchies,1,296.94,Card,On Time,2024,October,19
9457576236,2023-11-29 18:09:10,80800079,52729,Pet Care,3,948.06,UPI,Slightly Delayed,2023,November,29
4167252733,2023-11-27 16:52:53,70589930,991434,Snacks & Munchies,2,475.24,Cash,On Time,2023,November,27
4304875010,2024-01-27 05:15:05,89995124,425341,Pet Care,1,486.28,UPI,On Time,2024,January,27
4870910859,2023-07-04 04:47:00,88532418,516376,Fruits & Vegetables,3,2632.29,Card,On Time,2023,July,4
3674118222,2024-07-25 07:34:25,32868927,839170,Dairy & Breakfast,2,963.26,UPI,Slightly Delayed,2024,July,25
38408517,2023-11-26 08:38:03,39674723,378287,Cold Drinks & Juices,2,665.68,Cash,Significantly Delayed,2023,November,26
3081609596,2023-04-09 04:16:53,7076456,712003,Cold Drinks & Juices,3,2015.04,Card,On Time,2023,April,9
1390229631,2023-08-07 07:39:06,67952740,654623,Snacks & Munchies,1,422.14,UPI,Slightly Delayed,2023,August,7
7498092418,2023-10-12 11:56:11,50968312,799688,Personal Care,1,309.62,Cash,Slightly Delayed,2023,October,12
3334055527,2023-04-18 12:19:04,79298972,784673,Pet Care,2,982.78,Cash,On Time,2023,April,18
8729426842,2023-06-07 03:07:57,37904682,942001,Pet Care,2,1343.1,Wallet,On Time,2023,June,7
1722808791,2023-05-16 12:18:04,51014003,432617,Baby Care,1,863.18,Cash,On Time,2023,May,16
9775070757,2024-03-15 06:50:36,55042740,264803,Pharmacy,1,995.98,UPI,Slightly Delayed,2024,March,15
4737779056,2024-08-08 23:52:43,43980719,491521,Snacks & Munchies,3,1669.0500000000002,Wallet,On Time,2024,August,8
2047483376,2023-10-15 15:42:58,11493380,51036,Baby Care,2,1863.22,Card,On Time,2023,October,15
4758632331,2023-09-06 03:07:59,34853377,753354,Personal Care,2,847.12,UPI,Significantly Delayed,2023,September,6
4741574337,2024-02-09 01:49:09,40841791,851978,Pharmacy,2,1431.44,Cash,On Time,2024,February,9
5805120939,2024-07-10 12:50:15,12277039,747801,Household Care,1,277.76,Wallet,Slightly Delayed,2024,July,10
7550508,2023-10-20 10:54:27,93127511,140154,Personal Care,2,342.4,Card,On Time,2023,October,20
1966056265,2024-08-11 04:52:11,63802820,305754,Instant & Frozen Food,1,979.99,Card,On Time,2024,August,11
6363072906,2024-07-08 15:33:40,29095552,26060,Pharmacy,2,685.88,Card,On Time,2024,July,8
7389054351,2023-12-22 06:50:03,25585013,563740,Snacks & Munchies,3,288.99,Cash,On Time,2023,December,22
7146572423,2023-06-01 18:32:03,80954112,557908,Pharmacy,2,1884.74,UPI,On Time,2023,June,1
4590810848,2023-05-24 12:11:07,20298398,516376,Fruits & Vegetables,3,2632.29,Cash,On Time,2023,May,24
9226364404,2023-11-22 23:38:13,29858395,876139,Grocery & Staples,3,1247.25,Wallet,Significantly Delayed,2023,November,22
6687792641,2024-05-20 06:53:38,93924203,914071,Snacks & Munchies,2,593.88,Wallet,On Time,2024,May,20
5183577434,2024-01-03 19:52:56,2134827,376447,Dairy & Breakfast,1,724.84,Card,On Time,2024,January,3
7440785414,2023-11-01 08:29:02,72132838,397973,Fruits & Vegetables,1,728.73,UPI,On Time,2023,November,1
7932057095,2023-09-20 03:04:19,73363613,26060,Pharmacy,2,685.88,UPI,On Time,2023,September,20
6126906924,2023-12-01 22:19:22,33675108,602241,Snacks & Munchies,1,976.55,Card,On Time,2023,December,1
8997788831,2023-03-23 23:23:53,72495274,146840,Dairy & Breakfast,2,1573.7,Card,On Time,2023,March,23
3480516243,2024-08-05 23:53:45,23567263,34186,Fruits & Vegetables,3,2776.95,UPI,On Time,2024,August,5
1234692850,2024-03-19 05:50:32,76971644,354409,Grocery & Staples,3,975.24,UPI,On Time,2024,March,19
4954911880,2023-04-09 03:59:19,82359623,136533,Dairy & Breakfast,2,1652.42,Wallet,On Time,2023,April,9
504060154,2023-07-18 20:40:32,55060796,839170,Dairy & Breakfast,2,963.26,Card,Significantly Delayed,2023,July,18
8723752267,2024-07-09 03:05:36,13494314,137909,Pharmacy,2,1728.6,Card,On Time,2024,July,9
5724116944,2024-06-20 20:28:08,93938425,366066,Personal Care,1,918.58,Cash,Slightly Delayed,2024,June,20
8161349145,2024-03-12 10:56:36,19080489,144124,Household Care,3,488.01,Cash,Slightly Delayed,2024,March,12
2985254380,2023-11-04 05:17:43,73377004,449106,Personal Care,2,97.1,Cash,On Time,2023,November,4
9837170359,2023-04-12 08:37:24,42723554,739534,Household Care,3,2983.68,Card,On Time,2023,April,12
3915323515,2024-09-11 00:36:04,32987624,681063,Cold Drinks & Juices,3,963.8399999999999,Card,On Time,2024,September,11
8829163586,2024-01-16 06:39:05,11387110,615545,Personal Care,3,1344.48,Card,On Time,2024,January,16
961526405,2024-10-10 13:33:00,63083547,516376,Fruits & Vegetables,1,877.43,Cash,On Time,2024,October,10
5792721465,2024-10-18 04:31:16,49617892,615545,Personal Care,3,1344.48,Card,On Time,2024,October,18
8094117960,2023-04-04 10:06:06,95018817,317242,Grocery & Staples,2,396.3,Cash,Slightly Delayed,2023,April,4
9318325652,2024-04-12 11:16:31,89986926,606256,Instant & Frozen Food,2,738.56,UPI,On Time,2024,April,12
852676412,2024-08-11 14:07:16,65570302,679284,Pharmacy,1,877.89,Wallet,Slightly Delayed,2024,August,11
6487883093,2024-10-19 01:28:09,37309023,990993,Snacks & Munchies,2,527.4,Card,On Time,2024,October,19
5398965602,2024-06-09 05:12:42,99412119,661577,Pet Care,3,2162.8500000000004,Card,Slightly Delayed,2024,June,9
6149664144,2024-10-21 02:14:42,52678787,681063,Cold Drinks & Juices,2,642.56,Card,Significantly Delayed,2024,October,21
6231586256,2023-05-03 23:11:50,12755730,329351,Dairy & Breakfast,2,621.74,UPI,On Time,2023,May,3
4598622116,2024-03-19 06:18:28,85518832,462526,Dairy & Breakfast,1,449.97,Cash,Significantly Delayed,2024,March,19
8971796779,2024-07-03 07:25:02,21786873,952168,Snacks & Munchies,3,710.8499999999999,Wallet,On Time,2024,July,3
2148246883,2023-09-21 08:05:46,93563435,131136,Grocery & Staples,3,113.39999999999999,Card,On Time,2023,September,21
4357632507,2024-09-13 02:31:41,6150721,298985,Pharmacy,3,551.28,Cash,On Time,2024,September,13
3323576462,2023-12-10 23:24:46,20163931,114414,Pharmacy,1,832.06,UPI,On Time,2023,December,10
4220834107,2023-09-29 21:58:34,74682740,876139,Grocery & Staples,3,1247.25,UPI,On Time,2023,September,29
4409513224,2024-10-26 17:06:24,12814732,721521,Grocery & Staples,3,1252.17,Card,Slightly Delayed,2024,October,26
5610159677,2023-08-31 12:25:40,90184276,760684,Grocery & Staples,3,214.79999999999998,Wallet,On Time,2023,August,31
6259219127,2023-05-12 21:31:44,21577948,714999,Dairy & Breakfast,1,882.51,Card,On Time,2023,May,12
5628497118,2024-10-24 08:05:56,50229203,51036,Baby Care,1,931.61,Card,Slightly Delayed,2024,October,24
1508576390,2023-07-27 08:37:51,81541985,602241,Snacks & Munchies,2,1953.1,UPI,Significantly Delayed,2023,July,27
5922953060,2024-09-13 18:08:03,96628029,34186,Fruits & Vegetables,1,925.65,Card,On Time,2024,September,13
5130838561,2023-07-26 19:47:28,10524732,771228,Pet Care,1,83.18,Wallet,On Time,2023,July,26
3217749279,2023-09-29 04:16:36,40643232,327290,Grocery & Staples,3,2586.84,Cash,On Time,2023,September,29
9279422297,2023-04-07 10:39:15,15043066,954722,Instant & Frozen Food,3,1849.3500000000001,Card,On Time,2023,April,7
222955546,2023-09-27 18:47:23,51661209,566052,Pharmacy,1,87.3,Wallet,Significantly Delayed,2023,September,27
8290493339,2024-01-29 17:37:49,69340015,602241,Snacks & Munchies,3,2929.6499999999996,Card,On Time,2024,January,29
6418952352,2023-08-31 15:44:34,34381941,667163,Cold Drinks & Juices,3,1323.6,Card,On Time,2023,August,31
8978231928,2024-10-30 16:12:20,73799927,243235,Pet Care,3,327.09000000000003,Wallet,Slightly Delayed,2024,October,30
3746306403,2023-07-03 01:48:54,47625855,890623,Fruits & Vegetables,1,354.52,Wallet,On Time,2023,July,3
3157198428,2024-10-30 05:05:11,61753272,927651,Baby Care,1,426.72,Cash,On Time,2024,October,30
981939883,2023-05-03 16:43:24,51119088,461804,Grocery & Staples,1,310.69,Cash,Slightly Delayed,2023,May,3
6569836274,2024-06-24 17:12:34,5228136,913428,Pet Care,2,784.44,Cash,Slightly Delayed,2024,June,24
5695124358,2024-05-16 05:05:56,90144978,317242,Grocery & Staples,3,594.45,Cash,On Time,2024,May,16
773335066,2023-07-24 21:59:43,26935187,833557,Dairy & Breakfast,1,422.87,Card,On Time,2023,July,24
3618712852,2023-10-14 05:20:24,27049432,970529,Baby Care,3,2482.32,Wallet,On Time,2023,October,14
6009732867,2024-08-02 07:29:36,6982488,94225,Household Care,1,77.11,Cash,On Time,2024,August,2
7269785858,2024-08-04 03:58:54,47939657,274207,Pharmacy,1,328.51,Cash,On Time,2024,August,4
5798831066,2024-04-16 21:48:06,42102289,33955,Instant & Frozen Food,2,372.16,UPI,On Time,2024,April,16
5330654120,2024-11-03 03:47:18,90299101,969851,Instant & Frozen Food,1,340.66,Wallet,On Time,2024,November,3
462189338,2023-09-04 03:35:49,34755436,839170,Dairy & Breakfast,1,481.63,Card,On Time,2023,September,4
7536187765,2024-04-15 19:33:23,19091057,927651,Baby Care,2,853.44,Cash,On Time,2024,April,15
9938820107,2023-11-07 10:46:13,27304727,51036,Baby Care,3,2794.83,Cash,On Time,2023,November,7
9410751894,2024-07-25 06:19:25,44859592,652118,Instant & Frozen Food,1,22.04,Cash,On Time,2024,July,25
9172888683,2024-06-18 01:08:02,71956734,14145,Fruits & Vegetables,3,1892.52,UPI,On Time,2024,June,18
8018695018,2023-05-04 00:11:26,68419593,124290,Personal Care,3,118.94999999999999,UPI,Slightly Delayed,2023,May,4
7456610316,2024-07-03 05:52:52,74231111,901144,Grocery & Staples,2,680.72,Wallet,On Time,2024,July,3
5627902734,2023-03-16 19:11:26,69415494,927651,Baby Care,3,1280.16,UPI,On Time,2023,March,16
5189768940,2023-10-05 08:20:29,50045027,327290,Grocery & Staples,2,1724.56,Cash,On Time,2023,October,5
173709007,2023-10-09 03:17:24,43034188,306177,Instant & Frozen Food,3,2307.7200000000003,UPI,Significantly Delayed,2023,October,9
1485229334,2023-07-19 05:19:43,17132416,667163,Cold Drinks & Juices,1,441.2,Card,On Time,2023,July,19
9334479603,2023-04-16 20:15:21,49147776,34200,Personal Care,2,639.6,Card,On Time,2023,April,16
8674211510,2023-09-01 10:58:12,10562528,654297,Fruits & Vegetables,1,13.25,Wallet,On Time,2023,September,1
390257855,2023-04-22 18:15:18,5228136,937542,Grocery & Staples,1,97.04,UPI,On Time,2023,April,22
6642374542,2024-08-30 20:29:58,32019725,462526,Dairy & Breakfast,2,899.94,Cash,On Time,2024,August,30
6585999443,2023-06-10 06:26:25,93730857,444361,Pharmacy,1,822.63,UPI,On Time,2023,June,10
622705569,2024-07-07 09:20:21,93723634,337168,Dairy & Breakfast,2,1090.98,Card,On Time,2024,July,7
1635083835,2023-09-27 08:43:18,79135318,681063,Cold Drinks & Juices,2,642.56,Card,Slightly Delayed,2023,September,27
7359512417,2024-08-30 06:37:00,96511007,606256,Instant & Frozen Food,3,1107.84,Card,Slightly Delayed,2024,August,30
9237698013,2024-08-15 20:42:56,79895967,382511,Dairy & Breakfast,3,2107.62,UPI,On Time,2024,August,15
3492935177,2024-03-24 00:55:20,3660263,757274,Pet Care,1,98.32,Wallet,On Time,2024,March,24
4324086468,2024-02-25 04:33:09,68486301,734789,Snacks & Munchies,1,395.82,Card,On Time,2024,February,25
9171218505,2024-05-31 15:09:35,89968482,378230,Snacks & Munchies,1,166.42,Cash,Significantly Delayed,2024,May,31
5068157547,2023-10-10 13:05:06,46741896,186168,Pet Care,3,2636.3999999999996,UPI,On Time,2023,October,10
8558710948,2024-06-21 18:44:51,70459847,880510,Dairy & Breakfast,1,951.43,Wallet,On Time,2024,June,21
3184669775,2024-05-13 02:47:12,71643758,34200,Personal Care,3,959.4000000000001,Cash,Significantly Delayed,2024,May,13
7079324691,2023-04-04 09:05:35,38902193,398340,Instant & Frozen Food,3,1955.79,UPI,On Time,2023,April,4
4210311922,2023-05-17 20:54:34,56195475,120532,Grocery & Staples,2,1395.06,UPI,On Time,2023,May,17
7660037070,2024-02-16 20:58:57,82585664,784673,Pet Care,3,1474.17,Wallet,On Time,2024,February,16
9410025634,2024-01-28 03:08:47,59643062,9436,Personal Care,3,265.29,Card,On Time,2024,January,28
6798589010,2023-09-27 15:18:51,18035010,11422,Fruits & Vegetables,1,127.16,UPI,Slightly Delayed,2023,September,27
5401466202,2024-09-26 19:49:44,12305040,478531,Fruits & Vegetables,3,2476.38,Card,Slightly Delayed,2024,September,26
9102648124,2024-01-06 15:27:13,81533356,859361,Personal Care,3,1297.17,UPI,Slightly Delayed,2024,January,6
1969956670,2024-10-24 01:26:23,32203588,848226,Fruits & Vegetables,1,209.59,Wallet,Slightly Delayed,2024,October,24
1194228460,2024-03-11 16:11:01,61516967,140489,Personal Care,3,1950.6000000000001,Card,On Time,2024,March,11
9628463148,2024-08-25 16:54:55,12814732,566052,Pharmacy,3,261.9,UPI,On Time,2024,August,25
7745364283,2023-06-18 18:50:01,25585013,654623,Snacks & Munchies,1,422.14,Wallet,On Time,2023,June,18
9892343037,2024-07-31 02:40:27,55472026,131748,Pet Care,3,244.04999999999998,Cash,Significantly Delayed,2024,July,31
1588828749,2023-11-17 13:40:42,11540364,53833,Grocery & Staples,3,404.07,UPI,On Time,2023,November,17
4037647778,2023-03-17 05:37:10,63802820,144124,Household Care,2,325.34,Wallet,On Time,2023,March,17
6664301655,2023-07-31 01:34:44,57474553,367391,Baby Care,1,939.55,Wallet,On Time,2023,July,31
7096225581,2024-06-27 13:54:51,6319646,6405,Baby Care,1,236.51,Wallet,On Time,2024,June,27
79029185,2024-06-06 13:46:34,39645619,820973,Baby Care,3,343.56,Cash,Slightly Delayed,2024,June,6
7831967187,2023-06-06 00:47:41,81528623,993331,Grocery & Staples,3,307.32,Card,On Time,2023,June,6
482214790,2023-04-10 05:37:48,31156674,51036,Baby Care,3,2794.83,Wallet,On Time,2023,April,10
5931307224,2023-11-27 08:46:41,2361575,891833,Dairy & Breakfast,1,493.19,Cash,Significantly Delayed,2023,November,27
6410432854,2023-11-23 13:40:14,28995786,894539,Household Care,3,1336.44,Wallet,Slightly Delayed,2023,November,23
6124624375,2024-09-12 04:06:44,26844216,644847,Grocery & Staples,2,1245.62,Wallet,Slightly Delayed,2024,September,12
8992870838,2023-09-17 06:19:15,46504355,757274,Pet Care,2,196.64,Cash,On Time,2023,September,17
8377146126,2024-02-27 17:32:31,33331259,291238,Snacks & Munchies,3,2238.09,Wallet,On Time,2024,February,27
7852428533,2023-06-05 06:19:09,9246851,602241,Snacks & Munchies,3,2929.6499999999996,Wallet,Slightly Delayed,2023,June,5
9258876870,2024-03-14 16:02:39,26303194,131748,Pet Care,1,81.35,Wallet,On Time,2024,March,14
6810940082,2023-11-02 14:40:54,84953008,606256,Instant & Frozen Food,3,1107.84,Cash,On Time,2023,November,2
3330538479,2024-01-23 16:21:51,98246574,771228,Pet Care,2,166.36,Card,On Time,2024,January,23
7270469981,2023-07-28 03:37:24,22210238,131748,Pet Care,1,81.35,UPI,On Time,2023,July,28
5636241570,2024-06-21 20:13:31,94281220,306177,Instant & Frozen Food,1,769.24,UPI,On Time,2024,June,21
4467471002,2023-11-27 13:08:59,74179536,51036,Baby Care,1,931.61,Wallet,Significantly Delayed,2023,November,27
6201821502,2024-05-03 13:04:47,45166203,555121,Fruits & Vegetables,3,1064.73,UPI,Slightly Delayed,2024,May,3
6144140039,2024-03-22 18:58:48,66233704,324809,Dairy & Breakfast,1,608.0,Cash,On Time,2024,March,22
3310749597,2023-07-05 04:10:43,95372766,611575,Instant & Frozen Food,3,1446.18,Cash,Slightly Delayed,2023,July,5
5085488484,2023-12-09 11:46:45,67215939,56589,Pharmacy,1,517.77,Cash,On Time,2023,December,9
587498345,2024-06-28 03:45:22,69863493,970529,Baby Care,2,1654.88,Cash,Slightly Delayed,2024,June,28
5136205193,2023-08-22 07:04:34,82804543,473929,Fruits & Vegetables,1,440.19,Card,On Time,2023,August,22
9321319130,2023-12-31 11:47:11,48943848,807452,Grocery & Staples,1,144.19,Card,On Time,2023,December,31
9113393578,2023-12-09 00:01:07,82359623,832348,Snacks & Munchies,1,831.43,Cash,On Time,2023,December,9
3860678807,2023-04-19 14:13:34,65488134,378287,Cold Drinks & Juices,3,998.52,Card,Slightly Delayed,2023,April,19
3603683788,2023-08-18 09:47:35,31026200,478531,Fruits & Vegetables,1,825.46,UPI,On Time,2023,August,18
4472082279,2023-10-15 04:30:26,41181125,753354,Personal Care,2,847.12,UPI,On Time,2023,October,15
4104732514,2024-06-13 19:44:54,35156679,927651,Baby Care,1,426.72,Cash,On Time,2024,June,13
9050314096,2023-05-26 07:15:43,75510747,196719,Fruits & Vegetables,2,435.0,Wallet,On Time,2023,May,26
9296105870,2024-02-21 17:03:42,77614510,692985,Grocery & Staples,2,394.78,Wallet,On Time,2024,February,21
4678456188,2023-12-12 12:42:19,21701991,306177,Instant & Frozen Food,3,2307.7200000000003,Card,Significantly Delayed,2023,December,12
812386333,2024-09-18 10:20:36,72605638,567671,Snacks & Munchies,2,836.96,UPI,On Time,2024,September,18
8100314462,2024-02-10 14:36:00,15345667,760828,Pet Care,1,563.45,Card,Significantly Delayed,2024,February,10
781509952,2023-04-02 18:57:48,41878908,131748,Pet Care,2,162.7,Card,On Time,2023,April,2
1918416669,2023-05-08 22:55:16,99695529,77308,Fruits & Vegetables,1,223.27,UPI,On Time,2023,May,8
1152165724,2024-01-04 10:15:15,90448312,687218,Cold Drinks & Juices,3,953.46,Wallet,Significantly Delayed,2024,January,4
9664390656,2023-08-09 09:21:19,16420489,968887,Household Care,1,40.7,UPI,On Time,2023,August,9
2686950796,2023-05-15 08:13:32,22081691,961614,Snacks & Munchies,2,454.44,Cash,Significantly Delayed,2023,May,15
7332801173,2023-06-12 14:45:29,89472859,118820,Cold Drinks & Juices,1,12.32,Cash,On Time,2023,June,12
3503438244,2024-02-14 01:04:54,24745800,123983,Pharmacy,2,1571.34,Wallet,On Time,2024,February,14
4044591373,2024-04-19 14:16:19,65782437,578097,Snacks & Munchies,3,802.83,Cash,On Time,2024,April,19
7817195618,2023-05-16 23:58:22,40703374,945635,Grocery & Staples,3,2336.7,Card,On Time,2023,May,16
8974710941,2024-09-03 04:46:02,96109948,962591,Cold Drinks & Juices,1,130.01,Card,Slightly Delayed,2024,September,3
2811268404,2023-07-21 16:42:28,98691989,433521,Baby Care,2,642.66,UPI,Significantly Delayed,2023,July,21
7251548462,2024-07-07 17:24:52,8955057,114414,Pharmacy,3,2496.18,UPI,On Time,2024,July,7
352037003,2024-01-28 03:46:56,47955004,992178,Pharmacy,3,1897.29,Card,On Time,2024,January,28
8510312737,2024-03-06 14:58:39,89361574,313754,Snacks & Munchies,1,136.6,Wallet,On Time,2024,March,6
3242700095,2024-10-14 01:14:18,84468124,490939,Personal Care,1,80.25,Cash,On Time,2024,October,14
5833898647,2023-10-09 08:46:04,18256339,851978,Pharmacy,2,1431.44,Wallet,On Time,2023,October,9
7212771842,2023-04-29 21:57:29,80315623,60619,Cold Drinks & Juices,3,2179.23,Cash,On Time,2023,April,29
7799757050,2024-05-31 20:17:20,19556566,91670,Household Care,1,439.24,Cash,On Time,2024,May,31
9593303695,2023-07-05 11:15:43,22054087,951463,Pet Care,2,1574.8,Cash,Slightly Delayed,2023,July,5
7709693536,2023-09-05 19:40:37,59353207,89084,Dairy & Breakfast,2,1197.66,Card,Slightly Delayed,2023,September,5
5092922964,2023-11-22 14:16:24,92123198,114414,Pharmacy,3,2496.18,UPI,On Time,2023,November,22
8318806722,2024-07-25 12:29:19,67696145,196719,Fruits & Vegetables,2,435.0,UPI,Significantly Delayed,2024,July,25
4352870279,2024-07-23 14:04:34,60620291,153019,Fruits & Vegetables,2,1895.9,UPI,Significantly Delayed,2024,July,23
6722040962,2023-11-14 02:28:33,83412446,945635,Grocery & Staples,1,778.9,Card,On Time,2023,November,14
1690831615,2023-05-25 17:46:52,20625627,566052,Pharmacy,2,174.6,Cash,On Time,2023,May,25
6475689021,2023-05-20 20:52:25,16341776,397973,Fruits & Vegetables,1,728.73,Cash,On Time,2023,May,20
8361280131,2024-09-21 00:07:16,28280172,954722,Instant & Frozen Food,2,1232.9,Wallet,Slightly Delayed,2024,September,21
2664549359,2024-06-17 09:06:43,90586443,440875,Baby Care,1,275.03,Wallet,Slightly Delayed,2024,June,17
9510912773,2023-05-07 10:04:14,9274874,555121,Fruits & Vegetables,1,354.91,UPI,On Time,2023,May,7
3654462337,2023-09-23 03:12:41,35826539,659290,Dairy & Breakfast,2,638.68,Card,Slightly Delayed,2023,September,23
2308652017,2023-08-08 15:02:32,54877984,566052,Pharmacy,3,261.9,Card,On Time,2023,August,8
8300200841,2024-03-15 15:34:39,58214883,587420,Snacks & Munchies,2,714.84,Card,On Time,2024,March,15
5027243163,2024-03-19 12:55:48,85072416,540618,Snacks & Munchies,3,951.1500000000001,Card,On Time,2024,March,19
713290065,2023-11-05 11:13:41,42227189,799459,Pharmacy,3,2556.06,UPI,On Time,2023,November,5
2006434350,2023-06-24 15:43:32,20956158,136533,Dairy & Breakfast,1,826.21,Wallet,On Time,2023,June,24
6587221270,2023-12-23 00:58:59,20496835,120385,Pet Care,1,597.91,Wallet,On Time,2023,December,23
969705468,2024-01-06 20:16:18,25447967,256051,Personal Care,3,1202.76,UPI,On Time,2024,January,6
4492000627,2023-05-30 10:49:32,63262519,798639,Dairy & Breakfast,1,211.25,UPI,On Time,2023,May,30
977290328,2023-12-14 10:22:15,14428954,942001,Pet Care,2,1343.1,Cash,Significantly Delayed,2023,December,14
8735245723,2023-07-04 15:53:03,33331259,672059,Personal Care,3,2018.19,Wallet,On Time,2023,July,4
6299539090,2024-08-30 00:55:24,80796977,784673,Pet Care,3,1474.17,Cash,On Time,2024,August,30
2177211652,2023-06-29 22:32:02,15808945,784827,Baby Care,1,274.25,UPI,Significantly Delayed,2023,June,29
8972569491,2023-11-26 12:35:15,72366758,51036,Baby Care,3,2794.83,Cash,Significantly Delayed,2023,November,26
7658414712,2023-09-14 17:57:43,54216497,349294,Fruits & Vegetables,3,2804.25,Wallet,On Time,2023,September,14
2069355540,2024-07-27 16:24:39,98540377,183929,Dairy & Breakfast,1,738.74,Cash,On Time,2024,July,27
4084790776,2024-09-09 14:15:37,75674671,812607,Fruits & Vegetables,3,1249.9499999999998,UPI,On Time,2024,September,9
8716008121,2023-12-21 13:58:26,38613642,658389,Snacks & Munchies,3,457.65000000000003,Card,On Time,2023,December,21
9781965606,2023-07-12 16:39:41,8164639,784827,Baby Care,2,548.5,Cash,On Time,2023,July,12
8380133046,2024-02-05 17:25:35,40392019,681063,Cold Drinks & Juices,3,963.8399999999999,UPI,On Time,2024,February,5
691827543,2023-04-15 13:23:53,6637282,621677,Instant & Frozen Food,1,317.8,UPI,On Time,2023,April,15
5750245858,2023-04-07 00:49:00,41146001,217710,Dairy & Breakfast,3,175.77,Cash,Slightly Delayed,2023,April,7
1578150657,2024-10-16 06:10:47,32054313,382511,Dairy & Breakfast,2,1405.08,Wallet,Significantly Delayed,2024,October,16
9069556587,2024-02-29 11:58:29,41811800,747801,Household Care,1,277.76,Card,Slightly Delayed,2024,February,29
8396347551,2023-09-30 19:12:44,36737539,913428,Pet Care,1,392.22,Cash,On Time,2023,September,30
6083487488,2024-03-11 03:23:00,11143197,820973,Baby Care,3,343.56,Cash,Slightly Delayed,2024,March,11
3191281184,2023-07-01 16:09:53,67538982,853932,Baby Care,3,2823.57,Card,On Time,2023,July,1
6397409024,2024-01-03 08:18:04,12059049,762527,Snacks & Munchies,2,1380.16,Cash,Slightly Delayed,2024,January,3
9021529086,2024-03-16 18:58:55,12272282,107548,Cold Drinks & Juices,3,2674.8,Card,On Time,2024,March,16
8214544415,2023-12-28 17:28:42,56780331,537274,Pet Care,3,2108.13,Card,On Time,2023,December,28
8569302709,2023-10-07 19:29:11,7378768,131937,Instant & Frozen Food,3,863.4300000000001,Card,On Time,2023,October,7
2219192870,2024-01-18 01:38:44,41155125,799952,Dairy & Breakfast,3,2767.92,UPI,Slightly Delayed,2024,January,18
8537081061,2023-08-16 01:03:14,57956497,894539,Household Care,2,890.96,Wallet,Slightly Delayed,2023,August,16
9284683425,2024-05-16 06:40:24,30755306,91670,Household Care,3,1317.72,Card,On Time,2024,May,16
9774193601,2023-05-30 10:59:10,19523014,451933,Grocery & Staples,1,568.94,Card,Significantly Delayed,2023,May,30
7496826261,2023-11-17 05:25:38,21658322,219598,Personal Care,3,1101.24,Wallet,On Time,2023,November,17
1058749075,2023-08-26 23:09:46,51592174,677169,Pharmacy,1,261.03,Cash,On Time,2023,August,26
7128038799,2024-03-10 18:26:41,6724509,961614,Snacks & Munchies,1,227.22,Card,On Time,2024,March,10
3596318350,2024-10-13 09:36:43,59398136,700048,Household Care,2,282.56,Cash,On Time,2024,October,13
3187042843,2024-01-01 20:55:16,8651281,378230,Snacks & Munchies,2,332.84,UPI,Slightly Delayed,2024,January,1
4673500573,2023-10-15 14:42:31,59620534,70969,Fruits & Vegetables,1,631.7,Cash,On Time,2023,October,15
881900445,2024-08-06 02:06:11,34567918,328457,Cold Drinks & Juices,3,2575.71,Card,On Time,2024,August,6
9874112459,2024-09-26 23:24:36,12799092,739448,Household Care,2,1511.32,Cash,On Time,2024,September,26
4531430634,2023-05-17 06:11:20,32585389,952168,Snacks & Munchies,1,236.95,UPI,On Time,2023,May,17
6715699166,2023-08-01 19:08:52,76987910,107548,Cold Drinks & Juices,2,1783.2,Cash,On Time,2023,August,1
4171748538,2023-07-06 22:46:24,63083547,652118,Instant & Frozen Food,3,66.12,UPI,On Time,2023,July,6
4093115982,2023-05-24 17:04:41,10508763,444361,Pharmacy,3,2467.89,UPI,On Time,2023,May,24
2515279840,2023-12-24 01:39:21,21573815,461804,Grocery & Staples,1,310.69,Cash,On Time,2023,December,24
4981424948,2024-10-13 22:25:34,79628054,679865,Grocery & Staples,1,347.91,UPI,On Time,2024,October,13
1911064507,2024-02-27 17:56:11,40055711,500633,Dairy & Breakfast,2,309.0,UPI,On Time,2024,February,27
6438392384,2024-09-14 20:08:42,29562072,654623,Snacks & Munchies,1,422.14,Card,On Time,2024,September,14
5859840400,2023-10-21 23:48:32,5754255,552883,Fruits & Vegetables,3,2664.48,UPI,On Time,2023,October,21
7640576778,2024-02-13 17:38:08,83236183,305754,Instant & Frozen Food,3,2939.9700000000003,Card,Slightly Delayed,2024,February,13
5453475937,2023-09-18 12:08:26,1719710,131748,Pet Care,1,81.35,Cash,On Time,2023,September,18
653610300,2023-04-24 03:31:24,78394303,684939,Personal Care,1,727.95,Wallet,On Time,2023,April,24
730299055,2024-10-21 18:07:22,16400639,679321,Cold Drinks & Juices,1,738.46,Wallet,On Time,2024,October,21
8396250231,2024-02-26 03:07:04,46088132,721521,Grocery & Staples,2,834.78,Wallet,Significantly Delayed,2024,February,26
8556969682,2023-05-21 05:59:01,48228547,532965,Instant & Frozen Food,1,307.23,UPI,On Time,2023,May,21
7159670875,2024-06-22 09:14:03,37691544,684939,Personal Care,3,2183.8500000000004,Card,Significantly Delayed,2024,June,22
4922278509,2023-05-31 07:00:00,76533277,644847,Grocery & Staples,2,1245.62,Wallet,On Time,2023,May,31
8151274002,2024-06-15 15:52:32,91550885,34186,Fruits & Vegetables,2,1851.3,Cash,On Time,2024,June,15
5373978100,2024-01-16 16:39:24,82179338,433521,Baby Care,3,963.99,Wallet,On Time,2024,January,16
6210207010,2023-06-27 08:18:16,1601161,859361,Personal Care,1,432.39,UPI,On Time,2023,June,27
1837403174,2023-05-03 21:32:45,84993732,14145,Fruits & Vegetables,3,1892.52,Card,On Time,2023,May,3
1148265823,2024-10-29 08:25:53,21809858,542300,Snacks & Munchies,3,766.05,UPI,On Time,2024,October,29
8472487149,2024-02-12 05:29:12,74761384,837480,Pharmacy,2,434.8,Cash,Significantly Delayed,2024,February,12
9111535172,2024-05-08 17:42:04,9274874,784673,Pet Care,1,491.39,Wallet,On Time,2024,May,8
6558001978,2024-02-19 15:05:47,88520326,478531,Fruits & Vegetables,3,2476.38,Cash,On Time,2024,February,19
2762095386,2024-08-11 16:29:49,84066402,623234,Instant & Frozen Food,2,659.58,UPI,On Time,2024,August,11
2406325099,2023-11-13 22:39:53,31718565,734789,Snacks & Munchies,3,1187.46,Card,Significantly Delayed,2023,November,13
4274182127,2024-09-26 16:46:47,22020776,798639,Dairy & Breakfast,2,422.5,Wallet,On Time,2024,September,26
7271609994,2023-04-25 20:58:47,11616535,425341,Pet Care,3,1458.84,UPI,On Time,2023,April,25
9182539734,2023-07-06 15:35:53,66359719,557908,Pharmacy,3,2827.11,Cash,On Time,2023,July,6
7891517071,2024-01-31 17:11:17,78412820,56589,Pharmacy,1,517.77,Cash,Significantly Delayed,2024,January,31
3666182849,2024-11-03 11:37:13,63793401,51036,Baby Care,1,931.61,UPI,On Time,2024,November,3
8724590445,2023-06-02 15:59:43,10729474,741341,Dairy & Breakfast,1,923.84,UPI,On Time,2023,June,2
7919863938,2024-08-29 23:35:57,4378755,945635,Grocery & Staples,3,2336.7,Card,On Time,2024,August,29
3545539999,2024-01-08 15:59:54,49449238,287070,Grocery & Staples,1,443.17,Cash,Slightly Delayed,2024,January,8
7463392603,2024-02-11 09:20:45,46684081,812607,Fruits & Vegetables,3,1249.9499999999998,UPI,Significantly Delayed,2024,February,11
7296733293,2024-02-09 03:46:39,86715467,615545,Personal Care,3,1344.48,Card,Significantly Delayed,2024,February,9
7118924734,2023-10-10 05:21:44,66310963,552496,Household Care,2,1016.0,Card,On Time,2023,October,10
2529809156,2024-05-21 14:38:44,71905368,513199,Cold Drinks & Juices,1,422.23,UPI,Significantly Delayed,2024,May,21
2216699744,2024-06-14 02:41:43,5540556,807452,Grocery & Staples,2,288.38,Wallet,On Time,2024,June,14
8257221712,2023-10-07 04:05:52,5277675,677542,Household Care,2,425.22,Cash,Significantly Delayed,2023,October,7
1357352531,2023-06-07 13:43:08,9246851,799952,Dairy & Breakfast,2,1845.28,Card,On Time,2023,June,7
2108138590,2023-11-08 12:59:26,67918495,602241,Snacks & Munchies,2,1953.1,UPI,Significantly Delayed,2023,November,8
5648212121,2023-12-28 00:03:12,37633848,41853,Dairy & Breakfast,1,910.44,Wallet,On Time,2023,December,28
3951878528,2023-12-23 01:02:42,28458746,949818,Snacks & Munchies,1,483.05,Card,Significantly Delayed,2023,December,23
8310385249,2023-07-29 19:09:41,97315135,39154,Fruits & Vegetables,1,946.86,Cash,On Time,2023,July,29
7513562596,2024-07-05 09:03:19,88130777,144124,Household Care,1,162.67,Cash,On Time,2024,July,5
6304586678,2023-09-25 15:08:53,38496400,679321,Cold Drinks & Juices,3,2215.38,UPI,On Time,2023,September,25
5222812863,2024-04-11 02:15:28,65294340,451812,Pharmacy,1,530.85,UPI,On Time,2024,April,11
5393039591,2024-10-04 07:41:16,40419593,378230,Snacks & Munchies,1,166.42,UPI,On Time,2024,October,4
6708586922,2024-05-23 16:52:07,91072336,799952,Dairy & Breakfast,3,2767.92,UPI,Significantly Delayed,2024,May,23
3177552965,2024-05-17 13:22:20,99231937,328457,Cold Drinks & Juices,2,1717.14,Wallet,On Time,2024,May,17
607125614,2024-05-06 11:07:24,55425478,661577,Pet Care,3,2162.8500000000004,Cash,Slightly Delayed,2024,May,6
139417019,2023-07-09 20:06:51,75566105,992178,Pharmacy,1,632.43,UPI,On Time,2023,July,9
1893231742,2024-10-19 04:23:53,51661209,913428,Pet Care,2,784.44,Cash,On Time,2024,October,19
3580010065,2023-05-09 02:49:46,95590889,89084,Dairy & Breakfast,3,1796.4900000000002,UPI,On Time,2023,May,9
962319394,2023-08-22 00:07:05,44723662,876139,Grocery & Staples,1,415.75,Cash,Slightly Delayed,2023,August,22
8321726382,2023-04-15 13:22:44,82918668,970529,Baby Care,2,1654.88,UPI,On Time,2023,April,15
1485682761,2023-10-03 19:11:52,70363568,70969,Fruits & Vegetables,3,1895.1000000000001,Card,On Time,2023,October,3
5008756947,2023-08-26 16:15:41,73661993,36412,Household Care,1,397.68,UPI,On Time,2023,August,26
1334996274,2023-07-10 16:09:06,11493380,771228,Pet Care,3,249.54000000000002,Wallet,On Time,2023,July,10
2914506024,2024-02-27 16:10:19,31940833,274207,Pharmacy,1,328.51,UPI,On Time,2024,February,27
8811831663,2023-04-11 01:17:20,74682740,136533,Dairy & Breakfast,3,2478.63,Wallet,On Time,2023,April,11
875427533,2024-03-27 11:56:09,10686446,669378,Fruits & Vegetables,3,636.42,Card,Slightly Delayed,2024,March,27
5865390748,2024-10-01 03:21:09,30042971,700048,Household Care,3,423.84000000000003,UPI,On Time,2024,October,1
4054828941,2023-12-15 21:50:57,99893898,77308,Fruits & Vegetables,1,223.27,UPI,Significantly Delayed,2023,December,15
1257568604,2023-09-28 17:25:52,9981089,839170,Dairy & Breakfast,1,481.63,Cash,On Time,2023,September,28
2738862626,2024-01-21 04:31:08,56572297,34200,Personal Care,1,319.8,Wallet,Slightly Delayed,2024,January,21
7352532839,2024-02-28 19:04:46,9738801,313754,Snacks & Munchies,3,409.79999999999995,Card,On Time,2024,February,28
520221662,2023-07-20 19:20:42,53025962,57405,Baby Care,1,607.67,Wallet,On Time,2023,July,20
7818925535,2023-11-02 09:59:32,45477575,848226,Fruits & Vegetables,1,209.59,Wallet,On Time,2023,November,2
3476023750,2023-06-02 20:43:59,43990799,925482,Instant & Frozen Food,1,475.04,Wallet,On Time,2023,June,2
8945838922,2023-05-22 09:43:39,13415362,114414,Pharmacy,3,2496.18,Cash,On Time,2023,May,22
2233053313,2023-10-14 20:23:47,15830066,222892,Fruits & Vegetables,2,1738.44,Cash,On Time,2023,October,14
1844073851,2024-02-06 08:44:48,38808614,799688,Personal Care,2,619.24,Card,On Time,2024,February,6
8348125769,2023-12-08 18:15:56,29584848,707935,Pet Care,3,2462.7,UPI,Slightly Delayed,2023,December,8
8475818223,2023-11-16 04:11:04,12832151,721521,Grocery & Staples,2,834.78,Card,Significantly Delayed,2023,November,16
4270941188,2024-01-13 09:26:19,47274329,34200,Personal Care,1,319.8,Wallet,On Time,2024,January,13
2611200126,2024-05-12 02:52:07,91448742,679865,Grocery & Staples,1,347.91,Wallet,On Time,2024,May,12
8573833987,2024-02-11 13:33:15,12988801,654297,Fruits & Vegetables,3,39.75,UPI,On Time,2024,February,11
2979246068,2024-02-23 02:42:53,61763552,361361,Snacks & Munchies,3,2478.63,Wallet,Significantly Delayed,2024,February,23
6779895105,2024-09-10 12:43:15,64535602,112390,Personal Care,3,2633.94,Cash,On Time,2024,September,10
1731478314,2024-07-30 05:14:35,67215939,6405,Baby Care,2,473.02,Card,Slightly Delayed,2024,July,30
3692405872,2023-07-31 12:17:00,41878908,661577,Pet Care,3,2162.8500000000004,Wallet,On Time,2023,July,31
8853713324,2023-08-07 01:57:04,58505903,799688,Personal Care,2,619.24,Card,On Time,2023,August,7
979766779,2024-04-23 22:02:29,57081917,784673,Pet Care,3,1474.17,Card,On Time,2024,April,23
5709672475,2023-08-14 02:30:24,16543242,91670,Household Care,2,878.48,UPI,On Time,2023,August,14
3855709201,2024-04-23 22:23:51,13651980,820973,Baby Care,3,343.56,UPI,Slightly Delayed,2024,April,23
6861065282,2023-08-18 18:41:22,57523973,832348,Snacks & Munchies,3,2494.29,UPI,Slightly Delayed,2023,August,18
7919724613,2023-03-21 15:25:10,81200164,112390,Personal Care,1,877.98,Cash,Slightly Delayed,2023,March,21
7882742057,2024-07-26 15:41:14,32293017,365133,Household Care,1,915.45,Card,On Time,2024,July,26
1929002406,2023-12-25 21:38:52,67538982,516376,Fruits & Vegetables,3,2632.29,Cash,On Time,2023,December,25
2458349464,2023-04-06 12:40:21,99714944,187399,Instant & Frozen Food,2,106.98,Wallet,On Time,2023,April,6
6608328221,2023-07-04 15:36:23,76020843,313754,Snacks & Munchies,1,136.6,Cash,On Time,2023,July,4
7736615348,2023-12-06 20:58:03,84161531,397973,Fruits & Vegetables,3,2186.19,Wallet,On Time,2023,December,6
2591738507,2024-10-31 07:36:44,14705462,171602,Cold Drinks & Juices,2,1766.88,Card,On Time,2024,October,31
6751537971,2024-07-19 06:03:25,98444183,903336,Grocery & Staples,3,1655.6399999999999,Card,On Time,2024,July,19
9768154003,2024-01-23 03:50:24,88045094,11422,Fruits & Vegetables,2,254.32,UPI,Significantly Delayed,2024,January,23
5887288860,2024-03-01 21:18:19,40587811,146840,Dairy & Breakfast,3,2360.55,Cash,On Time,2024,March,1
3559865135,2024-01-07 15:10:40,66310963,365132,Instant & Frozen Food,3,688.14,Wallet,Slightly Delayed,2024,January,7
209044447,2024-10-05 00:02:57,2058037,757274,Pet Care,2,196.64,Cash,On Time,2024,October,5
9643668734,2024-05-18 13:05:12,34835738,747801,Household Care,2,555.52,Wallet,Significantly Delayed,2024,May,18
6115465612,2023-09-28 12:41:47,12338529,767398,Household Care,3,66.42,Wallet,On Time,2023,September,28
8493723088,2023-12-30 06:17:00,20238921,803607,Personal Care,1,949.73,Cash,On Time,2023,December,30
6392024503,2023-09-05 02:48:56,75640174,451812,Pharmacy,2,1061.7,Wallet,On Time,2023,September,5
9863468109,2024-01-28 04:18:04,73363613,256051,Personal Care,3,1202.76,UPI,On Time,2024,January,28
5448628635,2023-05-07 13:19:59,21658322,837480,Pharmacy,3,652.2,Wallet,On Time,2023,May,7
3329455953,2024-03-01 05:42:55,31371112,34200,Personal Care,2,639.6,Card,On Time,2024,March,1
3584190892,2023-10-17 04:25:37,60974181,26060,Pharmacy,3,1028.82,UPI,On Time,2023,October,17
9097056321,2024-04-08 07:50:28,16424635,540618,Snacks & Munchies,1,317.05,Card,On Time,2024,April,8
525741957,2023-05-03 06:11:45,88866835,784673,Pet Care,2,982.78,UPI,On Time,2023,May,3
5387395051,2024-09-18 07:54:17,37095171,925482,Instant & Frozen Food,2,950.08,Cash,Slightly Delayed,2024,September,18
6799246060,2023-11-06 06:10:47,6245778,803607,Personal Care,3,2849.19,Wallet,On Time,2023,November,6
8986314607,2024-08-30 06:54:42,11047835,700048,Household Care,1,141.28,Cash,On Time,2024,August,30
1085912198,2023-03-21 22:45:08,93198324,697683,Household Care,1,123.74,Cash,On Time,2023,March,21
3423328091,2023-09-24 21:34:59,18935489,679321,Cold Drinks & Juices,2,1476.92,UPI,On Time,2023,September,24
9848366909,2023-11-06 02:40:42,34281470,365132,Instant & Frozen Food,2,458.76,Card,Slightly Delayed,2023,November,6
936021770,2024-02-02 04:58:39,79960955,107548,Cold Drinks & Juices,3,2674.8,UPI,On Time,2024,February,2
8916215165,2023-08-08 02:28:27,49806393,925482,Instant & Frozen Food,3,1425.1200000000001,Wallet,On Time,2023,August,8
389558867,2023-09-12 00:13:47,8375298,555121,Fruits & Vegetables,3,1064.73,Cash,On Time,2023,September,12
7616883530,2023-09-05 01:44:10,16410155,306177,Instant & Frozen Food,3,2307.7200000000003,Card,On Time,2023,September,5
3851744248,2023-04-30 08:27:50,61763552,734789,Snacks & Munchies,1,395.82,Wallet,On Time,2023,April,30
4953665655,2024-01-16 22:18:13,14428954,444361,Pharmacy,2,1645.26,Cash,Significantly Delayed,2024,January,16
962864152,2024-07-19 06:35:56,24357425,455083,Dairy & Breakfast,3,2877.0299999999997,Card,On Time,2024,July,19
923668833,2023-05-12 22:14:40,47125914,771228,Pet Care,3,249.54000000000002,Card,On Time,2023,May,12
4022122330,2023-12-04 19:25:48,33871107,26060,Pharmacy,3,1028.82,UPI,Slightly Delayed,2023,December,4
4564846800,2023-08-10 00:59:51,79764458,500739,Dairy & Breakfast,2,719.96,UPI,Slightly Delayed,2023,August,10
690652905,2024-04-24 17:11:57,75289676,451812,Pharmacy,2,1061.7,Cash,On Time,2024,April,24
716741661,2024-10-15 06:25:15,43052303,799688,Personal Care,2,619.24,UPI,On Time,2024,October,15
6575532281,2024-03-25 01:04:48,44149982,34200,Personal Care,1,319.8,Wallet,Significantly Delayed,2024,March,25
7486807731,2023-12-13 13:24:08,71189232,803607,Personal Care,3,2849.19,UPI,Significantly Delayed,2023,December,13
9721870982,2023-11-12 10:08:16,79919160,272170,Instant & Frozen Food,1,140.8,Cash,On Time,2023,November,12
8105823343,2023-10-15 08:55:25,16400639,56589,Pharmacy,1,517.77,Card,Significantly Delayed,2023,October,15
7113554979,2023-11-27 04:04:09,19180962,53833,Grocery & Staples,1,134.69,Card,On Time,2023,November,27
507373134,2024-10-23 14:51:34,95269737,847349,Fruits & Vegetables,2,1562.16,UPI,Slightly Delayed,2024,October,23
4674132573,2024-10-21 20:15:16,98444183,537274,Pet Care,3,2108.13,UPI,Significantly Delayed,2024,October,21
487395969,2023-12-13 17:32:31,93924203,561860,Cold Drinks & Juices,1,874.78,Card,On Time,2023,December,13
3962007460,2024-07-31 07:37:21,93458307,378676,Cold Drinks & Juices,3,2644.2599999999998,UPI,Significantly Delayed,2024,July,31
2272882287,2024-07-12 23:06:58,25641500,487931,Grocery & Staples,2,1418.16,Card,Slightly Delayed,2024,July,12
4426246696,2023-11-22 22:35:31,88923048,382511,Dairy & Breakfast,2,1405.08,Wallet,On Time,2023,November,22
1714709914,2024-09-10 12:34:01,86067293,256783,Pet Care,2,1813.08,UPI,On Time,2024,September,10
3159133564,2023-08-05 08:36:09,81541985,237083,Pharmacy,2,1154.26,Cash,On Time,2023,August,5
4531739740,2024-06-24 04:12:18,98088303,552496,Household Care,1,508.0,Card,On Time,2024,June,24
3158981349,2023-10-25 08:51:16,92038780,859361,Personal Care,1,432.39,UPI,On Time,2023,October,25
1789010378,2023-07-28 05:08:23,81533356,500633,Dairy & Breakfast,3,463.5,UPI,On Time,2023,July,28
705203916,2024-08-04 20:52:03,58929595,89084,Dairy & Breakfast,1,598.83,Wallet,Slightly Delayed,2024,August,4
7255510932,2024-08-06 11:22:44,62526813,94225,Household Care,1,77.11,UPI,On Time,2024,August,6
1991167685,2024-03-02 13:26:21,37309023,237083,Pharmacy,2,1154.26,Card,On Time,2024,March,2
5103721089,2023-08-21 00:30:07,5135207,34186,Fruits & Vegetables,3,2776.95,UPI,Slightly Delayed,2023,August,21
9674006557,2023-05-02 13:10:57,60561655,317242,Grocery & Staples,3,594.45,Cash,On Time,2023,May,2
1073466441,2023-05-30 09:11:42,42465414,681063,Cold Drinks & Juices,3,963.8399999999999,UPI,Slightly Delayed,2023,May,30
5407006470,2024-05-24 14:58:37,95364457,70969,Fruits & Vegetables,2,1263.4,Card,On Time,2024,May,24
747347782,2023-04-25 06:38:32,6398761,15314,Dairy & Breakfast,3,1736.5500000000002,Card,On Time,2023,April,25
8554063149,2024-06-09 04:26:22,5039883,684939,Personal Care,3,2183.8500000000004,Cash,Significantly Delayed,2024,June,9
4855215470,2024-03-31 07:48:38,21573815,487065,Snacks & Munchies,3,1124.04,Wallet,On Time,2024,March,31
5008998072,2024-01-05 09:11:09,26245432,993331,Grocery & Staples,1,102.44,Wallet,On Time,2024,January,5
9696466906,2024-05-01 21:28:23,40434527,118820,Cold Drinks & Juices,2,24.64,Wallet,On Time,2024,May,1
7189534591,2023-08-18 15:16:56,6291143,951463,Pet Care,1,787.4,Cash,On Time,2023,August,18
9965941354,2023-11-13 19:55:32,82286725,707935,Pet Care,1,820.9,Card,Significantly Delayed,2023,November,13
1275232752,2023-08-24 07:35:20,83304571,747801,Household Care,1,277.76,UPI,On Time,2023,August,24
343479370,2024-05-03 12:35:40,5043760,566052,Pharmacy,1,87.3,Cash,On Time,2024,May,3
2485933387,2024-07-10 17:30:21,21573815,890232,Cold Drinks & Juices,1,432.0,UPI,On Time,2024,July,10
6735843326,2024-10-24 05:41:04,52085702,992178,Pharmacy,1,632.43,UPI,Slightly Delayed,2024,October,24
6384313098,2023-12-07 02:25:53,47295676,644847,Grocery & Staples,1,622.81,Card,Slightly Delayed,2023,December,7
1022032613,2023-12-10 08:16:59,59436131,903336,Grocery & Staples,1,551.88,Card,On Time,2023,December,10
8026892264,2023-09-24 14:10:07,93341057,487931,Grocery & Staples,3,2127.2400000000002,Cash,On Time,2023,September,24
7158825499,2024-04-14 21:33:07,63571453,952124,Fruits & Vegetables,2,254.16,Wallet,On Time,2024,April,14
5327013494,2024-04-18 08:19:55,89418072,901144,Grocery & Staples,2,680.72,Wallet,Slightly Delayed,2024,April,18
1002526452,2023-07-31 23:19:05,97475543,444361,Pharmacy,2,1645.26,Cash,On Time,2023,July,31
4650525854,2024-01-17 10:55:53,71694275,317242,Grocery & Staples,2,396.3,Cash,Significantly Delayed,2024,January,17
6260291784,2024-07-08 19:24:57,75038062,697683,Household Care,1,123.74,Cash,On Time,2024,July,8
1884314278,2023-09-15 23:42:07,15534747,264803,Pharmacy,2,1991.96,Card,On Time,2023,September,15
7074219396,2024-05-04 13:09:12,36737539,760828,Pet Care,3,1690.3500000000001,UPI,Slightly Delayed,2024,May,4
807183459,2023-09-05 11:59:41,76212152,684939,Personal Care,3,2183.8500000000004,Wallet,Slightly Delayed,2023,September,5
598539940,2023-07-28 17:31:14,76970363,876139,Grocery & Staples,1,415.75,Wallet,On Time,2023,July,28
427702490,2024-01-20 21:29:03,71607166,120385,Pet Care,1,597.91,Wallet,On Time,2024,January,20
955844536,2023-03-29 12:08:35,4597433,784673,Pet Care,3,1474.17,UPI,On Time,2023,March,29
5397640599,2024-05-24 20:01:10,2684440,89084,Dairy & Breakfast,1,598.83,Card,On Time,2024,May,24
3451246886,2024-05-22 09:25:46,36774480,451812,Pharmacy,2,1061.7,UPI,On Time,2024,May,22
8487733248,2023-04-26 12:34:26,12500465,378287,Cold Drinks & Juices,3,998.52,Wallet,Significantly Delayed,2023,April,26
2921621434,2023-08-17 21:00:25,41194825,532965,Instant & Frozen Food,3,921.69,UPI,On Time,2023,August,17
4757133884,2024-08-03 13:51:39,34655710,812607,Fruits & Vegetables,3,1249.9499999999998,UPI,On Time,2024,August,3
1793847102,2024-09-09 01:52:04,93563435,131748,Pet Care,3,244.04999999999998,Cash,On Time,2024,September,9
6197760573,2023-03-27 07:49:31,5763963,799952,Dairy & Breakfast,3,2767.92,Card,On Time,2023,March,27
6818660907,2024-07-10 08:05:05,38420886,298985,Pharmacy,2,367.52,Card,On Time,2024,July,10
7807587130,2023-12-11 13:20:26,74174956,962591,Cold Drinks & Juices,2,260.02,Card,On Time,2023,December,11
4540563647,2023-05-14 22:05:58,79257353,222892,Fruits & Vegetables,2,1738.44,Card,On Time,2023,May,14
2480913332,2023-10-16 13:16:53,95912198,876139,Grocery & Staples,1,415.75,Cash,Significantly Delayed,2023,October,16
5735481292,2024-06-17 23:50:28,85907588,945635,Grocery & Staples,3,2336.7,UPI,Significantly Delayed,2024,June,17
7112326373,2023-05-13 11:18:17,46848302,690565,Snacks & Munchies,3,2853.81,Cash,On Time,2023,May,13
614274161,2023-09-27 09:06:29,10240052,604184,Household Care,3,1192.65,Cash,On Time,2023,September,27
5512258335,2024-03-23 00:19:43,1469696,687218,Cold Drinks & Juices,2,635.64,Cash,On Time,2024,March,23
1214757247,2023-09-06 17:44:49,46675763,53833,Grocery & Staples,3,404.07,Card,On Time,2023,September,6
4211686231,2023-06-09 04:56:26,66354642,94225,Household Care,2,154.22,Cash,On Time,2023,June,9
5288088590,2023-12-22 07:57:54,9314637,951463,Pet Care,2,1574.8,Wallet,On Time,2023,December,22
1193525681,2024-09-17 00:09:49,60399360,186168,Pet Care,1,878.8,Wallet,On Time,2024,September,17
5132095929,2024-06-29 21:04:38,96373206,487931,Grocery & Staples,2,1418.16,Card,Slightly Delayed,2024,June,29
7703144556,2023-12-21 05:49:15,31328762,196719,Fruits & Vegetables,2,435.0,Cash,Significantly Delayed,2023,December,21
6786199145,2024-09-04 08:02:43,21701991,589812,Household Care,3,489.09000000000003,Cash,On Time,2024,September,4
2463627380,2024-08-03 00:58:53,24644542,623234,Instant & Frozen Food,3,989.3700000000001,UPI,On Time,2024,August,3
6331115638,2023-07-15 22:06:21,99729547,298985,Pharmacy,1,183.76,Cash,On Time,2023,July,15
9212312136,2023-12-06 02:27:00,6959437,952124,Fruits & Vegetables,3,381.24,UPI,Slightly Delayed,2023,December,6
6788500162,2024-07-10 01:32:46,48033969,677169,Pharmacy,1,261.03,Wallet,Slightly Delayed,2024,July,10
2166421384,2024-05-18 15:43:45,85218071,41853,Dairy & Breakfast,1,910.44,Cash,Slightly Delayed,2024,May,18
2744509800,2023-08-31 10:07:20,69276352,378676,Cold Drinks & Juices,2,1762.84,Cash,On Time,2023,August,31
8806260669,2023-10-17 13:03:52,15631726,611575,Instant & Frozen Food,1,482.06,UPI,Significantly Delayed,2023,October,17
7773287963,2023-03-22 02:12:29,93563435,942001,Pet Care,1,671.55,Wallet,On Time,2023,March,22
8153845667,2024-08-09 08:44:33,30192942,449106,Personal Care,2,97.1,Wallet,On Time,2024,August,9
8345887091,2024-10-13 15:25:55,54145987,667163,Cold Drinks & Juices,2,882.4,Wallet,On Time,2024,October,13
6638429050,2024-09-18 07:34:35,75739462,799688,Personal Care,2,619.24,Cash,On Time,2024,September,18
4132900691,2024-09-11 00:54:34,42262168,837480,Pharmacy,2,434.8,Card,Slightly Delayed,2024,September,11
2119346062,2023-07-03 12:44:21,18259715,222892,Fruits & Vegetables,1,869.22,Cash,On Time,2023,July,3
689310626,2024-10-01 13:06:45,69416782,952124,Fruits & Vegetables,2,254.16,Cash,Slightly Delayed,2024,October,1
9246993674,2023-11-10 03:43:03,21701991,490602,Grocery & Staples,2,1098.94,Card,Slightly Delayed,2023,November,10
2282234185,2024-07-14 05:45:34,94706375,734789,Snacks & Munchies,1,395.82,Wallet,On Time,2024,July,14
9697170386,2024-10-07 10:23:41,48776805,992178,Pharmacy,2,1264.86,Wallet,On Time,2024,October,7
6376147802,2024-07-16 21:24:19,60495351,799952,Dairy & Breakfast,1,922.64,Cash,Slightly Delayed,2024,July,16
7415158732,2024-01-05 20:01:50,30192942,433521,Baby Care,1,321.33,Card,Significantly Delayed,2024,January,5
343300311,2024-08-04 01:20:23,37095171,962591,Cold Drinks & Juices,2,260.02,Wallet,Slightly Delayed,2024,August,4
3922539531,2024-09-24 15:36:04,10048910,647462,Personal Care,1,326.42,UPI,On Time,2024,September,24
7634516705,2023-10-15 14:39:27,2058037,154179,Pharmacy,1,582.87,UPI,On Time,2023,October,15
8731122718,2023-04-23 05:36:37,50572914,847349,Fruits & Vegetables,3,2343.2400000000002,Card,Slightly Delayed,2023,April,23
9471236505,2024-10-05 10:53:10,5540556,669378,Fruits & Vegetables,3,636.42,Cash,Significantly Delayed,2024,October,5
9497014025,2024-11-03 04:48:42,79764458,492958,Personal Care,3,252.60000000000002,Wallet,Slightly Delayed,2024,November,3
592358946,2024-08-22 01:54:12,54952806,378676,Cold Drinks & Juices,3,2644.2599999999998,Card,On Time,2024,August,22
9680783354,2023-04-09 01:52:19,20517871,41853,Dairy & Breakfast,3,2731.32,Cash,On Time,2023,April,9
6109792602,2023-09-13 01:59:51,20148223,723678,Pet Care,3,2026.38,UPI,On Time,2023,September,13
2734817654,2023-04-12 09:38:01,6184558,365132,Instant & Frozen Food,3,688.14,Wallet,On Time,2023,April,12
6380542008,2023-06-08 17:37:20,76917159,961614,Snacks & Munchies,2,454.44,UPI,On Time,2023,June,8
4784760589,2024-03-21 03:58:41,97111069,820973,Baby Care,3,343.56,Wallet,On Time,2024,March,21
1577703194,2024-04-28 02:35:49,25641500,647462,Personal Care,1,326.42,Card,On Time,2024,April,28
6758737749,2023-10-26 01:52:58,70363568,186168,Pet Care,2,1757.6,UPI,On Time,2023,October,26
4081640450,2024-03-16 16:59:58,97557157,136533,Dairy & Breakfast,2,1652.42,UPI,On Time,2024,March,16
9258266990,2024-03-31 07:48:47,76512976,492958,Personal Care,1,84.2,Wallet,On Time,2024,March,31
2109410707,2024-08-07 20:09:41,19741509,91670,Household Care,3,1317.72,Wallet,On Time,2024,August,7
576022547,2024-04-07 05:57:50,31681710,243235,Pet Care,2,218.06,Card,On Time,2024,April,7
2106943908,2024-01-28 16:53:04,27604184,133542,Household Care,1,68.49,Cash,On Time,2024,January,28
6541281594,2023-11-18 10:31:04,51812283,26060,Pharmacy,1,342.94,Wallet,Slightly Delayed,2023,November,18
2664220988,2023-05-05 20:23:41,92091019,183929,Dairy & Breakfast,3,2216.2200000000003,Card,On Time,2023,May,5
493514666,2023-11-20 23:03:29,12141418,542300,Snacks & Munchies,2,510.7,Wallet,Slightly Delayed,2023,November,20
9658669384,2023-09-06 21:29:00,29664214,658389,Snacks & Munchies,2,305.1,UPI,On Time,2023,September,6
8765283513,2024-02-23 20:01:21,21461764,449106,Personal Care,3,145.64999999999998,Cash,Significantly Delayed,2024,February,23
6421427812,2023-10-05 01:14:20,21948041,51036,Baby Care,2,1863.22,UPI,On Time,2023,October,5
4467093205,2023-10-24 12:37:26,8025622,739448,Household Care,3,2266.98,UPI,On Time,2023,October,24
7560862152,2023-04-15 08:48:53,34755436,328457,Cold Drinks & Juices,3,2575.71,UPI,On Time,2023,April,15
8218080678,2024-05-04 18:57:03,53538932,365133,Household Care,1,915.45,Cash,Significantly Delayed,2024,May,4
8196173573,2024-07-17 18:24:30,59110513,481843,Snacks & Munchies,3,893.04,Wallet,Significantly Delayed,2024,July,17
1174856327,2024-06-16 21:24:53,10855630,654623,Snacks & Munchies,2,844.28,UPI,Slightly Delayed,2024,June,16
9754365788,2023-12-02 21:33:02,17805991,949818,Snacks & Munchies,3,1449.15,Cash,On Time,2023,December,2
8398774908,2024-02-26 19:43:25,90448312,256051,Personal Care,1,400.92,Wallet,On Time,2024,February,26
626433439,2024-02-17 23:29:34,41640262,913428,Pet Care,1,392.22,UPI,On Time,2024,February,17
3097299525,2023-10-12 15:30:57,80862136,257719,Dairy & Breakfast,3,845.19,Wallet,On Time,2023,October,12
5367488413,2023-12-12 04:48:42,18113428,592784,Snacks & Munchies,3,841.0500000000001,UPI,On Time,2023,December,12
3700795655,2023-06-10 18:37:56,47515046,153019,Fruits & Vegetables,3,2843.8500000000004,Card,On Time,2023,June,10
3161904185,2024-01-13 14:18:11,82374625,654623,Snacks & Munchies,2,844.28,Wallet,On Time,2024,January,13
8149944548,2024-07-24 23:07:04,16436359,968887,Household Care,2,81.4,Cash,On Time,2024,July,24
4961830447,2024-09-06 01:36:17,3408982,144124,Household Care,3,488.01,UPI,On Time,2024,September,6
613578154,2024-08-03 04:51:31,53974737,287070,Grocery & Staples,3,1329.51,Cash,Slightly Delayed,2024,August,3
2582466700,2024-09-10 16:13:12,65368179,444361,Pharmacy,2,1645.26,Wallet,Slightly Delayed,2024,September,10
3840910839,2023-09-10 19:54:37,77869660,592784,Snacks & Munchies,1,280.35,Wallet,Slightly Delayed,2023,September,10
399559401,2023-11-01 19:21:58,84456355,658389,Snacks & Munchies,2,305.1,UPI,Significantly Delayed,2023,November,1
4037817241,2023-12-19 13:40:46,48716374,561860,Cold Drinks & Juices,3,2624.34,Wallet,Slightly Delayed,2023,December,19
582598096,2023-10-27 23:11:55,75213636,689769,Instant & Frozen Food,2,93.24,UPI,On Time,2023,October,27
9218060399,2024-10-25 08:35:30,80286283,949818,Snacks & Munchies,3,1449.15,Card,On Time,2024,October,25
6650174202,2023-07-10 03:29:39,14255231,833557,Dairy & Breakfast,2,845.74,UPI,On Time,2023,July,10
2715902884,2024-08-27 03:36:14,67711384,672059,Personal Care,3,2018.19,UPI,On Time,2024,August,27
7957986242,2023-12-10 10:40:31,69761993,41853,Dairy & Breakfast,2,1820.88,Card,On Time,2023,December,10
7148568995,2023-04-06 07:37:41,30447453,397973,Fruits & Vegetables,3,2186.19,UPI,Significantly Delayed,2023,April,6
670358911,2023-12-21 10:05:05,20834589,124290,Personal Care,2,79.3,Card,On Time,2023,December,21
6098277214,2023-03-22 13:39:16,46876240,11422,Fruits & Vegetables,2,254.32,Wallet,On Time,2023,March,22
4621664126,2024-07-17 12:11:28,5386246,491314,Instant & Frozen Food,3,2920.32,Wallet,Slightly Delayed,2024,July,17
6336460663,2023-08-28 06:50:04,95018817,820541,Household Care,3,1728.66,UPI,Slightly Delayed,2023,August,28
909027635,2023-06-24 20:36:32,77214094,444361,Pharmacy,3,2467.89,Cash,Significantly Delayed,2023,June,24
2854202683,2023-10-18 18:01:41,23081177,51036,Baby Care,3,2794.83,Card,Slightly Delayed,2023,October,18
7936387697,2023-03-29 00:26:50,36998375,992178,Pharmacy,3,1897.29,Card,On Time,2023,March,29
8337736091,2024-04-04 00:35:20,66768157,613942,Pet Care,1,545.0,Cash,On Time,2024,April,4
4404350734,2024-01-16 16:51:01,57892837,298985,Pharmacy,2,367.52,Card,Significantly Delayed,2024,January,16
6565246127,2024-05-18 16:03:10,12455156,803607,Personal Care,2,1899.46,UPI,On Time,2024,May,18
3494650073,2024-03-03 22:07:45,49806393,642612,Pet Care,2,1034.06,Card,On Time,2024,March,3
1920923798,2024-05-01 07:47:34,71189232,451812,Pharmacy,3,1592.5500000000002,UPI,On Time,2024,May,1
5069524975,2024-07-24 01:20:16,90246977,913428,Pet Care,3,1176.66,Cash,On Time,2024,July,24
3873368520,2023-10-04 08:14:42,53392567,812607,Fruits & Vegetables,2,833.3,UPI,On Time,2023,October,4
3111414152,2024-08-01 07:14:37,56195475,587645,Pharmacy,1,801.81,Card,On Time,2024,August,1
7104489974,2023-06-28 21:55:05,47618810,53833,Grocery & Staples,1,134.69,Cash,On Time,2023,June,28
3211566084,2024-02-24 14:06:37,45383958,621677,Instant & Frozen Food,1,317.8,Card,On Time,2024,February,24
2416717644,2023-09-12 18:28:43,11493300,183929,Dairy & Breakfast,3,2216.2200000000003,Wallet,Slightly Delayed,2023,September,12
4535670244,2024-05-17 08:01:08,22210238,890232,Cold Drinks & Juices,2,864.0,Wallet,On Time,2024,May,17
7309958460,2024-01-20 02:48:17,3282647,961614,Snacks & Munchies,1,227.22,Wallet,Slightly Delayed,2024,January,20
9996182478,2023-04-18 13:13:06,39976965,592784,Snacks & Munchies,3,841.0500000000001,UPI,On Time,2023,April,18
2231942521,2023-12-24 02:28:15,15931134,659290,Dairy & Breakfast,2,638.68,Wallet,Significantly Delayed,2023,December,24
554028972,2023-09-26 07:50:32,3421258,734789,Snacks & Munchies,2,791.64,Wallet,On Time,2023,September,26
8756001290,2023-05-06 17:37:11,85340038,726958,Pet Care,1,887.48,UPI,On Time,2023,May,6
8047899303,2023-09-28 01:45:21,11254582,684939,Personal Care,2,1455.9,UPI,On Time,2023,September,28
9720683332,2024-06-23 20:18:46,87641623,542300,Snacks & Munchies,3,766.05,Card,On Time,2024,June,23
218670241,2023-06-07 03:22:10,70220141,131748,Pet Care,1,81.35,UPI,Significantly Delayed,2023,June,7
1382880255,2024-08-11 13:26:47,94078407,820541,Household Care,2,1152.44,Card,On Time,2024,August,11
332975964,2023-09-21 01:37:40,99824171,490602,Grocery & Staples,1,549.47,Cash,Significantly Delayed,2023,September,21
2638683222,2024-10-30 05:28:47,2457734,652118,Instant & Frozen Food,2,44.08,Card,On Time,2024,October,30
9150146711,2024-04-29 18:20:35,54923640,734789,Snacks & Munchies,2,791.64,Wallet,On Time,2024,April,29
1553626879,2024-10-26 14:35:25,6579892,602241,Snacks & Munchies,3,2929.6499999999996,UPI,On Time,2024,October,26
9271384187,2023-11-28 03:30:12,67749649,186168,Pet Care,2,1757.6,Card,On Time,2023,November,28
1409544327,2024-07-13 16:18:13,86444757,677542,Household Care,3,637.83,Wallet,On Time,2024,July,13
637100019,2023-10-23 18:20:24,62868582,677169,Pharmacy,1,261.03,Wallet,On Time,2023,October,23
186083059,2024-07-01 20:22:07,67829645,337168,Dairy & Breakfast,3,1636.47,Wallet,On Time,2024,July,1
1804073530,2024-06-19 17:25:06,10048910,661577,Pet Care,1,720.95,UPI,On Time,2024,June,19
5291430311,2023-10-19 19:02:56,75081265,894539,Household Care,2,890.96,Cash,Significantly Delayed,2023,October,19
6947225582,2024-04-03 08:47:01,89051578,34200,Personal Care,3,959.4000000000001,Cash,On Time,2024,April,3
5710643134,2023-04-16 16:59:10,38420886,712307,Cold Drinks & Juices,3,794.67,Card,Significantly Delayed,2023,April,16
8329733630,2024-03-04 03:52:58,46717997,36412,Household Care,2,795.36,Cash,Slightly Delayed,2024,March,4
6772651293,2023-12-15 18:31:13,27049432,818522,Dairy & Breakfast,2,192.18,UPI,On Time,2023,December,15
581212790,2024-06-29 08:47:32,21461764,219598,Personal Care,2,734.16,Wallet,Slightly Delayed,2024,June,29
4766571706,2023-05-05 17:44:23,71176678,131748,Pet Care,3,244.04999999999998,Card,Slightly Delayed,2023,May,5
9961298199,2023-11-27 06:20:52,37926207,336847,Household Care,1,936.98,Wallet,On Time,2023,November,27
8102675591,2024-02-03 22:50:53,51119088,679865,Grocery & Staples,1,347.91,UPI,Slightly Delayed,2024,February,3
604050223,2024-04-18 08:03:01,29689766,818990,Fruits & Vegetables,1,163.55,Card,On Time,2024,April,18
782327552,2023-07-07 19:53:54,45586151,52729,Pet Care,2,632.04,Cash,On Time,2023,July,7
6156638188,2023-03-17 04:57:05,70589930,525531,Pet Care,1,831.1,Card,Slightly Delayed,2023,March,17
6475299855,2023-10-13 22:08:45,5238055,567671,Snacks & Munchies,1,418.48,Cash,On Time,2023,October,13
689110145,2023-05-03 06:46:48,84161531,378676,Cold Drinks & Juices,3,2644.2599999999998,UPI,Significantly Delayed,2023,May,3
2785467351,2024-05-12 13:19:57,59009727,587645,Pharmacy,3,2405.43,Wallet,Slightly Delayed,2024,May,12
7188270379,2024-04-15 06:19:27,86487478,704868,Household Care,2,386.92,UPI,Slightly Delayed,2024,April,15
9209192342,2024-03-05 06:50:05,42227189,799952,Dairy & Breakfast,3,2767.92,UPI,Slightly Delayed,2024,March,5
3193016310,2023-12-02 05:09:03,58115779,990993,Snacks & Munchies,3,791.0999999999999,Cash,Significantly Delayed,2023,December,2
9743228131,2024-07-09 08:44:54,34839913,131748,Pet Care,3,244.04999999999998,UPI,On Time,2024,July,9
4417542973,2024-08-23 11:53:24,84937877,131937,Instant & Frozen Food,2,575.62,Card,On Time,2024,August,23
3065857200,2024-06-26 02:36:03,82359623,222892,Fruits & Vegetables,1,869.22,Cash,On Time,2024,June,26
6994732191,2023-07-24 11:19:55,35278126,94225,Household Care,2,154.22,Card,Slightly Delayed,2023,July,24
7663189769,2023-08-01 12:35:29,85006599,937542,Grocery & Staples,2,194.08,Card,Significantly Delayed,2023,August,1
5012619147,2023-05-03 10:08:16,66130660,287070,Grocery & Staples,1,443.17,Card,Significantly Delayed,2023,May,3
7456088789,2023-04-09 00:01:59,36737539,799952,Dairy & Breakfast,1,922.64,Wallet,On Time,2023,April,9
3270559373,2023-03-19 13:25:27,13604883,382511,Dairy & Breakfast,1,702.54,Cash,Slightly Delayed,2023,March,19
4703798183,2023-12-23 06:48:16,21597477,557908,Pharmacy,3,2827.11,Cash,Slightly Delayed,2023,December,23
3968840556,2024-09-09 22:11:16,93723634,818522,Dairy & Breakfast,3,288.27,UPI,On Time,2024,September,9
2331647373,2023-08-11 06:31:20,84848018,832348,Snacks & Munchies,1,831.43,Cash,On Time,2023,August,11
6683347454,2023-05-25 15:18:36,34697768,847349,Fruits & Vegetables,2,1562.16,Wallet,Slightly Delayed,2023,May,25
5710259220,2023-04-15 15:28:40,17287733,222892,Fruits & Vegetables,1,869.22,Wallet,On Time,2023,April,15
9871546057,2024-05-12 03:34:53,39418109,894539,Household Care,1,445.48,UPI,On Time,2024,May,12
5459704311,2023-12-01 10:39:33,47295676,77308,Fruits & Vegetables,1,223.27,UPI,On Time,2023,December,1
3426702134,2024-08-23 09:02:45,50229203,542300,Snacks & Munchies,3,766.05,Card,Slightly Delayed,2024,August,23
7671357353,2024-02-18 16:36:29,16420489,256051,Personal Care,1,400.92,Wallet,On Time,2024,February,18
9656230693,2023-04-16 08:23:43,40305293,604184,Household Care,3,1192.65,Cash,Slightly Delayed,2023,April,16
3315369956,2023-04-21 07:44:03,9105829,33955,Instant & Frozen Food,3,558.24,Card,Slightly Delayed,2023,April,21
1762287720,2024-08-30 07:15:06,94404245,851978,Pharmacy,3,2147.16,Card,On Time,2024,August,30
4816206081,2023-05-12 14:07:49,36142455,667163,Cold Drinks & Juices,2,882.4,Card,On Time,2023,May,12
2808133351,2023-12-03 11:14:33,11071601,94225,Household Care,1,77.11,Cash,On Time,2023,December,3
3444569396,2024-09-25 19:12:11,57967753,237083,Pharmacy,3,1731.3899999999999,UPI,On Time,2024,September,25
9704671447,2023-12-05 22:44:34,25977417,306177,Instant & Frozen Food,2,1538.48,Cash,On Time,2023,December,5
6454001692,2023-09-09 17:10:08,2136830,319388,Cold Drinks & Juices,1,657.8,UPI,Slightly Delayed,2023,September,9
2624508626,2024-02-28 00:12:59,63262519,70969,Fruits & Vegetables,3,1895.1000000000001,Wallet,On Time,2024,February,28
932273820,2024-05-06 02:04:58,17287733,513199,Cold Drinks & Juices,3,1266.69,Cash,On Time,2024,May,6
7908614088,2023-05-14 15:42:09,12622901,600767,Personal Care,3,2167.2599999999998,Card,Slightly Delayed,2023,May,14
9730765358,2023-08-20 21:45:23,82708090,654623,Snacks & Munchies,2,844.28,UPI,On Time,2023,August,20
4748284156,2023-09-18 20:15:02,38969732,118820,Cold Drinks & Juices,1,12.32,Card,On Time,2023,September,18
1829286278,2023-09-27 17:13:16,45052594,6405,Baby Care,2,473.02,Card,On Time,2023,September,27
3180415318,2024-07-07 05:06:55,22076522,697683,Household Care,1,123.74,Card,Significantly Delayed,2024,July,7
1008158736,2024-06-10 15:00:16,62971413,721521,Grocery & Staples,1,417.39,Card,Slightly Delayed,2024,June,10
5092816701,2024-06-03 19:10:02,89531595,337168,Dairy & Breakfast,3,1636.47,Cash,Significantly Delayed,2024,June,3
4339850858,2023-10-25 22:24:54,16230299,914071,Snacks & Munchies,1,296.94,UPI,Significantly Delayed,2023,October,25
1564040362,2023-08-01 11:56:52,93924203,217710,Dairy & Breakfast,1,58.59,UPI,On Time,2023,August,1
4856827800,2024-08-20 03:23:58,43784632,398340,Instant & Frozen Food,1,651.93,Card,On Time,2024,August,20
2465711187,2023-03-30 10:56:02,48511124,513199,Cold Drinks & Juices,2,844.46,Wallet,On Time,2023,March,30
7741314063,2024-09-13 19:17:00,32054313,26060,Pharmacy,2,685.88,UPI,On Time,2024,September,13
6973696848,2023-04-23 15:48:37,21779155,965755,Fruits & Vegetables,3,1597.71,UPI,Slightly Delayed,2023,April,23
443178123,2024-08-29 00:57:24,56248757,587645,Pharmacy,1,801.81,UPI,Slightly Delayed,2024,August,29
2155491764,2024-08-29 01:12:55,77869660,194682,Cold Drinks & Juices,2,1824.58,Card,On Time,2024,August,29
282887897,2023-09-19 23:21:12,97492493,491521,Snacks & Munchies,3,1669.0500000000002,Wallet,On Time,2023,September,19
1014190951,2023-04-25 16:00:01,70798876,913428,Pet Care,2,784.44,Cash,On Time,2023,April,25
4632027192,2024-07-09 02:43:22,64162093,298985,Pharmacy,2,367.52,Cash,On Time,2024,July,9
9196809062,2024-05-19 02:58:20,58979427,222892,Fruits & Vegetables,2,1738.44,Cash,Slightly Delayed,2024,May,19
3802671506,2023-07-30 07:51:28,55028958,876139,Grocery & Staples,2,831.5,Wallet,On Time,2023,July,30
931138604,2023-08-24 16:18:57,38133873,378676,Cold Drinks & Juices,2,1762.84,UPI,On Time,2023,August,24
6507222211,2024-01-15 06:54:51,46623192,131136,Grocery & Staples,2,75.6,Wallet,Slightly Delayed,2024,January,15
9091185978,2023-07-22 08:48:30,4606533,552883,Fruits & Vegetables,2,1776.32,Wallet,On Time,2023,July,22
6314310505,2024-02-16 04:34:10,42272393,615545,Personal Care,2,896.32,Wallet,On Time,2024,February,16
2711467206,2023-04-07 00:50:13,21658322,124290,Personal Care,1,39.65,Cash,On Time,2023,April,7
1359318731,2024-08-27 22:36:25,72675976,120532,Grocery & Staples,1,697.53,Wallet,On Time,2024,August,27
4521042050,2024-04-25 08:00:21,99734256,57405,Baby Care,2,1215.34,Wallet,On Time,2024,April,25
1317016672,2024-09-20 23:46:52,87256913,818522,Dairy & Breakfast,3,288.27,Wallet,On Time,2024,September,20
7624598493,2024-04-18 06:44:36,69516494,661577,Pet Care,1,720.95,Wallet,Slightly Delayed,2024,April,18
1753431230,2024-03-24 13:44:38,9048817,222892,Fruits & Vegetables,2,1738.44,Wallet,On Time,2024,March,24
8650539199,2023-12-04 05:05:17,41640262,194682,Cold Drinks & Juices,1,912.29,Card,Slightly Delayed,2023,December,4
3276478503,2024-04-03 14:28:23,10048910,329351,Dairy & Breakfast,3,932.61,Cash,On Time,2024,April,3
5080943123,2023-09-21 13:42:13,2164524,15314,Dairy & Breakfast,1,578.85,Wallet,Significantly Delayed,2023,September,21
6158083683,2024-03-08 17:19:17,78158536,832348,Snacks & Munchies,3,2494.29,Cash,On Time,2024,March,8
9228072842,2023-07-25 06:05:17,93370787,883013,Dairy & Breakfast,1,989.88,UPI,On Time,2023,July,25
4028432722,2024-05-21 17:41:24,77397957,951463,Pet Care,3,2362.2,Card,On Time,2024,May,21
3679730192,2023-07-05 14:27:32,83404008,707935,Pet Care,1,820.9,Cash,On Time,2023,July,5
71793937,2024-04-20 23:44:39,13189939,94225,Household Care,1,77.11,Cash,On Time,2024,April,20
47467466,2023-09-05 16:53:11,55693909,120385,Pet Care,1,597.91,Wallet,On Time,2023,September,5
4538136436,2023-05-23 03:28:54,18170800,726958,Pet Care,2,1774.96,Card,On Time,2023,May,23
8750169461,2024-09-07 06:42:34,96989204,373536,Pet Care,2,988.34,UPI,On Time,2024,September,7
9371021811,2024-10-24 11:37:31,76850859,753354,Personal Care,3,1270.68,Card,On Time,2024,October,24
679274212,2024-10-19 19:09:22,91243571,721521,Grocery & Staples,2,834.78,Card,On Time,2024,October,19
6601671674,2023-07-09 06:22:00,49136375,500739,Dairy & Breakfast,2,719.96,Cash,Slightly Delayed,2023,July,9
2708441500,2024-01-12 21:05:00,23286884,14145,Fruits & Vegetables,1,630.84,Card,On Time,2024,January,12
9548480220,2023-09-08 12:13:28,82594354,799688,Personal Care,1,309.62,Wallet,On Time,2023,September,8
5440864021,2023-09-15 07:33:04,44409533,324809,Dairy & Breakfast,3,1824.0,Card,On Time,2023,September,15
5705224767,2023-06-02 17:35:56,3897936,604184,Household Care,2,795.1,Card,On Time,2023,June,2
9945458771,2024-08-27 15:06:31,8733344,63769,Personal Care,3,2634.21,Cash,Slightly Delayed,2024,August,27
336832815,2023-12-09 04:14:59,10769994,647462,Personal Care,3,979.26,UPI,Slightly Delayed,2023,December,9
9543126726,2024-05-01 12:03:22,24308515,600767,Personal Care,3,2167.2599999999998,Cash,Slightly Delayed,2024,May,1
5134666123,2024-05-02 13:28:58,38613642,942001,Pet Care,1,671.55,UPI,On Time,2024,May,2
5663657880,2024-05-06 11:20:40,69632084,859361,Personal Care,1,432.39,UPI,Significantly Delayed,2024,May,6
5352647396,2023-10-11 20:42:36,49756591,606256,Instant & Frozen Food,3,1107.84,Cash,On Time,2023,October,11
7995172779,2023-06-15 13:44:44,40703374,913428,Pet Care,2,784.44,Cash,Slightly Delayed,2023,June,15
605779703,2024-03-07 23:02:42,8881320,888807,Dairy & Breakfast,1,230.58,UPI,On Time,2024,March,7
685688121,2023-10-27 01:01:25,60371334,337168,Dairy & Breakfast,3,1636.47,Wallet,Significantly Delayed,2023,October,27
5966726971,2023-09-06 18:01:18,57833505,26060,Pharmacy,2,685.88,Wallet,On Time,2023,September,6
6763510083,2023-06-07 10:27:39,4055790,11422,Fruits & Vegetables,1,127.16,Cash,On Time,2023,June,7
6735813139,2023-04-04 01:07:06,90448312,171602,Cold Drinks & Juices,3,2650.32,Cash,On Time,2023,April,4
8361205778,2023-06-20 08:36:50,47274329,820973,Baby Care,2,229.04,Wallet,On Time,2023,June,20
3640952655,2023-06-01 16:31:24,50105174,954722,Instant & Frozen Food,2,1232.9,Cash,Slightly Delayed,2023,June,1
6395279829,2023-10-26 04:59:56,34588087,833557,Dairy & Breakfast,2,845.74,Cash,On Time,2023,October,26
339410846,2023-05-06 15:36:15,61618079,760684,Grocery & Staples,1,71.6,Card,On Time,2023,May,6
8924056486,2024-04-08 00:45:25,74172010,820973,Baby Care,2,229.04,UPI,Significantly Delayed,2024,April,8
6616322616,2023-12-03 10:48:35,61763552,927651,Baby Care,1,426.72,Wallet,On Time,2023,December,3
4178578583,2024-09-29 05:23:08,69340015,291238,Snacks & Munchies,1,746.03,UPI,On Time,2024,September,29
7558107764,2024-03-13 22:01:27,50968312,692985,Grocery & Staples,3,592.17,Cash,On Time,2024,March,13
7894708851,2024-04-12 01:37:57,78678612,455755,Household Care,3,132.27,Wallet,On Time,2024,April,12
1916638346,2023-06-28 17:22:05,20163931,9436,Personal Care,2,176.86,Cash,Slightly Delayed,2023,June,28
4973943462,2024-10-29 18:19:37,68341636,704868,Household Care,3,580.38,Card,Significantly Delayed,2024,October,29
6567129123,2023-09-09 12:41:26,66135710,891833,Dairy & Breakfast,1,493.19,Cash,On Time,2023,September,9
8702642032,2023-08-22 20:13:04,23676689,107548,Cold Drinks & Juices,1,891.6,Card,On Time,2023,August,22
7857954356,2024-01-20 18:49:03,76864442,903336,Grocery & Staples,3,1655.6399999999999,Wallet,On Time,2024,January,20
5376218500,2023-11-16 15:45:17,24644542,644847,Grocery & Staples,2,1245.62,Card,Slightly Delayed,2023,November,16
3452449295,2023-10-09 06:35:23,71252391,555121,Fruits & Vegetables,2,709.82,UPI,On Time,2023,October,9
1694826296,2023-05-09 19:36:29,12277039,709916,Household Care,1,33.76,Card,On Time,2023,May,9
9449954611,2023-08-12 07:24:03,97111119,63769,Personal Care,1,878.07,Cash,Slightly Delayed,2023,August,12
7722059222,2023-11-16 23:07:52,63630649,888807,Dairy & Breakfast,1,230.58,Cash,Slightly Delayed,2023,November,16
2871448124,2024-05-28 05:42:27,81091233,798639,Dairy & Breakfast,2,422.5,Cash,On Time,2024,May,28
4158839033,2024-09-22 12:13:30,38969732,4452,Baby Care,1,169.88,Cash,On Time,2024,September,22
9936118648,2024-03-04 18:42:25,54885705,961614,Snacks & Munchies,1,227.22,Wallet,Slightly Delayed,2024,March,4
6804747901,2024-01-31 02:45:25,89619421,848226,Fruits & Vegetables,2,419.18,Wallet,On Time,2024,January,31
7579444448,2024-06-06 16:01:20,53354003,500633,Dairy & Breakfast,3,463.5,Wallet,On Time,2024,June,6
4379043082,2023-05-12 04:35:08,88167544,587420,Snacks & Munchies,2,714.84,Cash,On Time,2023,May,12
4212894712,2024-06-09 14:49:20,20310720,883013,Dairy & Breakfast,1,989.88,Cash,On Time,2024,June,9
7962511808,2024-02-11 10:18:16,60371334,687218,Cold Drinks & Juices,1,317.82,UPI,On Time,2024,February,11
6478815087,2024-07-18 08:01:45,22293666,67197,Dairy & Breakfast,3,1656.6000000000001,Cash,On Time,2024,July,18
6239166986,2024-05-23 06:21:35,6724509,679865,Grocery & Staples,3,1043.73,Cash,Slightly Delayed,2024,May,23
9894863460,2023-03-25 08:37:29,35826539,945635,Grocery & Staples,1,778.9,Wallet,On Time,2023,March,25
2982638677,2024-01-13 17:26:15,48554440,706112,Pharmacy,2,957.58,Wallet,On Time,2024,January,13
3284797515,2024-09-10 03:50:34,13164195,925482,Instant & Frozen Food,3,1425.1200000000001,UPI,Slightly Delayed,2024,September,10
8895501673,2023-07-11 17:07:37,15066187,82484,Baby Care,1,914.88,Wallet,On Time,2023,July,11
914992221,2023-07-27 04:17:11,90882023,194682,Cold Drinks & Juices,3,2736.87,Cash,On Time,2023,July,27
2067729457,2023-09-23 01:34:46,79916464,679321,Cold Drinks & Juices,3,2215.38,Cash,On Time,2023,September,23
5389250154,2024-09-15 02:36:25,94179692,481843,Snacks & Munchies,2,595.36,UPI,On Time,2024,September,15
4352973016,2024-10-07 08:49:35,35912599,883013,Dairy & Breakfast,3,2969.64,Cash,Significantly Delayed,2024,October,7
7667555396,2024-02-03 11:37:39,13796199,365133,Household Care,1,915.45,Wallet,Slightly Delayed,2024,February,3
168804744,2023-10-28 07:21:34,25128143,925482,Instant & Frozen Food,1,475.04,Card,On Time,2023,October,28
854218304,2023-11-04 06:29:07,84377964,863930,Personal Care,2,485.14,Cash,On Time,2023,November,4
2616618240,2024-03-14 00:46:30,12402437,171602,Cold Drinks & Juices,3,2650.32,Wallet,On Time,2024,March,14
8891144024,2023-04-06 20:40:40,47590944,492958,Personal Care,1,84.2,Cash,On Time,2023,April,6
4606856320,2024-08-03 07:23:35,57102800,217710,Dairy & Breakfast,2,117.18,Wallet,On Time,2024,August,3
1876194333,2024-03-27 08:38:09,51945420,540618,Snacks & Munchies,2,634.1,Cash,On Time,2024,March,27
1471186096,2023-11-21 02:10:26,51503088,455083,Dairy & Breakfast,2,1918.02,UPI,Slightly Delayed,2023,November,21
4763556417,2023-04-01 00:44:27,91602727,18035,Household Care,3,2906.82,UPI,On Time,2023,April,1
5961097387,2023-08-27 04:34:57,75474920,992178,Pharmacy,2,1264.86,Wallet,On Time,2023,August,27
1509646137,2024-04-12 17:05:00,31456752,481843,Snacks & Munchies,3,893.04,Card,Slightly Delayed,2024,April,12
7533431274,2023-08-11 15:37:28,23984022,63769,Personal Care,3,2634.21,UPI,On Time,2023,August,11
3598818329,2023-07-29 03:19:44,22293666,196719,Fruits & Vegetables,2,435.0,UPI,On Time,2023,July,29
2561337790,2024-10-09 07:00:06,30823988,853932,Baby Care,3,2823.57,Cash,On Time,2024,October,9
2359692348,2024-08-31 00:34:00,5418547,284460,Fruits & Vegetables,3,1517.85,Card,On Time,2024,August,31
3146098826,2024-06-20 23:11:38,12799092,513199,Cold Drinks & Juices,3,1266.69,UPI,On Time,2024,June,20
8638050442,2023-11-16 23:29:41,52770036,689769,Instant & Frozen Food,3,139.85999999999999,Card,On Time,2023,November,16
1833854180,2023-03-23 07:12:41,60062501,992178,Pharmacy,2,1264.86,Cash,Significantly Delayed,2023,March,23
5687148136,2023-06-24 00:46:15,32527479,859361,Personal Care,2,864.78,Cash,On Time,2023,June,24
7133253616,2024-08-14 08:08:21,14940427,654297,Fruits & Vegetables,1,13.25,Wallet,Slightly Delayed,2024,August,14
7899569162,2023-08-15 08:52:13,90745023,500633,Dairy & Breakfast,1,154.5,UPI,Slightly Delayed,2023,August,15
6119637917,2024-06-28 20:45:43,77961205,903336,Grocery & Staples,3,1655.6399999999999,UPI,On Time,2024,June,28
4924477011,2024-01-13 19:20:13,7333934,500633,Dairy & Breakfast,3,463.5,Cash,On Time,2024,January,13
577458306,2023-10-03 07:10:04,94165062,863930,Personal Care,1,242.57,Wallet,On Time,2023,October,3
1605287230,2023-08-08 06:37:33,7076456,871592,Fruits & Vegetables,2,1740.58,UPI,On Time,2023,August,8
5743074720,2024-02-08 03:10:10,44828791,589812,Household Care,2,326.06,UPI,On Time,2024,February,8
1645477578,2023-07-20 07:52:09,47625855,473929,Fruits & Vegetables,3,1320.57,Cash,On Time,2023,July,20
6231311270,2023-12-07 18:40:58,91144803,965755,Fruits & Vegetables,1,532.57,UPI,Slightly Delayed,2023,December,7
4629648516,2023-08-21 22:22:49,93507573,689769,Instant & Frozen Food,2,93.24,Wallet,On Time,2023,August,21
2706229594,2024-10-04 07:45:22,81337068,36412,Household Care,3,1193.04,Cash,On Time,2024,October,4
6814009039,2023-11-03 13:06:48,10605484,291238,Snacks & Munchies,2,1492.06,Card,On Time,2023,November,3
5604135912,2024-08-19 16:21:47,11478478,757274,Pet Care,2,196.64,Cash,On Time,2024,August,19
766789724,2024-08-20 23:33:16,60446619,709916,Household Care,1,33.76,Cash,On Time,2024,August,20
2727595593,2023-11-17 01:01:45,80875034,739534,Household Care,1,994.56,UPI,On Time,2023,November,17
9887978407,2023-07-16 13:01:35,43256928,968887,Household Care,2,81.4,Wallet,On Time,2023,July,16
6825742544,2024-02-04 18:41:53,29689766,365132,Instant & Frozen Food,2,458.76,Wallet,On Time,2024,February,4
7081192087,2023-07-29 09:53:46,15529446,847349,Fruits & Vegetables,2,1562.16,Card,Slightly Delayed,2023,July,29
3185620074,2023-08-14 15:30:46,57526322,305754,Instant & Frozen Food,1,979.99,Wallet,Slightly Delayed,2023,August,14
7162086351,2023-11-15 01:00:52,74231111,962591,Cold Drinks & Juices,1,130.01,Cash,On Time,2023,November,15
5504768409,2023-08-07 22:37:10,84850688,39154,Fruits & Vegetables,3,2840.58,Card,Slightly Delayed,2023,August,7
6721093047,2024-03-10 14:22:58,22054087,473929,Fruits & Vegetables,3,1320.57,Wallet,On Time,2024,March,10
1134990529,2024-07-24 19:01:49,63971358,704868,Household Care,2,386.92,Cash,On Time,2024,July,24
4632975114,2023-05-15 17:15:03,92409489,287070,Grocery & Staples,2,886.34,Card,On Time,2023,May,15
1471897083,2023-12-06 21:55:53,78439088,228286,Cold Drinks & Juices,2,358.16,Wallet,On Time,2023,December,6
6081974624,2024-03-19 20:30:47,79764458,621677,Instant & Frozen Food,1,317.8,Card,On Time,2024,March,19
806680874,2023-11-15 16:59:28,14632090,739534,Household Care,2,1989.12,Card,On Time,2023,November,15
8213018419,2023-04-10 20:32:03,16640907,689769,Instant & Frozen Food,3,139.85999999999999,Wallet,Significantly Delayed,2023,April,10
4610876894,2023-08-14 21:47:48,59485034,654297,Fruits & Vegetables,1,13.25,Wallet,On Time,2023,August,14
9116180240,2023-05-23 18:17:19,17696094,890623,Fruits & Vegetables,1,354.52,Card,On Time,2023,May,23
8916648395,2023-07-15 16:37:10,8138417,952168,Snacks & Munchies,3,710.8499999999999,UPI,On Time,2023,July,15
3626990751,2023-05-10 19:15:23,81940369,171602,Cold Drinks & Juices,2,1766.88,Card,Slightly Delayed,2023,May,10
2544173358,2024-11-03 16:41:57,43295656,487931,Grocery & Staples,3,2127.2400000000002,UPI,On Time,2024,November,3
3654075570,2023-06-25 00:32:19,81906973,94225,Household Care,1,77.11,Card,On Time,2023,June,25
9846277624,2024-09-17 13:06:52,78732957,677169,Pharmacy,2,522.06,Card,On Time,2024,September,17
8600159148,2023-08-15 05:35:55,64748953,799459,Pharmacy,3,2556.06,Wallet,Slightly Delayed,2023,August,15
9184012674,2024-07-20 23:21:27,54139038,171602,Cold Drinks & Juices,3,2650.32,Wallet,On Time,2024,July,20
5842678913,2024-06-02 11:01:26,6756256,962054,Cold Drinks & Juices,1,16.86,Wallet,On Time,2024,June,2
6284066457,2023-03-19 04:24:51,68341636,51036,Baby Care,3,2794.83,Card,On Time,2023,March,19
957188879,2024-01-12 21:44:51,88067569,561860,Cold Drinks & Juices,1,874.78,UPI,On Time,2024,January,12
2027766693,2023-07-17 21:27:20,91024604,969851,Instant & Frozen Food,1,340.66,Card,On Time,2023,July,17
5201172375,2024-01-07 13:28:44,18199057,621677,Instant & Frozen Food,2,635.6,Wallet,Significantly Delayed,2024,January,7
5211206337,2024-03-04 19:18:55,84824280,679865,Grocery & Staples,2,695.82,Wallet,On Time,2024,March,4
519985157,2023-06-07 03:23:41,35455991,91670,Household Care,1,439.24,Card,On Time,2023,June,7
2599819074,2023-05-08 05:51:42,66310963,378230,Snacks & Munchies,3,499.26,Card,On Time,2023,May,8
6564176767,2024-04-11 11:04:11,28221067,146840,Dairy & Breakfast,3,2360.55,Cash,Significantly Delayed,2024,April,11
5969684091,2023-12-02 15:45:34,13604883,771228,Pet Care,2,166.36,Cash,On Time,2023,December,2
8152246475,2023-04-07 22:30:36,46989310,478531,Fruits & Vegetables,1,825.46,UPI,On Time,2023,April,7
1954493018,2024-08-25 16:15:20,41612464,820973,Baby Care,3,343.56,Wallet,On Time,2024,August,25
3695589383,2024-01-13 01:15:18,91868185,41853,Dairy & Breakfast,2,1820.88,UPI,On Time,2024,January,13
6340807810,2024-07-12 00:41:44,57537308,673058,Pharmacy,3,2297.2799999999997,Cash,On Time,2024,July,12
8029845822,2023-07-05 23:53:30,90621147,435929,Household Care,3,2570.67,Card,On Time,2023,July,5
8208755570,2023-12-12 21:18:05,46564935,487931,Grocery & Staples,3,2127.2400000000002,Wallet,On Time,2023,December,12
9622488249,2024-06-26 09:26:51,96629258,837480,Pharmacy,1,217.4,Card,On Time,2024,June,26
5410788959,2024-06-12 10:25:56,40055711,853932,Baby Care,3,2823.57,Wallet,On Time,2024,June,12
7087374685,2024-09-21 17:43:45,48268435,677542,Household Care,3,637.83,Cash,On Time,2024,September,21
1469556300,2023-09-26 23:36:47,65514005,951463,Pet Care,3,2362.2,Card,On Time,2023,September,26
864290652,2023-10-30 02:05:01,57392064,473647,Personal Care,3,129.14999999999998,Wallet,On Time,2023,October,30
3052167498,2023-07-24 17:07:37,92636025,659290,Dairy & Breakfast,2,638.68,UPI,On Time,2023,July,24
8370088792,2023-05-16 19:30:48,9107360,491521,Snacks & Munchies,1,556.35,Wallet,On Time,2023,May,16
8955500595,2023-05-07 18:03:53,58415368,925482,Instant & Frozen Food,1,475.04,Cash,Slightly Delayed,2023,May,7
6946637946,2024-02-18 03:58:21,70372270,540618,Snacks & Munchies,2,634.1,Cash,Slightly Delayed,2024,February,18
5461546808,2023-12-21 13:44:24,21948041,673058,Pharmacy,1,765.76,Card,Significantly Delayed,2023,December,21
9921425481,2023-05-17 05:10:03,29653387,700048,Household Care,3,423.84000000000003,Card,Significantly Delayed,2023,May,17
3583323379,2024-04-03 07:28:25,10418604,690565,Snacks & Munchies,1,951.27,Cash,On Time,2024,April,3
3427534518,2024-10-12 13:22:22,73807097,77308,Fruits & Vegetables,1,223.27,Wallet,Significantly Delayed,2024,October,12
9997994965,2023-12-27 14:02:18,13796199,461804,Grocery & Staples,2,621.38,Card,On Time,2023,December,27
5015358514,2024-08-12 20:45:12,4057678,891833,Dairy & Breakfast,1,493.19,Wallet,On Time,2024,August,12
5769065545,2024-01-28 20:41:13,1108176,376447,Dairy & Breakfast,3,2174.52,Card,On Time,2024,January,28
4062815570,2024-02-24 04:51:16,98152679,492958,Personal Care,1,84.2,Wallet,On Time,2024,February,24
39405769,2023-04-07 12:46:40,24621386,880510,Dairy & Breakfast,2,1902.86,Card,Slightly Delayed,2023,April,7
9553518696,2023-07-11 11:05:50,83304462,336847,Household Care,3,2810.94,UPI,On Time,2023,July,11
8023712979,2023-05-12 17:29:24,83701325,328457,Cold Drinks & Juices,2,1717.14,Wallet,On Time,2023,May,12
1111747100,2023-07-19 06:27:04,83236183,677169,Pharmacy,1,261.03,UPI,On Time,2023,July,19
3598180305,2023-08-31 08:47:45,75836905,492958,Personal Care,1,84.2,Wallet,On Time,2023,August,31
8171660349,2024-05-09 18:36:38,79628054,118820,Cold Drinks & Juices,3,36.96,Wallet,On Time,2024,May,9
3644704128,2024-06-01 09:53:45,39717448,186168,Pet Care,1,878.8,Wallet,On Time,2024,June,1
1254907139,2023-07-13 04:51:45,94854830,183929,Dairy & Breakfast,1,738.74,Card,On Time,2023,July,13
9810593187,2023-05-19 00:01:09,46313756,942001,Pet Care,3,2014.6499999999999,Cash,Slightly Delayed,2023,May,19
3205629870,2024-05-27 18:40:01,95001589,552883,Fruits & Vegetables,1,888.16,UPI,On Time,2024,May,27
8608459871,2023-09-21 17:40:05,14472401,39154,Fruits & Vegetables,3,2840.58,Card,On Time,2023,September,21
2730458449,2024-02-10 06:37:24,13383642,425341,Pet Care,1,486.28,Cash,Slightly Delayed,2024,February,10
2807397566,2024-05-19 10:01:31,28663279,669378,Fruits & Vegetables,2,424.28,Cash,On Time,2024,May,19
7217535512,2023-11-11 22:24:06,81541985,954722,Instant & Frozen Food,3,1849.3500000000001,Cash,On Time,2023,November,11
3321951407,2023-09-13 12:12:36,40305293,901144,Grocery & Staples,2,680.72,Cash,On Time,2023,September,13
7189146676,2024-05-20 18:34:01,10789681,18035,Household Care,2,1937.88,UPI,On Time,2024,May,20
5601251774,2024-10-10 08:16:56,96629258,602241,Snacks & Munchies,2,1953.1,Card,Significantly Delayed,2024,October,10
8884350133,2024-09-22 20:04:15,55425478,851978,Pharmacy,1,715.72,Card,On Time,2024,September,22
8168306307,2023-12-17 21:03:27,98152679,557908,Pharmacy,2,1884.74,Cash,On Time,2023,December,17
7689275881,2024-02-03 05:39:09,54580166,564692,Pet Care,1,215.65,Card,On Time,2024,February,3
6593510732,2023-09-10 13:51:38,87266831,741341,Dairy & Breakfast,1,923.84,Wallet,Slightly Delayed,2023,September,10
3066405445,2023-06-14 08:49:51,53354003,883013,Dairy & Breakfast,3,2969.64,Wallet,On Time,2023,June,14
5319633841,2024-05-05 14:34:11,95364457,137909,Pharmacy,2,1728.6,Cash,On Time,2024,May,5
1113665104,2024-06-11 22:58:08,83034412,82484,Baby Care,3,2744.64,Card,On Time,2024,June,11
8436983782,2024-10-22 01:59:03,98896871,376447,Dairy & Breakfast,3,2174.52,Cash,On Time,2024,October,22
1958942711,2024-05-12 08:53:28,30643619,669378,Fruits & Vegetables,2,424.28,Cash,On Time,2024,May,12
6485627928,2024-09-13 05:34:48,59769142,257719,Dairy & Breakfast,2,563.46,Wallet,On Time,2024,September,13
8147959428,2024-07-23 13:43:34,31000129,712307,Cold Drinks & Juices,2,529.78,Wallet,On Time,2024,July,23
3697060283,2024-08-25 01:09:57,57642258,949818,Snacks & Munchies,2,966.1,UPI,On Time,2024,August,25
2039437258,2023-12-12 05:58:54,20298398,992178,Pharmacy,2,1264.86,Card,On Time,2023,December,12
7655293952,2024-02-16 07:50:03,23348269,337168,Dairy & Breakfast,1,545.49,UPI,On Time,2024,February,16
39791095,2024-04-06 10:58:05,625395,700048,Household Care,3,423.84000000000003,Card,On Time,2024,April,6
8071046067,2024-09-28 16:37:38,33651554,26060,Pharmacy,2,685.88,Card,On Time,2024,September,28
2656326203,2023-11-16 18:30:26,92356639,613942,Pet Care,1,545.0,Wallet,On Time,2023,November,16
2366866840,2023-04-22 03:14:20,99772709,52729,Pet Care,1,316.02,Wallet,On Time,2023,April,22
8227348656,2023-12-01 17:46:08,25977417,487931,Grocery & Staples,1,709.08,UPI,On Time,2023,December,1
3917024194,2024-09-30 20:51:24,53640286,927651,Baby Care,1,426.72,Card,On Time,2024,September,30
3101265,2024-05-23 03:21:47,89617089,300159,Cold Drinks & Juices,1,44.35,UPI,On Time,2024,May,23
9907835880,2024-10-15 15:50:00,67340606,432617,Baby Care,3,2589.54,Card,On Time,2024,October,15
3396210655,2023-10-24 02:12:18,52075070,700048,Household Care,3,423.84000000000003,UPI,On Time,2023,October,24
3000018472,2024-08-18 05:31:01,24104630,70969,Fruits & Vegetables,2,1263.4,Card,On Time,2024,August,18
7166339556,2024-06-22 07:50:15,6319646,667163,Cold Drinks & Juices,1,441.2,Cash,On Time,2024,June,22
2194351161,2023-05-09 11:41:54,22800586,561860,Cold Drinks & Juices,3,2624.34,Cash,On Time,2023,May,9
3224986973,2024-02-16 07:42:13,66761643,876139,Grocery & Staples,3,1247.25,Wallet,On Time,2024,February,16
6882280967,2023-09-15 15:55:38,14472401,305754,Instant & Frozen Food,2,1959.98,Card,On Time,2023,September,15
8556188247,2023-10-05 18:10:58,46623192,721521,Grocery & Staples,3,1252.17,Card,On Time,2023,October,5
5236345617,2023-09-28 01:47:50,61851054,613942,Pet Care,1,545.0,Cash,On Time,2023,September,28
5153146875,2023-06-06 08:29:54,31156674,677169,Pharmacy,1,261.03,Wallet,Slightly Delayed,2023,June,6
2011151353,2024-05-15 03:44:23,67908555,525531,Pet Care,3,2493.3,UPI,On Time,2024,May,15
9880145668,2024-02-28 16:49:31,39317905,433521,Baby Care,3,963.99,UPI,Slightly Delayed,2024,February,28
2724264210,2024-10-24 16:22:22,98687927,990993,Snacks & Munchies,3,791.0999999999999,Wallet,Slightly Delayed,2024,October,24
871734663,2024-06-03 01:50:59,93321933,4452,Baby Care,1,169.88,Wallet,Slightly Delayed,2024,June,3
3883638432,2023-07-26 03:44:48,6245778,89084,Dairy & Breakfast,1,598.83,UPI,Significantly Delayed,2023,July,26
1282422181,2024-02-19 14:40:22,188838,478531,Fruits & Vegetables,1,825.46,UPI,Slightly Delayed,2024,February,19
4500802008,2024-06-17 05:46:01,41164215,228286,Cold Drinks & Juices,3,537.24,Cash,On Time,2024,June,17
8209715885,2023-05-25 15:23:42,17597449,807452,Grocery & Staples,2,288.38,Card,On Time,2023,May,25
9391482926,2023-09-12 03:03:03,56352626,490602,Grocery & Staples,3,1648.41,Cash,Slightly Delayed,2023,September,12
7217765772,2024-07-05 14:03:12,5238055,672059,Personal Care,1,672.73,Wallet,On Time,2024,July,5
7848556658,2024-04-27 11:27:23,97191387,36412,Household Care,3,1193.04,UPI,On Time,2024,April,27
9000851345,2024-03-10 16:58:45,81822494,623234,Instant & Frozen Food,3,989.3700000000001,Cash,On Time,2024,March,10
3019634875,2024-10-29 19:38:02,58170168,118820,Cold Drinks & Juices,1,12.32,UPI,On Time,2024,October,29
7013612817,2023-09-09 08:10:47,22036818,237083,Pharmacy,2,1154.26,Cash,Significantly Delayed,2023,September,9
59461109,2023-05-06 13:44:41,67708491,991434,Snacks & Munchies,3,712.86,UPI,On Time,2023,May,6
740245864,2023-05-18 10:58:35,45659330,901144,Grocery & Staples,2,680.72,Card,On Time,2023,May,18
8432648823,2023-05-19 07:31:48,69364309,26060,Pharmacy,2,685.88,Card,On Time,2023,May,19
5863164527,2023-11-13 17:50:55,38671747,433521,Baby Care,1,321.33,Wallet,Slightly Delayed,2023,November,13
8615999186,2024-09-08 20:23:37,96001315,6405,Baby Care,2,473.02,Cash,On Time,2024,September,8
1743268828,2024-05-02 18:06:34,53332493,9436,Personal Care,1,88.43,Wallet,On Time,2024,May,2
5475369740,2024-05-12 05:49:07,49433260,133542,Household Care,2,136.98,Wallet,On Time,2024,May,12
6520584496,2023-10-24 05:26:59,67215939,820973,Baby Care,3,343.56,Card,Significantly Delayed,2023,October,24
3854394048,2023-10-15 20:31:09,89531595,300159,Cold Drinks & Juices,2,88.7,Wallet,On Time,2023,October,15
4105779656,2024-04-02 17:11:26,58644651,243235,Pet Care,3,327.09000000000003,Card,On Time,2024,April,2
5960266785,2023-11-21 05:59:29,97419742,760684,Grocery & Staples,3,214.79999999999998,Wallet,On Time,2023,November,21
7380998329,2023-07-29 21:02:03,96989204,621677,Instant & Frozen Food,3,953.4000000000001,Wallet,On Time,2023,July,29
460625201,2024-05-17 02:28:25,26716400,131748,Pet Care,1,81.35,UPI,On Time,2024,May,17
5442705208,2024-08-27 03:15:33,38420886,739534,Household Care,2,1989.12,Cash,On Time,2024,August,27
643302284,2024-05-30 22:57:11,24153726,726958,Pet Care,3,2662.44,UPI,Slightly Delayed,2024,May,30
6141016209,2024-04-13 18:07:18,20469626,451812,Pharmacy,2,1061.7,Cash,On Time,2024,April,13
4058658914,2024-02-09 09:28:42,96001315,937542,Grocery & Staples,3,291.12,Cash,On Time,2024,February,9
4731454539,2024-01-05 06:57:10,62419778,140154,Personal Care,3,513.5999999999999,Card,On Time,2024,January,5
148408710,2024-01-01 01:57:47,60565603,448752,Household Care,2,320.14,Wallet,On Time,2024,January,1
3263142674,2024-01-30 08:20:13,12455156,969851,Instant & Frozen Food,1,340.66,Card,On Time,2024,January,30
9591201821,2023-11-12 20:19:56,38478423,146840,Dairy & Breakfast,3,2360.55,Card,Slightly Delayed,2023,November,12
2227944524,2023-06-07 08:48:45,93938425,914071,Snacks & Munchies,1,296.94,Card,On Time,2023,June,7
2307375554,2024-01-31 15:32:00,95768401,328457,Cold Drinks & Juices,1,858.57,UPI,Slightly Delayed,2024,January,31
8521887524,2024-04-13 14:08:15,5961261,131937,Instant & Frozen Food,3,863.4300000000001,Wallet,Slightly Delayed,2024,April,13
3298709387,2023-07-01 06:00:58,22321208,604184,Household Care,1,397.55,Card,On Time,2023,July,1
8608686211,2023-07-27 05:09:13,29689766,336847,Household Care,3,2810.94,Cash,Slightly Delayed,2023,July,27
5125482761,2023-05-28 07:20:31,89531595,118820,Cold Drinks & Juices,3,36.96,UPI,Slightly Delayed,2023,May,28
7388146343,2023-09-24 11:44:47,78806824,721521,Grocery & Staples,2,834.78,Wallet,Slightly Delayed,2023,September,24
7064723322,2023-10-15 11:44:30,19259955,257719,Dairy & Breakfast,3,845.19,Cash,Significantly Delayed,2023,October,15
1766291529,2024-07-12 18:52:29,74682740,799459,Pharmacy,3,2556.06,UPI,Slightly Delayed,2024,July,12
8183491568,2023-09-15 13:51:46,85074810,684939,Personal Care,1,727.95,UPI,Slightly Delayed,2023,September,15
6419111681,2024-01-24 10:55:37,19216141,784673,Pet Care,1,491.39,Wallet,On Time,2024,January,24
9193945481,2024-08-22 19:41:10,28277304,991434,Snacks & Munchies,3,712.86,Card,Slightly Delayed,2024,August,22
3937750618,2023-08-26 10:11:23,46504355,41853,Dairy & Breakfast,3,2731.32,Cash,On Time,2023,August,26
2056682923,2024-05-27 19:41:13,18940384,654297,Fruits & Vegetables,1,13.25,Cash,Slightly Delayed,2024,May,27
7229998672,2023-09-10 20:59:23,41194825,970529,Baby Care,3,2482.32,Card,Slightly Delayed,2023,September,10
7028582657,2024-11-01 13:48:41,36578947,487931,Grocery & Staples,1,709.08,Wallet,Slightly Delayed,2024,November,1
1732091066,2024-05-12 10:04:49,93018527,851978,Pharmacy,1,715.72,Wallet,On Time,2024,May,12
9389363975,2024-01-08 05:39:17,35302195,679865,Grocery & Staples,2,695.82,Card,Significantly Delayed,2024,January,8
9477050930,2023-09-01 00:03:51,1449273,187399,Instant & Frozen Food,1,53.49,Card,On Time,2023,September,1
6808771388,2024-04-29 17:49:09,88739922,264803,Pharmacy,3,2987.94,Wallet,On Time,2024,April,29
7616458551,2023-05-05 09:21:14,86294036,67197,Dairy & Breakfast,1,552.2,Card,Slightly Delayed,2023,May,5
2784959025,2023-04-07 02:30:48,59207798,962054,Cold Drinks & Juices,3,50.58,Card,On Time,2023,April,7
2716611235,2024-02-19 06:09:33,85626346,9436,Personal Care,1,88.43,UPI,On Time,2024,February,19
3797871396,2023-12-19 02:07:29,5712468,140154,Personal Care,1,171.2,UPI,On Time,2023,December,19
5895445193,2023-09-18 20:11:21,39093069,897083,Household Care,2,1945.38,Wallet,Slightly Delayed,2023,September,18
5281640953,2024-05-19 19:05:42,65396354,611575,Instant & Frozen Food,3,1446.18,Wallet,On Time,2024,May,19
9006387145,2023-07-16 09:59:48,61226563,968887,Household Care,3,122.10000000000001,UPI,Slightly Delayed,2023,July,16
2015702046,2023-05-17 06:52:38,46828932,219598,Personal Care,3,1101.24,UPI,Slightly Delayed,2023,May,17
9260334793,2024-07-10 06:45:25,15487049,992178,Pharmacy,3,1897.29,Wallet,On Time,2024,July,10
5912752928,2023-12-20 18:21:00,29562254,833557,Dairy & Breakfast,1,422.87,Wallet,On Time,2023,December,20
7691723645,2024-08-04 13:29:48,93675757,455755,Household Care,2,88.18,Cash,On Time,2024,August,4
9166904790,2024-01-19 19:01:10,57674875,194682,Cold Drinks & Juices,3,2736.87,Wallet,On Time,2024,January,19
1668797251,2023-05-18 00:30:10,27698051,133542,Household Care,2,136.98,Card,On Time,2023,May,18
3350348511,2023-10-05 05:12:12,2442235,726958,Pet Care,2,1774.96,Cash,On Time,2023,October,5
2475154947,2024-01-14 11:00:14,13760839,317242,Grocery & Staples,3,594.45,Cash,Slightly Delayed,2024,January,14
1348544692,2024-04-15 17:01:06,72489544,587420,Snacks & Munchies,3,1072.26,Cash,Slightly Delayed,2024,April,15
6770208707,2024-05-01 22:08:36,8241122,228286,Cold Drinks & Juices,1,179.08,Cash,On Time,2024,May,1
9500356395,2024-10-29 01:18:06,99729547,284460,Fruits & Vegetables,1,505.95,Wallet,On Time,2024,October,29
6280233997,2023-08-23 20:29:30,1507408,118820,Cold Drinks & Juices,2,24.64,Card,On Time,2023,August,23
935645101,2023-09-27 02:26:38,63368244,677169,Pharmacy,1,261.03,UPI,Significantly Delayed,2023,September,27
3492077995,2023-06-23 23:55:59,97466783,863930,Personal Care,3,727.71,Wallet,On Time,2023,June,23
6971044672,2024-03-21 16:06:32,68985290,120532,Grocery & Staples,2,1395.06,Cash,Slightly Delayed,2024,March,21
9417710958,2023-09-20 15:55:11,75892474,70969,Fruits & Vegetables,1,631.7,Wallet,On Time,2023,September,20
114851727,2024-10-04 03:16:47,46875863,11422,Fruits & Vegetables,1,127.16,Wallet,On Time,2024,October,4
7521503340,2024-05-30 06:58:58,65660660,642612,Pet Care,2,1034.06,Wallet,On Time,2024,May,30
7709878408,2023-08-09 17:53:59,90745023,555121,Fruits & Vegetables,1,354.91,Cash,On Time,2023,August,9
7941755463,2024-09-30 09:35:04,19705695,851978,Pharmacy,1,715.72,Wallet,On Time,2024,September,30
4540271027,2024-05-14 03:55:16,23126356,257719,Dairy & Breakfast,1,281.73,Cash,On Time,2024,May,14
8022168472,2024-02-20 22:33:43,70230254,67197,Dairy & Breakfast,1,552.2,Cash,Slightly Delayed,2024,February,20
3808358945,2023-08-26 03:06:53,78014505,257719,Dairy & Breakfast,2,563.46,Wallet,Slightly Delayed,2023,August,26
5112444865,2024-06-06 21:04:35,45868300,747801,Household Care,3,833.28,Card,On Time,2024,June,6
9965551056,2023-06-24 01:59:08,33658749,123983,Pharmacy,2,1571.34,UPI,Slightly Delayed,2023,June,24
7695708103,2024-05-16 15:41:47,51119088,487065,Snacks & Munchies,3,1124.04,Cash,On Time,2024,May,16
7022728237,2023-06-03 04:14:03,21677923,455083,Dairy & Breakfast,1,959.01,Card,On Time,2023,June,3
2062715135,2024-08-20 15:38:50,13197985,661577,Pet Care,2,1441.9,Card,On Time,2024,August,20
3287815959,2024-08-09 19:43:10,73061709,34186,Fruits & Vegetables,1,925.65,UPI,Significantly Delayed,2024,August,9
9015471552,2024-04-13 19:32:29,23081177,679865,Grocery & Staples,2,695.82,UPI,On Time,2024,April,13
1595123446,2024-02-27 00:40:54,30188374,137909,Pharmacy,2,1728.6,Cash,On Time,2024,February,27
4888577440,2024-05-19 00:42:46,35237846,697683,Household Care,2,247.48,Card,On Time,2024,May,19
9039053330,2023-08-16 10:15:50,82425179,94225,Household Care,3,231.32999999999998,UPI,On Time,2023,August,16
3091360904,2024-06-16 04:26:49,59252433,799459,Pharmacy,1,852.02,UPI,On Time,2024,June,16
6821938492,2023-09-06 16:46:35,90346920,256051,Personal Care,3,1202.76,UPI,On Time,2023,September,6
4553785640,2024-08-13 16:37:43,94486311,818990,Fruits & Vegetables,2,327.1,UPI,On Time,2024,August,13
4005611015,2024-03-29 23:52:07,5763963,613942,Pet Care,3,1635.0,UPI,Slightly Delayed,2024,March,29
8480910658,2023-08-28 20:19:24,73799927,871592,Fruits & Vegetables,3,2610.87,Card,On Time,2023,August,28
1922667245,2023-09-24 16:33:09,66252737,378287,Cold Drinks & Juices,3,998.52,UPI,On Time,2023,September,24
379758677,2023-12-26 22:43:09,54139038,171602,Cold Drinks & Juices,2,1766.88,Card,Slightly Delayed,2023,December,26
4903380842,2024-06-03 05:27:05,71229024,317242,Grocery & Staples,3,594.45,Card,Slightly Delayed,2024,June,3
9244122658,2024-03-12 16:42:38,1588560,26060,Pharmacy,3,1028.82,UPI,Significantly Delayed,2024,March,12
5054410467,2023-07-01 12:16:23,49147776,60619,Cold Drinks & Juices,2,1452.82,UPI,On Time,2023,July,1
9877212995,2024-05-04 01:18:51,30065862,739534,Household Care,3,2983.68,Card,On Time,2024,May,4
8375236356,2023-09-22 18:45:02,22974816,890232,Cold Drinks & Juices,1,432.0,Card,On Time,2023,September,22
2652063230,2023-11-22 02:11:55,24144240,604184,Household Care,3,1192.65,Card,On Time,2023,November,22
7258243894,2024-07-14 23:08:25,72797175,473929,Fruits & Vegetables,3,1320.57,Card,On Time,2024,July,14
5980648426,2023-12-15 03:26:00,23982977,373536,Pet Care,2,988.34,UPI,Significantly Delayed,2023,December,15
365104159,2023-11-27 04:56:51,19581959,771228,Pet Care,2,166.36,Card,Significantly Delayed,2023,November,27
7038005775,2023-07-02 02:09:47,49617531,284460,Fruits & Vegetables,1,505.95,Cash,On Time,2023,July,2
1456792223,2024-08-13 21:18:36,80875034,33797,Pharmacy,2,1776.24,UPI,On Time,2024,August,13
6673964264,2024-10-18 05:43:01,34526442,133542,Household Care,1,68.49,Wallet,On Time,2024,October,18
5780280518,2024-08-23 22:34:52,74230420,883013,Dairy & Breakfast,1,989.88,Card,On Time,2024,August,23
6220137166,2023-12-09 22:09:35,16485871,11422,Fruits & Vegetables,1,127.16,Cash,Slightly Delayed,2023,December,9
2615887425,2023-10-28 19:55:41,18465047,784827,Baby Care,3,822.75,Cash,Slightly Delayed,2023,October,28
5610987488,2023-08-14 12:07:35,85626346,611575,Instant & Frozen Food,2,964.12,Card,On Time,2023,August,14
6038240765,2023-05-27 00:19:57,48002829,51036,Baby Care,2,1863.22,Cash,On Time,2023,May,27
5004974422,2023-07-03 18:13:28,83660688,567671,Snacks & Munchies,1,418.48,Card,On Time,2023,July,3
2349863203,2023-12-20 21:03:38,20310720,726958,Pet Care,3,2662.44,Cash,On Time,2023,December,20
9487956261,2023-07-25 07:28:56,62600289,4452,Baby Care,1,169.88,Cash,Slightly Delayed,2023,July,25
7169945062,2023-06-14 02:25:15,32830199,376447,Dairy & Breakfast,3,2174.52,UPI,On Time,2023,June,14
5393866026,2023-04-10 00:45:20,13164195,256051,Personal Care,2,801.84,Cash,On Time,2023,April,10
7266772806,2024-09-06 23:10:12,79942821,137909,Pharmacy,1,864.3,Card,On Time,2024,September,6
2411227007,2024-06-09 14:40:18,46875863,337168,Dairy & Breakfast,1,545.49,Wallet,On Time,2024,June,9
960728650,2023-04-16 07:58:44,34526570,187399,Instant & Frozen Food,3,160.47,UPI,Slightly Delayed,2023,April,16
2326500581,2024-07-21 05:29:04,24308515,123983,Pharmacy,2,1571.34,UPI,On Time,2024,July,21
9489310879,2024-10-15 05:22:12,42989999,891833,Dairy & Breakfast,3,1479.57,UPI,On Time,2024,October,15
2341242955,2024-01-12 18:22:15,8228843,171602,Cold Drinks & Juices,1,883.44,UPI,Significantly Delayed,2024,January,12
1023485121,2024-02-11 17:16:30,63310076,94225,Household Care,3,231.32999999999998,Cash,On Time,2024,February,11
9742218709,2024-09-25 13:18:53,83412446,891833,Dairy & Breakfast,2,986.38,Cash,On Time,2024,September,25
9039933820,2023-12-09 15:07:56,69219122,317242,Grocery & Staples,3,594.45,Card,On Time,2023,December,9
1391881327,2024-07-01 21:17:49,50557979,123983,Pharmacy,3,2357.0099999999998,UPI,On Time,2024,July,1
3360648053,2023-05-15 08:19:15,2584499,131136,Grocery & Staples,1,37.8,Wallet,On Time,2023,May,15
9758418980,2023-07-05 11:42:10,69219122,949818,Snacks & Munchies,2,966.1,Card,On Time,2023,July,5
9859459525,2023-07-13 02:25:28,67952740,667163,Cold Drinks & Juices,2,882.4,Card,On Time,2023,July,13
6924226309,2024-09-27 03:45:48,62526567,604184,Household Care,2,795.1,Cash,Slightly Delayed,2024,September,27
7672052920,2023-12-07 00:58:00,20238921,228286,Cold Drinks & Juices,3,537.24,Wallet,On Time,2023,December,7
4597359399,2024-09-20 03:03:14,57967753,552496,Household Care,3,1524.0,UPI,On Time,2024,September,20
665402174,2024-04-16 02:03:25,51557673,894539,Household Care,2,890.96,Cash,On Time,2024,April,16
3986082657,2024-02-17 12:37:53,49152878,604184,Household Care,1,397.55,Wallet,On Time,2024,February,17
4275746826,2024-03-05 10:45:46,44410149,120532,Grocery & Staples,3,2092.59,UPI,On Time,2024,March,5
525864604,2024-03-24 21:04:29,33651554,6405,Baby Care,3,709.53,Cash,On Time,2024,March,24
4473658819,2023-12-05 00:25:25,376144,432617,Baby Care,2,1726.36,Cash,On Time,2023,December,5
8824559505,2024-08-14 13:46:11,88553721,578097,Snacks & Munchies,3,802.83,UPI,On Time,2024,August,14
1824646473,2023-04-02 06:47:43,51670882,378287,Cold Drinks & Juices,3,998.52,Cash,On Time,2023,April,2
776389097,2024-02-10 07:33:39,10797688,243235,Pet Care,1,109.03,Cash,Slightly Delayed,2024,February,10
4908634706,2023-10-15 22:19:25,88223261,839170,Dairy & Breakfast,3,1444.8899999999999,Wallet,On Time,2023,October,15
3516204561,2023-09-09 05:31:58,64562786,677169,Pharmacy,2,522.06,Card,On Time,2023,September,9
9510792757,2023-11-04 05:02:14,625395,937542,Grocery & Staples,1,97.04,Cash,On Time,2023,November,4
3504903228,2023-06-30 00:16:00,31776996,256783,Pet Care,1,906.54,Card,Slightly Delayed,2023,June,30
3438202422,2023-10-08 15:49:10,43860025,602241,Snacks & Munchies,2,1953.1,UPI,Significantly Delayed,2023,October,8
3007616042,2024-07-14 07:20:08,77869660,451933,Grocery & Staples,2,1137.88,UPI,Significantly Delayed,2024,July,14
4656199468,2023-10-29 19:29:19,13581527,373536,Pet Care,3,1482.51,UPI,Significantly Delayed,2023,October,29
6994560237,2024-07-03 11:16:07,96109948,366066,Personal Care,2,1837.16,UPI,On Time,2024,July,3
8442552565,2023-11-05 16:16:52,12851610,385113,Personal Care,1,816.38,UPI,Significantly Delayed,2023,November,5
414299117,2023-07-28 06:31:14,41008070,470449,Instant & Frozen Food,3,2483.31,Cash,On Time,2023,July,28
8146956033,2024-08-10 00:55:00,44888581,490602,Grocery & Staples,2,1098.94,Card,On Time,2024,August,10
7919748594,2024-09-20 00:30:20,75213636,481843,Snacks & Munchies,1,297.68,Wallet,On Time,2024,September,20
7834171020,2024-01-04 12:16:25,52915166,687218,Cold Drinks & Juices,2,635.64,Card,On Time,2024,January,4
3735968672,2023-12-22 22:27:36,211163,767398,Household Care,3,66.42,UPI,On Time,2023,December,22
3864051985,2024-04-06 02:54:19,31776996,490939,Personal Care,1,80.25,Cash,Significantly Delayed,2024,April,6
8299074079,2024-06-08 10:14:10,59930550,600767,Personal Care,1,722.42,Cash,On Time,2024,June,8
891333736,2023-09-24 20:13:03,96853930,552496,Household Care,1,508.0,Wallet,Significantly Delayed,2023,September,24
2874220576,2023-10-04 07:00:43,99734256,146840,Dairy & Breakfast,2,1573.7,Wallet,On Time,2023,October,4
6375536946,2024-01-10 12:35:54,94430842,937542,Grocery & Staples,3,291.12,UPI,On Time,2024,January,10
1966054573,2023-05-09 11:57:58,31389750,552883,Fruits & Vegetables,1,888.16,UPI,Significantly Delayed,2023,May,9
1565942558,2024-08-04 14:20:41,40858753,272170,Instant & Frozen Food,2,281.6,UPI,On Time,2024,August,4
4624281313,2024-10-22 11:12:07,11493380,490939,Personal Care,2,160.5,Card,On Time,2024,October,22
6884010758,2024-04-27 22:17:57,22210238,818990,Fruits & Vegetables,2,327.1,Wallet,On Time,2024,April,27
4351744653,2023-04-03 14:10:21,9423628,851978,Pharmacy,1,715.72,UPI,Significantly Delayed,2023,April,3
8698000932,2024-05-28 20:20:44,43519553,690565,Snacks & Munchies,2,1902.54,Card,Significantly Delayed,2024,May,28
3844380421,2023-10-19 12:46:22,6344345,131937,Instant & Frozen Food,3,863.4300000000001,Wallet,On Time,2023,October,19
7105842598,2023-08-24 14:49:37,99707100,897083,Household Care,1,972.69,UPI,On Time,2023,August,24
8993722297,2023-07-04 15:54:33,69088723,952124,Fruits & Vegetables,2,254.16,Cash,On Time,2023,July,4
2929439019,2023-10-28 17:21:14,63858550,654623,Snacks & Munchies,1,422.14,Wallet,On Time,2023,October,28
1661854320,2024-09-28 09:51:29,79169760,382511,Dairy & Breakfast,2,1405.08,UPI,On Time,2024,September,28
3082165628,2023-05-02 21:32:37,49617892,621677,Instant & Frozen Food,3,953.4000000000001,UPI,On Time,2023,May,2
1745045814,2023-11-30 08:45:34,88532418,677169,Pharmacy,1,261.03,Card,On Time,2023,November,30
813387880,2023-07-08 11:31:53,92455970,897083,Household Care,1,972.69,Wallet,On Time,2023,July,8
8189879400,2023-11-16 04:22:20,66427343,491521,Snacks & Munchies,1,556.35,Cash,On Time,2023,November,16
8465045467,2024-05-01 05:32:15,13604883,136533,Dairy & Breakfast,3,2478.63,Wallet,On Time,2024,May,1
9232350528,2023-10-03 08:17:06,4055790,67197,Dairy & Breakfast,2,1104.4,Cash,On Time,2023,October,3
1728666371,2024-05-12 12:29:32,23126356,131748,Pet Care,1,81.35,Cash,Significantly Delayed,2024,May,12
6131815766,2023-03-17 23:50:57,65514005,564692,Pet Care,2,431.3,Wallet,On Time,2023,March,17
6438773635,2024-07-19 03:53:24,67302239,965755,Fruits & Vegetables,2,1065.14,UPI,On Time,2024,July,19
6912676966,2023-06-10 13:50:41,29324437,26060,Pharmacy,1,342.94,Wallet,On Time,2023,June,10
2840314717,2023-06-27 23:33:21,26432512,679321,Cold Drinks & Juices,3,2215.38,Wallet,On Time,2023,June,27
9508359721,2024-08-24 15:46:55,3002538,679865,Grocery & Staples,2,695.82,UPI,Slightly Delayed,2024,August,24
2244679313,2024-08-05 06:57:07,4458329,557908,Pharmacy,3,2827.11,Card,On Time,2024,August,5
9407544177,2024-11-03 07:53:59,66310963,34200,Personal Care,1,319.8,Card,On Time,2024,November,3
2528398796,2023-04-06 23:42:43,87889031,552496,Household Care,3,1524.0,Wallet,Slightly Delayed,2023,April,6
9464988762,2023-10-02 17:16:55,13567338,33955,Instant & Frozen Food,3,558.24,UPI,On Time,2023,October,2
6373867899,2023-11-08 08:41:48,66655397,36412,Household Care,2,795.36,Card,On Time,2023,November,8
4028185110,2023-04-25 15:18:14,4789829,367391,Baby Care,1,939.55,Cash,Slightly Delayed,2023,April,25
9717018638,2024-07-13 02:36:06,73679086,613942,Pet Care,3,1635.0,Card,Slightly Delayed,2024,July,13
4898477588,2024-02-15 20:07:56,66766629,287070,Grocery & Staples,2,886.34,UPI,On Time,2024,February,15
4723165081,2024-02-02 08:53:11,29562254,461804,Grocery & Staples,3,932.0699999999999,UPI,On Time,2024,February,2
2845954128,2024-07-04 16:45:53,31324823,237083,Pharmacy,2,1154.26,Cash,On Time,2024,July,4
23158044,2023-05-19 19:28:28,31681710,669378,Fruits & Vegetables,1,212.14,UPI,On Time,2023,May,19
1486548042,2023-10-12 11:17:23,13465850,222892,Fruits & Vegetables,3,2607.66,Card,Slightly Delayed,2023,October,12
708351411,2023-10-16 05:31:05,69762479,659290,Dairy & Breakfast,2,638.68,Cash,Slightly Delayed,2023,October,16
5512110908,2023-11-22 02:06:53,40192266,654623,Snacks & Munchies,2,844.28,Cash,Significantly Delayed,2023,November,22
2295441899,2024-02-18 07:50:22,58644651,820973,Baby Care,3,343.56,Cash,Slightly Delayed,2024,February,18
4867173151,2023-10-24 22:00:36,35885052,287070,Grocery & Staples,2,886.34,Card,On Time,2023,October,24
4635037652,2024-01-23 20:40:54,69925688,256783,Pet Care,3,2719.62,Wallet,On Time,2024,January,23
2209259378,2023-12-23 12:41:15,86995126,305754,Instant & Frozen Food,1,979.99,Card,On Time,2023,December,23
4079286483,2023-05-19 13:09:58,22227829,487065,Snacks & Munchies,2,749.36,Card,On Time,2023,May,19
9506078962,2024-07-05 22:01:58,27336589,114414,Pharmacy,2,1664.12,Card,Slightly Delayed,2024,July,5
6894691072,2024-03-22 11:55:52,83577942,606256,Instant & Frozen Food,2,738.56,Cash,On Time,2024,March,22
4481256065,2024-04-04 13:57:44,66499992,937542,Grocery & Staples,2,194.08,Card,Significantly Delayed,2024,April,4
5050919809,2024-05-13 07:04:41,46885873,760828,Pet Care,1,563.45,Card,On Time,2024,May,13
1328085383,2023-05-11 11:37:52,67538982,131937,Instant & Frozen Food,2,575.62,Wallet,On Time,2023,May,11
5382246981,2023-08-30 21:51:30,87266309,897083,Household Care,2,1945.38,Card,On Time,2023,August,30
5647827263,2024-05-07 07:55:24,96171594,264803,Pharmacy,2,1991.96,Card,On Time,2024,May,7
9244268951,2023-10-30 09:28:13,64316806,712003,Cold Drinks & Juices,1,671.68,UPI,On Time,2023,October,30
6217777735,2024-07-22 11:23:06,12059049,305754,Instant & Frozen Food,2,1959.98,Card,On Time,2024,July,22
3682639473,2023-11-21 23:48:53,99301505,654297,Fruits & Vegetables,1,13.25,Wallet,On Time,2023,November,21
3859331666,2023-07-02 07:37:25,23676689,677542,Household Care,1,212.61,Wallet,On Time,2023,July,2
7971689217,2023-10-18 13:04:32,64932019,642612,Pet Care,3,1551.09,Wallet,Slightly Delayed,2023,October,18
6822492679,2023-07-28 06:09:08,98540377,767398,Household Care,3,66.42,Cash,Slightly Delayed,2023,July,28
7211194993,2023-09-04 03:48:51,16561710,734789,Snacks & Munchies,2,791.64,Cash,On Time,2023,September,4
461485679,2023-08-08 00:06:45,4594944,723678,Pet Care,1,675.46,Wallet,On Time,2023,August,8
3209732414,2024-04-18 10:50:25,87335844,264803,Pharmacy,1,995.98,Card,On Time,2024,April,18
6537694730,2024-08-15 00:38:15,75490147,930284,Baby Care,3,568.41,UPI,On Time,2024,August,15
7653097776,2023-07-16 06:38:44,63184222,487065,Snacks & Munchies,1,374.68,Cash,On Time,2023,July,16
4928556641,2023-09-19 14:53:57,97475543,589812,Household Care,2,326.06,Card,Slightly Delayed,2023,September,19
5905518100,2023-09-25 06:34:07,86995126,604184,Household Care,1,397.55,Wallet,On Time,2023,September,25
8337948336,2023-07-04 05:26:59,25706121,687218,Cold Drinks & Juices,2,635.64,Cash,On Time,2023,July,4
8814435884,2024-08-11 13:59:47,69908484,256783,Pet Care,1,906.54,Card,On Time,2024,August,11
6645415772,2024-07-02 06:51:43,64906311,704868,Household Care,2,386.92,UPI,On Time,2024,July,2
5274039950,2023-12-14 20:20:39,87059497,41853,Dairy & Breakfast,1,910.44,Card,On Time,2023,December,14
7404052550,2023-09-13 07:03:41,45166203,33955,Instant & Frozen Food,3,558.24,UPI,On Time,2023,September,13
8179058864,2023-05-18 17:45:29,76970363,222892,Fruits & Vegetables,1,869.22,UPI,On Time,2023,May,18
5195997912,2024-07-20 15:16:32,29562072,951463,Pet Care,2,1574.8,Wallet,On Time,2024,July,20
3320194259,2023-12-07 18:55:10,68219091,734789,Snacks & Munchies,1,395.82,UPI,On Time,2023,December,7
8185684967,2023-05-05 22:30:30,46686696,784673,Pet Care,2,982.78,Card,On Time,2023,May,5
2324568019,2023-07-06 05:05:30,59677346,313754,Snacks & Munchies,2,273.2,UPI,Slightly Delayed,2023,July,6
3522645150,2023-05-16 07:33:57,22483684,513199,Cold Drinks & Juices,2,844.46,UPI,On Time,2023,May,16
4510488834,2024-09-08 20:39:29,90586443,63769,Personal Care,1,878.07,Card,On Time,2024,September,8
9433427403,2023-05-17 20:56:25,46848302,623234,Instant & Frozen Food,2,659.58,Wallet,Slightly Delayed,2023,May,17
8065436106,2024-01-22 01:40:31,5763963,490602,Grocery & Staples,1,549.47,Card,On Time,2024,January,22
846586265,2023-07-02 16:41:26,10418604,585299,Pet Care,1,799.46,Cash,Slightly Delayed,2023,July,2
4337013612,2023-05-15 12:29:43,30823988,739534,Household Care,2,1989.12,Card,On Time,2023,May,15
8916023990,2024-05-18 04:28:04,3588443,34186,Fruits & Vegetables,2,1851.3,UPI,Slightly Delayed,2024,May,18
6018805430,2023-09-04 07:24:40,35358395,440875,Baby Care,1,275.03,Card,On Time,2023,September,4
2676353168,2024-09-10 11:19:07,25595836,327290,Grocery & Staples,3,2586.84,Cash,On Time,2024,September,10
1069724600,2023-07-26 11:43:20,10945990,890623,Fruits & Vegetables,3,1063.56,Cash,Slightly Delayed,2023,July,26
5503476312,2024-06-16 15:46:53,36774480,604184,Household Care,3,1192.65,Wallet,On Time,2024,June,16
4439677910,2024-02-26 09:32:38,91791128,961614,Snacks & Munchies,2,454.44,Wallet,On Time,2024,February,26
8045361592,2024-10-11 11:49:32,16543242,602241,Snacks & Munchies,1,976.55,Wallet,On Time,2024,October,11
1873731593,2023-11-24 07:41:32,20209237,647462,Personal Care,2,652.84,Wallet,On Time,2023,November,24
1126011099,2024-02-21 21:53:21,53557741,714999,Dairy & Breakfast,2,1765.02,Card,On Time,2024,February,21
4100626744,2024-10-21 01:03:46,15484407,760684,Grocery & Staples,3,214.79999999999998,UPI,On Time,2024,October,21
8616880376,2024-03-18 04:01:22,16256136,859361,Personal Care,2,864.78,Wallet,Significantly Delayed,2024,March,18
1427911940,2024-02-24 07:00:38,20634789,451933,Grocery & Staples,3,1706.8200000000002,UPI,On Time,2024,February,24
4416398885,2024-10-22 06:38:37,10945990,863930,Personal Care,1,242.57,Card,On Time,2024,October,22
2584579895,2024-01-12 20:46:24,94713625,953175,Baby Care,1,225.21,Card,On Time,2024,January,12
7770651576,2023-09-04 00:18:49,87266309,114414,Pharmacy,3,2496.18,UPI,Significantly Delayed,2023,September,4
3705985582,2023-08-19 23:20:01,34897081,473647,Personal Care,3,129.14999999999998,Wallet,On Time,2023,August,19
5160295213,2024-01-25 20:44:59,22133362,186168,Pet Care,3,2636.3999999999996,Cash,On Time,2024,January,25
4374285559,2024-09-02 02:58:44,53399500,820541,Household Care,3,1728.66,UPI,Slightly Delayed,2024,September,2
9096638812,2023-12-05 01:56:14,70243933,240179,Pharmacy,3,271.68,UPI,On Time,2023,December,5
2888179397,2023-08-26 18:51:22,51341672,818522,Dairy & Breakfast,3,288.27,UPI,Slightly Delayed,2023,August,26
3387165389,2024-07-14 09:14:56,376144,146840,Dairy & Breakfast,3,2360.55,Card,On Time,2024,July,14
1925647539,2023-08-14 15:30:54,13424885,397973,Fruits & Vegetables,1,728.73,UPI,On Time,2023,August,14
6160848562,2023-09-10 19:43:37,59769142,397973,Fruits & Vegetables,2,1457.46,Card,On Time,2023,September,10
2343495895,2024-08-04 14:24:51,2584499,552496,Household Care,3,1524.0,UPI,On Time,2024,August,4
8812220964,2023-08-29 16:20:14,66742602,659290,Dairy & Breakfast,2,638.68,Wallet,On Time,2023,August,29
8640364495,2023-05-13 22:51:47,51670882,398340,Instant & Frozen Food,3,1955.79,Card,Slightly Delayed,2023,May,13
4610687284,2023-09-26 10:32:31,27698051,723678,Pet Care,1,675.46,Cash,On Time,2023,September,26
189431942,2024-01-23 12:27:16,58115779,51036,Baby Care,3,2794.83,UPI,On Time,2024,January,23
1746826454,2024-01-05 01:38:52,36462363,798639,Dairy & Breakfast,2,422.5,Card,On Time,2024,January,5
948345459,2024-03-23 04:13:06,66629497,993331,Grocery & Staples,1,102.44,UPI,Slightly Delayed,2024,March,23
9959881029,2024-09-30 03:23:06,35782051,654623,Snacks & Munchies,2,844.28,UPI,Slightly Delayed,2024,September,30
621213006,2024-07-22 04:28:26,43377076,739448,Household Care,3,2266.98,UPI,On Time,2024,July,22
1772464528,2023-09-07 21:03:04,66655397,954722,Instant & Frozen Food,1,616.45,Cash,On Time,2023,September,7
7732863862,2023-08-02 03:54:51,89476734,194682,Cold Drinks & Juices,2,1824.58,Cash,On Time,2023,August,2
3064828239,2024-02-18 07:37:33,6186471,689769,Instant & Frozen Food,1,46.62,UPI,On Time,2024,February,18
6363526452,2023-10-10 23:01:54,53292177,965755,Fruits & Vegetables,3,1597.71,Wallet,On Time,2023,October,10
6988011282,2024-10-30 17:00:05,74212242,807452,Grocery & Staples,1,144.19,Wallet,On Time,2024,October,30
8523250818,2024-02-11 18:54:06,77673290,799459,Pharmacy,2,1704.04,UPI,On Time,2024,February,11
5595210484,2023-05-17 01:03:53,93507573,60619,Cold Drinks & Juices,3,2179.23,Card,Slightly Delayed,2023,May,17
1461081366,2024-08-15 23:06:55,13604883,33955,Instant & Frozen Food,1,186.08,Cash,Slightly Delayed,2024,August,15
4922364507,2024-07-06 08:46:32,79628054,313754,Snacks & Munchies,3,409.79999999999995,Cash,On Time,2024,July,6
6597871211,2024-05-03 00:28:32,59815512,478531,Fruits & Vegetables,3,2476.38,UPI,On Time,2024,May,3
2719816862,2024-09-20 20:49:22,85074810,876139,Grocery & Staples,3,1247.25,Wallet,Slightly Delayed,2024,September,20
9830788650,2023-07-07 07:55:06,87160527,587645,Pharmacy,1,801.81,UPI,On Time,2023,July,7
140980199,2024-03-05 14:09:06,27504517,492958,Personal Care,2,168.4,UPI,Slightly Delayed,2024,March,5
7595842583,2024-02-24 07:57:06,90150193,555121,Fruits & Vegetables,1,354.91,Cash,On Time,2024,February,24
2390228992,2023-07-31 16:49:38,46699982,328457,Cold Drinks & Juices,2,1717.14,Card,On Time,2023,July,31
8178738469,2023-06-12 05:47:37,95873651,140154,Personal Care,3,513.5999999999999,Card,Slightly Delayed,2023,June,12
9964671001,2024-03-14 17:53:53,79591237,256051,Personal Care,1,400.92,Card,On Time,2024,March,14
1258689954,2024-03-31 02:27:00,89886179,623234,Instant & Frozen Food,3,989.3700000000001,Card,On Time,2024,March,31
4647158015,2023-11-18 13:28:26,13461704,990993,Snacks & Munchies,3,791.0999999999999,UPI,Slightly Delayed,2023,November,18
2382974038,2024-05-16 16:47:07,83610315,461804,Grocery & Staples,1,310.69,UPI,On Time,2024,May,16
3663827875,2023-11-02 20:27:10,28499191,604184,Household Care,3,1192.65,UPI,Significantly Delayed,2023,November,2
6501113916,2024-01-07 16:47:53,22210238,871592,Fruits & Vegetables,3,2610.87,UPI,On Time,2024,January,7
3300719369,2024-05-25 03:37:12,32830199,739534,Household Care,1,994.56,Wallet,On Time,2024,May,25
3239722852,2023-07-02 09:26:30,26935187,39154,Fruits & Vegetables,3,2840.58,UPI,On Time,2023,July,2
6694899030,2024-09-21 16:34:57,36142455,361361,Snacks & Munchies,3,2478.63,Card,Slightly Delayed,2024,September,21
992895707,2023-05-14 22:40:49,18259715,324809,Dairy & Breakfast,1,608.0,Cash,Slightly Delayed,2023,May,14
8432150432,2024-05-11 16:21:59,9650263,621677,Instant & Frozen Food,2,635.6,Wallet,On Time,2024,May,11
6220520171,2023-12-01 00:07:19,42366724,764014,Grocery & Staples,2,1224.08,UPI,On Time,2023,December,1
735608722,2024-06-08 09:29:25,3292927,784673,Pet Care,3,1474.17,Card,Slightly Delayed,2024,June,8
7303161073,2024-03-15 00:03:10,98444183,94225,Household Care,1,77.11,Cash,On Time,2024,March,15
9783380107,2024-06-09 08:07:30,70976153,243235,Pet Care,3,327.09000000000003,Card,On Time,2024,June,9
3835886077,2023-11-19 17:33:59,8384106,839170,Dairy & Breakfast,2,963.26,Card,On Time,2023,November,19
8140652447,2024-04-15 11:28:24,11705793,585299,Pet Care,1,799.46,Card,On Time,2024,April,15
6412390967,2024-02-03 20:15:40,66023110,196719,Fruits & Vegetables,2,435.0,Card,On Time,2024,February,3
6688575911,2023-12-26 18:44:13,48943848,848226,Fruits & Vegetables,1,209.59,Wallet,On Time,2023,December,26
3890111511,2024-09-09 23:37:46,68965787,305754,Instant & Frozen Food,3,2939.9700000000003,UPI,Significantly Delayed,2024,September,9
5145256852,2024-09-10 19:14:18,57770044,888807,Dairy & Breakfast,3,691.74,Cash,Significantly Delayed,2024,September,10
7375057413,2023-05-17 22:25:56,12799092,237083,Pharmacy,1,577.13,Card,Slightly Delayed,2023,May,17
3047491006,2024-09-21 21:50:52,61182897,14145,Fruits & Vegetables,1,630.84,Cash,On Time,2024,September,21
7715738110,2023-05-10 22:12:57,81605722,820973,Baby Care,1,114.52,Card,On Time,2023,May,10
6191554160,2023-07-20 23:13:31,77869660,154179,Pharmacy,3,1748.6100000000001,Cash,On Time,2023,July,20
896919031,2024-10-08 03:01:32,42366724,378230,Snacks & Munchies,3,499.26,Wallet,On Time,2024,October,8
1535818185,2024-05-03 16:30:31,99772709,803607,Personal Care,1,949.73,Card,On Time,2024,May,3
4428830794,2024-06-18 23:21:18,701493,131748,Pet Care,1,81.35,UPI,On Time,2024,June,18
3610035622,2024-04-04 03:34:32,20956158,561860,Cold Drinks & Juices,3,2624.34,Card,On Time,2024,April,4
8674445072,2024-08-04 05:22:43,50080663,891833,Dairy & Breakfast,3,1479.57,UPI,On Time,2024,August,4
9623704312,2024-02-24 22:05:43,38613295,425341,Pet Care,3,1458.84,Card,On Time,2024,February,24
7786002894,2023-12-21 12:56:24,30373140,237083,Pharmacy,1,577.13,Cash,Slightly Delayed,2023,December,21
3264409553,2023-03-30 18:35:29,70976153,336847,Household Care,2,1873.96,Wallet,Significantly Delayed,2023,March,30
7736534043,2023-05-28 08:20:29,22915611,14145,Fruits & Vegetables,3,1892.52,Card,On Time,2023,May,28
5936596117,2024-10-25 12:09:18,67729191,952124,Fruits & Vegetables,1,127.08,Card,On Time,2024,October,25
1980087245,2023-06-16 19:27:33,38875754,306177,Instant & Frozen Food,3,2307.7200000000003,Card,On Time,2023,June,16
8861557989,2024-08-25 06:07:25,52913011,398340,Instant & Frozen Food,3,1955.79,Cash,On Time,2024,August,25
6702391437,2024-01-21 17:57:30,13130974,256051,Personal Care,2,801.84,Card,Significantly Delayed,2024,January,21
6385452188,2024-06-04 21:25:31,38875754,564692,Pet Care,3,646.95,UPI,On Time,2024,June,4
8813216380,2024-10-09 11:57:06,85177880,876139,Grocery & Staples,3,1247.25,Cash,Slightly Delayed,2024,October,9
5563712992,2024-01-11 16:23:07,4597433,354409,Grocery & Staples,2,650.16,UPI,On Time,2024,January,11
966468552,2023-06-24 01:44:48,70459847,949818,Snacks & Munchies,2,966.1,Card,On Time,2023,June,24
4368529506,2024-06-30 01:22:42,76327561,461804,Grocery & Staples,2,621.38,UPI,Slightly Delayed,2024,June,30
3777009463,2024-09-01 08:11:47,25829710,491314,Instant & Frozen Food,1,973.44,Wallet,On Time,2024,September,1
3560912801,2024-09-08 23:49:45,20163931,894539,Household Care,3,1336.44,Wallet,On Time,2024,September,8
1741224538,2023-03-29 00:24:22,90621147,306177,Instant & Frozen Food,2,1538.48,Cash,On Time,2023,March,29
4579251445,2023-08-28 15:35:23,1507408,131136,Grocery & Staples,2,75.6,Card,On Time,2023,August,28
3438127101,2023-11-27 16:40:08,59141605,287070,Grocery & Staples,1,443.17,Cash,On Time,2023,November,27
9741958794,2024-08-20 07:33:07,13164195,903336,Grocery & Staples,3,1655.6399999999999,Card,Slightly Delayed,2024,August,20
882082341,2024-10-10 12:35:06,75828735,470449,Instant & Frozen Food,3,2483.31,Wallet,Slightly Delayed,2024,October,10
3629321763,2024-08-06 18:45:52,79369660,757274,Pet Care,3,294.96,Cash,On Time,2024,August,6
888938572,2023-04-02 20:33:35,12695670,240179,Pharmacy,2,181.12,Cash,On Time,2023,April,2
5263181887,2024-09-28 22:00:44,90150193,264803,Pharmacy,1,995.98,Card,On Time,2024,September,28
7071557807,2024-04-29 11:05:40,19375332,667163,Cold Drinks & Juices,3,1323.6,Cash,Slightly Delayed,2024,April,29
6888804296,2024-10-24 22:24:07,2442235,542300,Snacks & Munchies,2,510.7,Cash,On Time,2024,October,24
814182718,2023-11-17 22:17:49,65134271,930284,Baby Care,3,568.41,Card,On Time,2023,November,17
3513524740,2024-07-03 12:00:31,1301661,373536,Pet Care,1,494.17,Card,Significantly Delayed,2024,July,3
1234169434,2023-10-17 20:52:10,22112867,378230,Snacks & Munchies,1,166.42,Card,On Time,2023,October,17
2577990012,2023-09-22 03:03:12,71902700,500633,Dairy & Breakfast,2,309.0,Card,On Time,2023,September,22
8446065263,2023-11-15 01:53:57,79773912,153019,Fruits & Vegetables,3,2843.8500000000004,Card,Slightly Delayed,2023,November,15
4220970302,2024-11-01 09:44:24,90621147,812607,Fruits & Vegetables,2,833.3,UPI,On Time,2024,November,1
5712516128,2023-07-14 21:20:01,11503405,228286,Cold Drinks & Juices,3,537.24,Card,On Time,2023,July,14
807167715,2024-08-28 21:17:15,26521850,14145,Fruits & Vegetables,1,630.84,Card,On Time,2024,August,28
213972345,2024-06-14 23:11:09,71252391,927651,Baby Care,3,1280.16,Card,On Time,2024,June,14
1013762407,2024-10-19 06:57:40,51174875,552496,Household Care,1,508.0,UPI,Significantly Delayed,2024,October,19
5234194751,2024-02-19 04:44:03,14207332,94225,Household Care,1,77.11,Card,On Time,2024,February,19
1389077693,2023-06-27 17:53:27,37947202,319388,Cold Drinks & Juices,3,1973.3999999999999,UPI,Slightly Delayed,2023,June,27
1895143216,2023-03-25 20:13:10,43295656,621677,Instant & Frozen Food,1,317.8,Card,On Time,2023,March,25
3667250123,2024-03-04 06:15:23,7728406,324809,Dairy & Breakfast,3,1824.0,Cash,Significantly Delayed,2024,March,4
6430529802,2023-07-23 14:58:31,6459100,709916,Household Care,2,67.52,Wallet,On Time,2023,July,23
4856277700,2023-08-17 22:46:53,67729191,592784,Snacks & Munchies,2,560.7,UPI,Significantly Delayed,2023,August,17
1492403962,2023-07-09 01:43:47,11389698,4452,Baby Care,1,169.88,Wallet,On Time,2023,July,9
4348167632,2023-11-29 05:51:03,93675757,140154,Personal Care,2,342.4,UPI,On Time,2023,November,29
3682471195,2023-12-06 04:17:47,90856813,953175,Baby Care,2,450.42,UPI,Slightly Delayed,2023,December,6
6888837939,2024-03-27 14:51:12,67708491,274207,Pharmacy,3,985.53,Wallet,On Time,2024,March,27
2278004109,2024-09-01 03:50:07,99301505,954722,Instant & Frozen Food,1,616.45,Card,Slightly Delayed,2024,September,1
7471013149,2024-10-13 12:41:47,46185579,398340,Instant & Frozen Food,2,1303.86,UPI,Slightly Delayed,2024,October,13
755745232,2024-10-02 01:53:01,3844290,871592,Fruits & Vegetables,3,2610.87,Cash,Slightly Delayed,2024,October,2
2963187161,2024-06-18 12:05:53,91448742,799688,Personal Care,2,619.24,Card,Slightly Delayed,2024,June,18
3980591844,2023-06-20 03:28:07,96903782,566052,Pharmacy,3,261.9,Wallet,On Time,2023,June,20
9960808976,2024-04-08 03:34:02,78748184,123983,Pharmacy,2,1571.34,Card,On Time,2024,April,8
8740552000,2023-05-16 11:42:38,34095555,876139,Grocery & Staples,1,415.75,Wallet,Slightly Delayed,2023,May,16
9230099449,2023-05-08 03:58:30,60319216,969851,Instant & Frozen Food,2,681.32,Card,On Time,2023,May,8
4277432248,2023-05-10 21:31:20,91408854,337168,Dairy & Breakfast,2,1090.98,Wallet,On Time,2023,May,10
3624765984,2023-12-11 08:21:44,36400756,689769,Instant & Frozen Food,2,93.24,Card,On Time,2023,December,11
8533110341,2023-06-14 08:57:05,10524732,880510,Dairy & Breakfast,3,2854.29,UPI,Slightly Delayed,2023,June,14
5036664068,2023-11-06 07:46:44,2667357,952168,Snacks & Munchies,3,710.8499999999999,UPI,On Time,2023,November,6
9989636336,2024-05-24 07:26:24,191616,762527,Snacks & Munchies,1,690.08,Cash,Slightly Delayed,2024,May,24
2843642858,2024-03-14 06:53:23,46208150,615545,Personal Care,1,448.16,Cash,On Time,2024,March,14
7510849424,2024-03-08 04:12:08,82585664,140154,Personal Care,2,342.4,Wallet,On Time,2024,March,8
8744806310,2023-07-03 23:48:25,8395343,491521,Snacks & Munchies,3,1669.0500000000002,Card,On Time,2023,July,3
7605774154,2024-02-02 23:43:14,6150721,33955,Instant & Frozen Food,1,186.08,Cash,On Time,2024,February,2
6904233594,2024-08-09 21:50:28,65514005,771228,Pet Care,2,166.36,UPI,On Time,2024,August,9
6371336060,2024-07-21 20:11:14,8241122,820973,Baby Care,2,229.04,Wallet,On Time,2024,July,21
8137624530,2023-10-24 23:59:43,22210238,462526,Dairy & Breakfast,2,899.94,UPI,Slightly Delayed,2023,October,24
9131474241,2024-10-18 17:00:08,98246574,367391,Baby Care,1,939.55,Card,On Time,2024,October,18
7413772322,2023-06-12 15:41:13,98709982,14145,Fruits & Vegetables,2,1261.68,Card,On Time,2023,June,12
9400852015,2024-07-01 06:50:33,44149982,952124,Fruits & Vegetables,1,127.08,Card,Slightly Delayed,2024,July,1
4867437863,2024-01-25 03:01:54,13164195,677542,Household Care,1,212.61,Wallet,Slightly Delayed,2024,January,25
4219458877,2023-12-27 02:46:02,87222820,812607,Fruits & Vegetables,1,416.65,Card,Significantly Delayed,2023,December,27
35135941,2024-07-29 18:08:33,28205701,306177,Instant & Frozen Food,1,769.24,UPI,On Time,2024,July,29
4754258275,2023-09-16 13:44:16,10019218,14145,Fruits & Vegetables,1,630.84,Card,On Time,2023,September,16
9195687538,2024-01-06 11:46:39,74548003,897083,Household Care,2,1945.38,Wallet,Significantly Delayed,2024,January,6
344554037,2023-11-10 08:19:48,78847070,140154,Personal Care,3,513.5999999999999,Card,Significantly Delayed,2023,November,10
7503255456,2023-08-03 21:15:59,82948843,140489,Personal Care,3,1950.6000000000001,Card,Significantly Delayed,2023,August,3
5903638531,2023-05-02 16:44:25,78209683,613942,Pet Care,1,545.0,Card,On Time,2023,May,2
1670694517,2024-08-09 17:39:54,92356639,704868,Household Care,3,580.38,Cash,On Time,2024,August,9
2369121788,2024-05-28 21:18:47,60062501,444361,Pharmacy,1,822.63,UPI,On Time,2024,May,28
6012082951,2023-05-17 06:08:38,88866835,34186,Fruits & Vegetables,2,1851.3,Card,On Time,2023,May,17
3675914158,2024-03-08 06:12:12,89361574,329351,Dairy & Breakfast,1,310.87,Card,Slightly Delayed,2024,March,8
1396605672,2024-01-07 01:58:28,20956158,451812,Pharmacy,2,1061.7,Card,On Time,2024,January,7
4260996213,2023-04-12 12:45:55,77035814,642612,Pet Care,2,1034.06,Wallet,Significantly Delayed,2023,April,12
4749534376,2024-05-19 00:36:01,53100521,566052,Pharmacy,1,87.3,Card,On Time,2024,May,19
6095091385,2024-07-11 07:02:45,34839913,123983,Pharmacy,2,1571.34,Cash,Slightly Delayed,2024,July,11
1131338162,2024-02-03 11:57:08,21201299,451933,Grocery & Staples,2,1137.88,Cash,On Time,2024,February,3
6100236720,2023-08-24 13:01:44,83660688,274207,Pharmacy,2,657.02,Cash,On Time,2023,August,24
3363683548,2024-02-09 10:16:54,43367112,679284,Pharmacy,3,2633.67,Card,On Time,2024,February,9
8721540965,2024-07-05 13:01:49,38902882,328457,Cold Drinks & Juices,2,1717.14,UPI,On Time,2024,July,5
1712456261,2023-10-15 10:37:57,90448312,669378,Fruits & Vegetables,1,212.14,Cash,On Time,2023,October,15
760930025,2023-06-19 18:28:51,49756591,969851,Instant & Frozen Food,1,340.66,Card,On Time,2023,June,19
5652465358,2024-06-17 18:13:50,57523973,712307,Cold Drinks & Juices,1,264.89,Card,Significantly Delayed,2024,June,17
3580915899,2023-10-23 18:14:42,87954926,51036,Baby Care,1,931.61,UPI,On Time,2023,October,23
1174382816,2024-08-14 20:51:31,773410,284460,Fruits & Vegetables,2,1011.9,Card,On Time,2024,August,14
3200474667,2024-09-17 19:02:43,15631726,60619,Cold Drinks & Juices,3,2179.23,Wallet,On Time,2024,September,17
7474651061,2023-06-09 22:33:12,63238941,712003,Cold Drinks & Juices,1,671.68,Cash,On Time,2023,June,9
1892282465,2023-08-23 01:50:45,80517784,67197,Dairy & Breakfast,3,1656.6000000000001,Wallet,On Time,2023,August,23
3859828998,2023-04-14 03:46:30,701493,287070,Grocery & Staples,1,443.17,Wallet,On Time,2023,April,14
2554590672,2023-12-03 12:50:10,19482392,306177,Instant & Frozen Food,3,2307.7200000000003,Wallet,On Time,2023,December,3
9667675052,2023-09-29 13:18:03,40871915,77308,Fruits & Vegetables,2,446.54,UPI,On Time,2023,September,29
8382437838,2024-05-30 16:04:35,46185579,848226,Fruits & Vegetables,2,419.18,Wallet,On Time,2024,May,30
6247090607,2023-10-07 15:37:13,90038364,298985,Pharmacy,2,367.52,Wallet,On Time,2023,October,7
5004073261,2024-06-16 17:23:11,27304827,451933,Grocery & Staples,1,568.94,Cash,Slightly Delayed,2024,June,16
6595898122,2024-07-13 20:46:07,67896836,901144,Grocery & Staples,1,340.36,UPI,On Time,2024,July,13
9844371682,2023-06-10 20:30:20,31527100,799688,Personal Care,1,309.62,Wallet,On Time,2023,June,10
7198169379,2023-07-13 21:02:59,26844216,726958,Pet Care,1,887.48,Card,Slightly Delayed,2023,July,13
2815855636,2023-07-28 10:14:31,38808614,883013,Dairy & Breakfast,1,989.88,Card,On Time,2023,July,28
6033660622,2023-04-12 15:11:35,65618148,658389,Snacks & Munchies,3,457.65000000000003,Wallet,Slightly Delayed,2023,April,12
7944056454,2023-05-22 23:35:19,10729474,853932,Baby Care,1,941.19,Wallet,On Time,2023,May,22
4354264440,2023-12-13 11:06:13,25722990,667163,Cold Drinks & Juices,2,882.4,Cash,Slightly Delayed,2023,December,13
5623096090,2023-08-25 12:42:53,68703613,237083,Pharmacy,1,577.13,Wallet,On Time,2023,August,25
701856661,2024-06-10 01:20:43,11143197,681063,Cold Drinks & Juices,2,642.56,Card,On Time,2024,June,10
1911276445,2024-10-20 14:44:26,73799927,264803,Pharmacy,1,995.98,Wallet,Slightly Delayed,2024,October,20
9323909987,2024-05-09 03:55:26,47990044,398340,Instant & Frozen Food,1,651.93,UPI,On Time,2024,May,9
1988898073,2024-02-21 11:34:59,78157360,942001,Pet Care,1,671.55,UPI,Slightly Delayed,2024,February,21
6457671753,2024-01-07 23:32:14,51048402,382511,Dairy & Breakfast,1,702.54,Wallet,On Time,2024,January,7
3556497272,2024-10-18 10:21:52,9347990,880510,Dairy & Breakfast,3,2854.29,UPI,On Time,2024,October,18
2182762247,2023-09-06 20:37:30,54347213,291238,Snacks & Munchies,2,1492.06,Cash,On Time,2023,September,6
6026842782,2024-08-27 19:51:30,75928073,397973,Fruits & Vegetables,2,1457.46,Wallet,On Time,2024,August,27
1227108607,2024-09-18 12:33:42,69242672,525531,Pet Care,1,831.1,Card,On Time,2024,September,18
9362226645,2024-05-12 05:01:14,28428852,131937,Instant & Frozen Food,2,575.62,Wallet,Slightly Delayed,2024,May,12
6313785973,2023-03-21 03:09:21,28603182,564692,Pet Care,3,646.95,UPI,Slightly Delayed,2023,March,21
1297253359,2024-04-24 09:19:28,77811864,63769,Personal Care,1,878.07,Cash,Slightly Delayed,2024,April,24
6138091203,2023-09-09 05:55:23,41261495,376447,Dairy & Breakfast,2,1449.68,Card,On Time,2023,September,9
4770739350,2024-07-12 19:43:00,61753272,425341,Pet Care,3,1458.84,Card,Significantly Delayed,2024,July,12
6253838449,2024-06-11 00:39:02,19393135,448752,Household Care,1,160.07,Card,On Time,2024,June,11
1015708455,2023-09-04 17:57:41,24153726,444361,Pharmacy,3,2467.89,Wallet,Slightly Delayed,2023,September,4
2201201842,2023-10-02 13:13:35,6398761,137909,Pharmacy,1,864.3,Card,On Time,2023,October,2
200000051,2023-10-04 20:08:09,8632679,552496,Household Care,1,508.0,UPI,On Time,2023,October,4
409570377,2024-03-27 14:39:35,12574626,712307,Cold Drinks & Juices,1,264.89,Card,Slightly Delayed,2024,March,27
5944464513,2023-03-25 16:40:17,34095555,913428,Pet Care,3,1176.66,Wallet,On Time,2023,March,25
7064377287,2024-09-02 07:38:33,26716400,564692,Pet Care,3,646.95,Wallet,On Time,2024,September,2
7763036477,2024-08-14 20:19:07,26285589,953175,Baby Care,3,675.63,Cash,On Time,2024,August,14
7494002152,2024-05-01 06:30:27,91382237,228286,Cold Drinks & Juices,3,537.24,Card,On Time,2024,May,1
692127479,2024-07-09 23:14:20,67538982,739534,Household Care,2,1989.12,Wallet,On Time,2024,July,9
7544245121,2024-09-26 17:57:33,87160527,689769,Instant & Frozen Food,1,46.62,UPI,Slightly Delayed,2024,September,26
4429641190,2023-06-18 05:43:31,11562458,669378,Fruits & Vegetables,2,424.28,Cash,On Time,2023,June,18
8093366865,2024-10-16 11:46:49,29451600,53833,Grocery & Staples,1,134.69,Cash,Significantly Delayed,2024,October,16
6269075067,2023-11-15 23:57:36,81382213,89084,Dairy & Breakfast,3,1796.4900000000002,Wallet,On Time,2023,November,15
4056304110,2023-11-25 12:03:51,211163,516376,Fruits & Vegetables,2,1754.86,UPI,Significantly Delayed,2023,November,25
4447978623,2024-08-21 06:54:53,31076002,481843,Snacks & Munchies,1,297.68,Cash,On Time,2024,August,21
5875285677,2023-05-20 10:43:49,62510499,953175,Baby Care,3,675.63,Wallet,On Time,2023,May,20
4177774653,2024-05-20 10:41:55,23844919,120385,Pet Care,1,597.91,Wallet,On Time,2024,May,20
502632296,2024-05-15 19:31:23,9450435,525531,Pet Care,2,1662.2,Card,On Time,2024,May,15
5037688536,2024-02-24 05:35:57,49756591,9436,Personal Care,3,265.29,Card,Significantly Delayed,2024,February,24
6844277478,2024-08-28 16:56:29,47577193,376447,Dairy & Breakfast,1,724.84,Card,Slightly Delayed,2024,August,28
3368317718,2024-05-31 23:59:29,70867736,39154,Fruits & Vegetables,1,946.86,UPI,On Time,2024,May,31
913881994,2024-08-04 21:23:28,13251137,993331,Grocery & Staples,2,204.88,Cash,On Time,2024,August,4
6445700839,2024-03-06 15:35:29,4988545,951463,Pet Care,2,1574.8,UPI,On Time,2024,March,6
101613683,2023-06-29 20:45:29,43377076,784827,Baby Care,2,548.5,Card,On Time,2023,June,29
7094586913,2023-10-01 20:55:39,82900175,564692,Pet Care,2,431.3,UPI,On Time,2023,October,1
2478557609,2024-06-15 14:43:39,58170168,968887,Household Care,3,122.10000000000001,Wallet,Slightly Delayed,2024,June,15
9516720368,2024-04-04 20:08:39,97466783,839170,Dairy & Breakfast,1,481.63,Card,On Time,2024,April,4
3808010352,2024-02-17 02:25:10,23126356,448752,Household Care,2,320.14,Wallet,On Time,2024,February,17
7921886899,2023-07-01 02:42:43,11143197,673058,Pharmacy,1,765.76,Cash,On Time,2023,July,1
6818712547,2023-12-27 06:03:57,66655397,367391,Baby Care,2,1879.1,Cash,On Time,2023,December,27
4538204462,2024-02-26 18:16:54,35812567,490602,Grocery & Staples,3,1648.41,Card,On Time,2024,February,26
2008331630,2023-07-13 00:34:14,36833857,451933,Grocery & Staples,2,1137.88,Wallet,On Time,2023,July,13
3901338038,2024-08-23 03:48:43,63238941,89084,Dairy & Breakfast,2,1197.66,Cash,On Time,2024,August,23
1483786406,2023-03-25 07:26:24,63451391,555121,Fruits & Vegetables,2,709.82,Card,Significantly Delayed,2023,March,25
5022936426,2023-09-18 03:33:58,73377004,532965,Instant & Frozen Food,1,307.23,Wallet,On Time,2023,September,18
5470875365,2024-03-31 08:06:56,55042740,992178,Pharmacy,2,1264.86,UPI,On Time,2024,March,31
7144611408,2023-08-18 08:26:18,33280073,490939,Personal Care,3,240.75,Cash,On Time,2023,August,18
9411421675,2024-01-24 10:26:23,61226563,56589,Pharmacy,1,517.77,Cash,On Time,2024,January,24
7315949343,2023-09-17 22:30:28,14458150,112390,Personal Care,1,877.98,Wallet,On Time,2023,September,17
9430475133,2023-03-25 01:53:58,24621386,798639,Dairy & Breakfast,2,422.5,Cash,On Time,2023,March,25
3062145702,2024-06-21 14:57:19,24821281,448752,Household Care,2,320.14,Card,On Time,2024,June,21
6500458984,2023-11-08 07:10:51,35912599,859361,Personal Care,1,432.39,Card,Slightly Delayed,2023,November,8
7429306851,2024-04-22 03:51:02,62541176,712003,Cold Drinks & Juices,3,2015.04,Wallet,On Time,2024,April,22
2687236003,2024-01-10 21:00:18,83588803,4452,Baby Care,2,339.76,Wallet,On Time,2024,January,10
1885906938,2023-10-09 04:19:26,13455530,672059,Personal Care,1,672.73,Cash,Slightly Delayed,2023,October,9
9949334146,2024-08-05 02:30:30,73363613,704868,Household Care,1,193.46,Wallet,Significantly Delayed,2024,August,5
2555454584,2023-08-12 17:17:51,19182548,470449,Instant & Frozen Food,3,2483.31,Cash,Significantly Delayed,2023,August,12
2503209946,2024-04-28 11:08:57,26844216,661577,Pet Care,1,720.95,Cash,On Time,2024,April,28
2329563439,2023-11-02 23:45:47,78157360,186168,Pet Care,3,2636.3999999999996,UPI,Significantly Delayed,2023,November,2
1041536174,2023-06-15 08:48:09,93018527,89084,Dairy & Breakfast,1,598.83,Card,Slightly Delayed,2023,June,15
6631188689,2024-03-28 12:16:12,8361353,63769,Personal Care,2,1756.14,Cash,On Time,2024,March,28
9300178512,2023-07-25 12:36:42,26936578,818522,Dairy & Breakfast,2,192.18,Cash,On Time,2023,July,25
1086881691,2024-04-10 17:22:10,77035814,621677,Instant & Frozen Food,3,953.4000000000001,Cash,On Time,2024,April,10
8008880980,2024-04-18 15:35:40,57505804,589812,Household Care,3,489.09000000000003,Card,On Time,2024,April,18
2417680703,2024-02-11 00:31:27,30823988,687218,Cold Drinks & Juices,3,953.46,Card,Slightly Delayed,2024,February,11
1117730990,2024-08-23 19:54:08,96640716,820973,Baby Care,1,114.52,Cash,On Time,2024,August,23
1678557345,2024-05-12 17:05:42,49136375,329351,Dairy & Breakfast,1,310.87,Wallet,On Time,2024,May,12
4505129824,2023-11-14 13:03:17,17341194,382511,Dairy & Breakfast,2,1405.08,Cash,On Time,2023,November,14
8737295686,2023-12-11 09:08:04,69749541,490602,Grocery & Staples,3,1648.41,Wallet,On Time,2023,December,11
7997347191,2024-07-11 03:32:42,31813,803607,Personal Care,3,2849.19,Wallet,Slightly Delayed,2024,July,11
1930645698,2024-08-07 13:10:30,35554129,140489,Personal Care,3,1950.6000000000001,Card,On Time,2024,August,7
5393373590,2024-09-27 17:09:25,5712468,112390,Personal Care,2,1755.96,Card,Slightly Delayed,2024,September,27
5851854765,2023-11-24 14:55:43,82032191,587645,Pharmacy,2,1603.62,Wallet,Slightly Delayed,2023,November,24
3765179520,2024-06-23 04:54:32,43784632,373536,Pet Care,1,494.17,Wallet,Significantly Delayed,2024,June,23
683969424,2023-08-10 06:18:01,98225598,540618,Snacks & Munchies,3,951.1500000000001,Cash,Slightly Delayed,2023,August,10
8459624382,2023-08-22 18:10:23,64489709,602241,Snacks & Munchies,3,2929.6499999999996,Wallet,Slightly Delayed,2023,August,22
7110044004,2023-04-24 13:55:37,62807542,298985,Pharmacy,1,183.76,UPI,Slightly Delayed,2023,April,24
4302375314,2024-03-03 08:30:46,96253172,942001,Pet Care,2,1343.1,Card,On Time,2024,March,3
1245307588,2023-04-24 15:47:55,13760839,669378,Fruits & Vegetables,2,424.28,Cash,Slightly Delayed,2023,April,24
3876260101,2023-09-11 12:39:37,70420271,451933,Grocery & Staples,1,568.94,Wallet,On Time,2023,September,11
3162263618,2023-05-27 12:38:57,23676689,94225,Household Care,3,231.32999999999998,Card,On Time,2023,May,27
655792395,2024-04-19 23:04:28,11254582,798639,Dairy & Breakfast,1,211.25,Wallet,Slightly Delayed,2024,April,19
7624743284,2023-08-15 05:18:43,40392019,257719,Dairy & Breakfast,3,845.19,UPI,Slightly Delayed,2023,August,15
4783962671,2023-10-09 17:47:42,57765367,272170,Instant & Frozen Food,1,140.8,Card,Slightly Delayed,2023,October,9
7166787473,2024-08-24 06:10:50,97928541,425341,Pet Care,2,972.56,Card,Significantly Delayed,2024,August,24
9395228070,2024-09-12 19:58:05,40275138,52729,Pet Care,2,632.04,Cash,On Time,2024,September,12
902157975,2023-04-12 01:03:47,80371626,440875,Baby Care,1,275.03,Cash,On Time,2023,April,12
6947741744,2023-07-10 08:05:17,49617531,272170,Instant & Frozen Food,2,281.6,UPI,On Time,2023,July,10
4788498083,2023-09-17 02:54:21,16420489,451812,Pharmacy,2,1061.7,Wallet,Significantly Delayed,2023,September,17
8070127087,2024-08-22 06:10:47,27709218,120532,Grocery & Staples,2,1395.06,Card,On Time,2024,August,22
5191429552,2023-12-23 17:06:45,14944819,734789,Snacks & Munchies,3,1187.46,UPI,Slightly Delayed,2023,December,23
5220651138,2024-03-13 02:23:30,91768226,448752,Household Care,2,320.14,Cash,On Time,2024,March,13
2758734705,2023-08-02 23:12:45,54797119,563740,Snacks & Munchies,3,288.99,UPI,On Time,2023,August,2
2907887532,2023-11-19 12:58:27,85838438,937542,Grocery & Staples,1,97.04,UPI,On Time,2023,November,19
7388846009,2024-02-22 09:01:52,59094034,561860,Cold Drinks & Juices,2,1749.56,UPI,On Time,2024,February,22
2606843929,2024-06-14 14:07:30,29415527,354409,Grocery & Staples,1,325.08,Cash,On Time,2024,June,14
5637567433,2024-09-02 01:14:14,91562028,513199,Cold Drinks & Juices,2,844.46,Wallet,On Time,2024,September,2
8838095431,2023-05-06 10:54:36,41194825,592784,Snacks & Munchies,1,280.35,UPI,On Time,2023,May,6
1564649286,2023-12-06 03:51:09,77869660,425341,Pet Care,3,1458.84,Card,On Time,2023,December,6
4098166849,2023-10-12 00:21:16,33741801,771228,Pet Care,2,166.36,Wallet,Significantly Delayed,2023,October,12
8091143423,2023-11-23 22:56:41,25128143,611575,Instant & Frozen Food,3,1446.18,Card,On Time,2023,November,23
3024045336,2024-04-15 01:47:11,54877984,600767,Personal Care,2,1444.84,Cash,On Time,2024,April,15
6152984028,2023-08-29 00:50:01,60732869,153019,Fruits & Vegetables,2,1895.9,Card,Slightly Delayed,2023,August,29
3450790653,2023-08-27 18:14:12,87266831,803607,Personal Care,3,2849.19,Card,On Time,2023,August,27
8028917900,2023-07-18 00:50:09,57340963,491521,Snacks & Munchies,1,556.35,Card,On Time,2023,July,18
7781884407,2024-08-11 15:59:31,90666073,196719,Fruits & Vegetables,3,652.5,Wallet,On Time,2024,August,11
3483689828,2023-07-28 06:45:11,7687234,9436,Personal Care,2,176.86,UPI,On Time,2023,July,28
8341286014,2024-08-29 15:39:57,31076002,767398,Household Care,3,66.42,Card,On Time,2024,August,29
7936106887,2024-05-07 14:59:53,95309983,367391,Baby Care,2,1879.1,UPI,On Time,2024,May,7
2247354978,2024-09-26 10:17:58,6668498,589812,Household Care,2,326.06,Cash,On Time,2024,September,26
5347701114,2023-10-16 18:07:51,22036818,337168,Dairy & Breakfast,2,1090.98,Card,On Time,2023,October,16
7846068436,2023-11-29 12:57:39,93507573,914071,Snacks & Munchies,3,890.8199999999999,Card,On Time,2023,November,29
9893439302,2023-09-05 20:15:31,67277562,14145,Fruits & Vegetables,2,1261.68,Wallet,On Time,2023,September,5
4160816433,2023-12-09 12:20:14,2219590,34186,Fruits & Vegetables,2,1851.3,UPI,Slightly Delayed,2023,December,9
6000890622,2024-09-14 16:12:21,62828341,33955,Instant & Frozen Food,3,558.24,UPI,On Time,2024,September,14
7317676958,2023-07-02 03:58:39,92356639,667163,Cold Drinks & Juices,1,441.2,Card,Slightly Delayed,2023,July,2
8620144614,2024-07-10 22:57:25,20122449,123983,Pharmacy,2,1571.34,Wallet,Significantly Delayed,2024,July,10
3940758882,2024-01-24 04:33:57,40085705,136533,Dairy & Breakfast,2,1652.42,Card,On Time,2024,January,24
5216555041,2024-03-03 23:15:52,30188374,914071,Snacks & Munchies,1,296.94,Wallet,On Time,2024,March,3
5144793312,2024-08-01 00:28:18,59518795,937542,Grocery & Staples,1,97.04,UPI,On Time,2024,August,1
7241413847,2023-04-15 10:19:09,10048910,684939,Personal Care,3,2183.8500000000004,Wallet,On Time,2023,April,15
3567610983,2023-08-19 04:01:26,1816969,337168,Dairy & Breakfast,2,1090.98,Cash,Significantly Delayed,2023,August,19
16878685,2024-04-09 02:29:02,37556526,432617,Baby Care,2,1726.36,Cash,On Time,2024,April,9
951657166,2024-04-21 07:50:58,63624332,679321,Cold Drinks & Juices,3,2215.38,UPI,On Time,2024,April,21
4189022307,2024-05-05 23:06:40,21597477,968887,Household Care,1,40.7,Card,On Time,2024,May,5
7378521428,2024-04-24 20:57:07,10857389,833557,Dairy & Breakfast,3,1268.6100000000001,UPI,On Time,2024,April,24
6266311709,2024-06-25 01:44:46,67708491,644847,Grocery & Staples,3,1868.4299999999998,Cash,On Time,2024,June,25
7985347262,2024-07-31 08:42:13,22483684,15314,Dairy & Breakfast,2,1157.7,Wallet,On Time,2024,July,31
992764262,2023-11-14 03:16:33,69240186,324809,Dairy & Breakfast,3,1824.0,Cash,On Time,2023,November,14
3080291353,2024-08-16 19:05:58,93937586,888807,Dairy & Breakfast,2,461.16,Wallet,On Time,2024,August,16
5532188237,2024-06-09 10:45:42,211163,131136,Grocery & Staples,1,37.8,UPI,On Time,2024,June,9
6814658453,2023-09-28 11:21:00,55278329,661577,Pet Care,2,1441.9,Card,On Time,2023,September,28
4861499558,2024-03-20 16:37:21,2684440,615545,Personal Care,3,1344.48,Wallet,On Time,2024,March,20
2521042570,2024-05-17 10:43:36,28394354,516376,Fruits & Vegetables,3,2632.29,Cash,On Time,2024,May,17
5217781278,2023-06-27 02:48:57,85658166,34200,Personal Care,3,959.4000000000001,UPI,Slightly Delayed,2023,June,27
8006034379,2024-05-03 06:21:51,43784632,807452,Grocery & Staples,1,144.19,Card,On Time,2024,May,3
7380913411,2024-06-07 17:13:55,49869358,723678,Pet Care,2,1350.92,UPI,Slightly Delayed,2024,June,7
7706841114,2024-02-27 02:58:03,68016312,461804,Grocery & Staples,3,932.0699999999999,Card,On Time,2024,February,27
1561779937,2024-03-27 22:00:35,76359458,367391,Baby Care,1,939.55,Cash,On Time,2024,March,27
7196559586,2024-08-19 11:25:51,85658166,77308,Fruits & Vegetables,2,446.54,Cash,On Time,2024,August,19
2359961993,2024-06-18 09:33:24,28995786,500633,Dairy & Breakfast,2,309.0,Cash,On Time,2024,June,18
243819964,2023-12-03 09:22:31,98225598,880510,Dairy & Breakfast,3,2854.29,Wallet,On Time,2023,December,3
4806735178,2024-06-12 17:02:41,8651281,677169,Pharmacy,2,522.06,Card,On Time,2024,June,12
9198762300,2023-12-02 09:04:36,46185579,131937,Instant & Frozen Food,2,575.62,Wallet,On Time,2023,December,2
1105231941,2024-01-20 01:05:02,29600229,585299,Pet Care,1,799.46,UPI,On Time,2024,January,20
5533955218,2024-06-20 04:24:16,38969732,552496,Household Care,2,1016.0,Card,On Time,2024,June,20
5130246751,2023-05-08 06:03:22,87641623,33797,Pharmacy,1,888.12,Card,On Time,2023,May,8
4528445001,2024-04-19 12:35:43,20163931,689769,Instant & Frozen Food,2,93.24,Wallet,Slightly Delayed,2024,April,19
9503959018,2024-09-18 10:42:59,31084686,473929,Fruits & Vegetables,1,440.19,Cash,On Time,2024,September,18
4107052604,2023-11-21 10:42:25,34668988,306177,Instant & Frozen Food,2,1538.48,UPI,On Time,2023,November,21
5578822558,2023-08-06 17:49:31,8817168,298985,Pharmacy,3,551.28,UPI,Slightly Delayed,2023,August,6
5506634472,2024-09-22 18:05:59,6579892,894539,Household Care,1,445.48,Wallet,Significantly Delayed,2024,September,22
4112426763,2024-09-24 20:50:53,97825663,41853,Dairy & Breakfast,1,910.44,Card,On Time,2024,September,24
7157334145,2023-10-09 08:57:19,90021871,18035,Household Care,3,2906.82,Wallet,On Time,2023,October,9
8423458672,2023-03-19 23:47:20,60698094,491521,Snacks & Munchies,1,556.35,Card,On Time,2023,March,19
3011683470,2023-03-20 07:30:42,65121696,712307,Cold Drinks & Juices,1,264.89,Cash,On Time,2023,March,20
1884947290,2023-09-09 01:31:33,75244116,455083,Dairy & Breakfast,2,1918.02,Wallet,On Time,2023,September,9
558163882,2024-07-11 11:44:58,39317905,585299,Pet Care,2,1598.92,Wallet,Slightly Delayed,2024,July,11
824869105,2024-08-27 16:34:48,66943324,376447,Dairy & Breakfast,2,1449.68,UPI,On Time,2024,August,27
4193492511,2023-10-02 15:15:52,10683250,51036,Baby Care,2,1863.22,Wallet,On Time,2023,October,2
120996684,2023-10-02 11:21:59,92455970,690565,Snacks & Munchies,2,1902.54,Card,Slightly Delayed,2023,October,2
2531932780,2023-07-16 12:03:45,91500615,726958,Pet Care,3,2662.44,Wallet,On Time,2023,July,16
8095547865,2023-03-19 12:51:21,27620326,89084,Dairy & Breakfast,2,1197.66,Wallet,On Time,2023,March,19
6894204435,2023-06-17 18:35:31,10700664,992178,Pharmacy,3,1897.29,Cash,On Time,2023,June,17
9514917126,2024-07-29 07:47:08,43599910,425341,Pet Care,2,972.56,UPI,Slightly Delayed,2024,July,29
9329665908,2023-07-15 08:14:21,57102800,140154,Personal Care,2,342.4,Card,On Time,2023,July,15
1435406360,2023-12-11 07:44:46,1174162,723678,Pet Care,3,2026.38,Wallet,On Time,2023,December,11
3460843508,2023-10-21 00:52:10,32797235,883013,Dairy & Breakfast,3,2969.64,UPI,On Time,2023,October,21
4762084133,2024-09-29 23:21:00,72564495,433521,Baby Care,3,963.99,Card,On Time,2024,September,29
3884862300,2024-02-21 09:01:55,51544662,712003,Cold Drinks & Juices,1,671.68,Card,Slightly Delayed,2024,February,21
1990946411,2024-05-16 22:59:16,82286725,237083,Pharmacy,1,577.13,Cash,On Time,2024,May,16
5054937065,2024-08-24 16:53:46,9274874,552496,Household Care,2,1016.0,UPI,Slightly Delayed,2024,August,24
9431652023,2024-09-06 22:22:22,59890331,63769,Personal Care,1,878.07,Cash,On Time,2024,September,6
2268736598,2023-07-07 08:07:32,19259955,243235,Pet Care,1,109.03,Cash,On Time,2023,July,7
2793638565,2024-02-11 08:28:16,26844216,120532,Grocery & Staples,2,1395.06,UPI,On Time,2024,February,11
4168839407,2023-04-06 00:04:24,12088552,487065,Snacks & Munchies,2,749.36,Cash,On Time,2023,April,6
7406514357,2024-02-07 14:09:56,20298398,611575,Instant & Frozen Food,2,964.12,Card,On Time,2024,February,7
6087916798,2023-11-17 16:39:04,89968482,557908,Pharmacy,3,2827.11,UPI,Slightly Delayed,2023,November,17
4319962076,2024-01-11 05:52:34,36146306,644847,Grocery & Staples,2,1245.62,Cash,Significantly Delayed,2024,January,11
3904134741,2024-05-02 10:05:45,58631874,120385,Pet Care,1,597.91,UPI,On Time,2024,May,2
3770123374,2023-11-19 21:52:06,29415527,753354,Personal Care,1,423.56,Cash,On Time,2023,November,19
4494390731,2023-04-28 12:21:37,34768050,714999,Dairy & Breakfast,1,882.51,Wallet,Slightly Delayed,2023,April,28
6109777696,2024-10-17 19:48:51,89699655,378230,Snacks & Munchies,3,499.26,Card,Slightly Delayed,2024,October,17
1401372388,2023-04-17 09:37:03,71411879,679321,Cold Drinks & Juices,3,2215.38,Wallet,On Time,2023,April,17
4283973398,2023-09-14 17:37:13,18791381,361361,Snacks & Munchies,2,1652.42,Card,On Time,2023,September,14
3261847147,2023-09-16 03:33:23,67383024,455755,Household Care,1,44.09,Cash,Slightly Delayed,2023,September,16
3153811191,2024-03-08 06:04:40,87335844,739534,Household Care,3,2983.68,Wallet,On Time,2024,March,8
2639216409,2024-03-10 11:45:49,37702698,120532,Grocery & Staples,3,2092.59,Card,On Time,2024,March,10
5948575331,2024-05-09 22:57:09,92038780,487931,Grocery & Staples,2,1418.16,Card,On Time,2024,May,9
7792925364,2024-10-23 02:49:05,59830126,968887,Household Care,1,40.7,Card,On Time,2024,October,23
7286478750,2023-10-13 03:58:31,91196901,871592,Fruits & Vegetables,2,1740.58,Card,Slightly Delayed,2023,October,13
9776505630,2023-04-19 03:40:40,15661674,672059,Personal Care,3,2018.19,Card,On Time,2023,April,19
4527342708,2023-10-03 13:34:39,81183415,57405,Baby Care,2,1215.34,Wallet,On Time,2023,October,3
1124359689,2024-09-13 05:09:44,97825663,799952,Dairy & Breakfast,1,922.64,Card,Slightly Delayed,2024,September,13
3717458742,2023-08-27 23:43:12,18113428,56589,Pharmacy,2,1035.54,Cash,Slightly Delayed,2023,August,27
283675535,2023-03-24 17:02:38,20238921,53833,Grocery & Staples,3,404.07,Wallet,On Time,2023,March,24
6039353394,2023-08-08 15:10:38,86479284,692985,Grocery & Staples,1,197.39,Cash,On Time,2023,August,8
6735917931,2023-09-27 12:09:29,47206881,264803,Pharmacy,1,995.98,Wallet,On Time,2023,September,27
5155256671,2024-08-14 00:52:06,19523856,679865,Grocery & Staples,2,695.82,UPI,On Time,2024,August,14
3984108726,2024-02-27 18:03:05,31576845,832348,Snacks & Munchies,3,2494.29,Wallet,On Time,2024,February,27
2491374111,2024-08-10 04:50:52,2361575,762527,Snacks & Munchies,2,1380.16,Wallet,On Time,2024,August,10
2043371805,2024-10-02 06:57:04,45066676,784673,Pet Care,3,1474.17,Card,Slightly Delayed,2024,October,2
9657782153,2024-02-29 14:46:40,87251489,89084,Dairy & Breakfast,3,1796.4900000000002,Card,On Time,2024,February,29
9237289778,2024-05-29 14:49:19,70168151,219598,Personal Care,1,367.08,Card,On Time,2024,May,29
8917116859,2024-07-05 23:35:01,91562028,34186,Fruits & Vegetables,1,925.65,Card,On Time,2024,July,5
720578658,2024-06-02 08:56:27,37551429,382511,Dairy & Breakfast,2,1405.08,UPI,On Time,2024,June,2
9122210530,2024-01-18 04:23:47,15066187,567671,Snacks & Munchies,3,1255.44,UPI,Significantly Delayed,2024,January,18
3540524256,2023-10-22 09:11:12,28205701,349294,Fruits & Vegetables,2,1869.5,UPI,On Time,2023,October,22
1909520255,2023-05-23 10:49:53,71276926,361361,Snacks & Munchies,3,2478.63,Card,Significantly Delayed,2023,May,23
8022279737,2024-09-08 14:02:47,83058329,784827,Baby Care,1,274.25,Wallet,On Time,2024,September,8
7381549355,2023-09-28 13:11:00,75082508,4452,Baby Care,2,339.76,UPI,On Time,2023,September,28
3998829973,2023-10-10 01:09:17,44149982,491521,Snacks & Munchies,1,556.35,Card,Significantly Delayed,2023,October,10
2895464675,2023-04-20 10:15:02,94281220,589812,Household Care,2,326.06,Cash,Slightly Delayed,2023,April,20
3971098657,2024-05-26 02:44:15,90919603,818990,Fruits & Vegetables,3,490.65000000000003,Card,On Time,2024,May,26
5278249111,2024-03-01 21:32:36,78267238,951463,Pet Care,2,1574.8,Wallet,Significantly Delayed,2024,March,1
9810576443,2023-11-01 13:04:35,42723554,681063,Cold Drinks & Juices,2,642.56,UPI,On Time,2023,November,1
4128844410,2023-07-20 17:19:50,76438648,741341,Dairy & Breakfast,2,1847.68,Wallet,On Time,2023,July,20
6103869123,2023-06-06 14:27:45,16376189,589812,Household Care,3,489.09000000000003,UPI,On Time,2023,June,6
6595041423,2024-07-23 10:50:18,57291761,183929,Dairy & Breakfast,2,1477.48,Card,On Time,2024,July,23
3991011923,2024-02-07 09:02:38,19182548,726958,Pet Care,1,887.48,Wallet,On Time,2024,February,7
5275440923,2023-03-21 04:50:10,67046342,969851,Instant & Frozen Food,3,1021.98,Wallet,Slightly Delayed,2023,March,21
6468633344,2024-02-23 06:29:28,29324437,15314,Dairy & Breakfast,2,1157.7,Wallet,On Time,2024,February,23
9992859795,2023-11-12 20:07:41,4356173,196719,Fruits & Vegetables,2,435.0,Wallet,Slightly Delayed,2023,November,12
7518488485,2023-04-26 10:29:47,54222320,140489,Personal Care,3,1950.6000000000001,Wallet,On Time,2023,April,26
9746950023,2023-11-02 06:27:26,31776996,952168,Snacks & Munchies,3,710.8499999999999,Card,On Time,2023,November,2
2721433550,2023-06-07 14:10:05,58873572,217710,Dairy & Breakfast,2,117.18,UPI,On Time,2023,June,7
6131680348,2024-07-19 21:57:55,83701325,123983,Pharmacy,1,785.67,Card,On Time,2024,July,19
2281544500,2023-06-09 10:08:18,40692378,217710,Dairy & Breakfast,1,58.59,UPI,On Time,2023,June,9
4283802879,2023-05-10 15:23:10,61020,305754,Instant & Frozen Food,1,979.99,Wallet,On Time,2023,May,10
8621732366,2023-09-05 18:28:41,25722990,256051,Personal Care,1,400.92,UPI,On Time,2023,September,5
3797679856,2023-12-10 05:08:46,11562458,118820,Cold Drinks & Juices,2,24.64,Cash,On Time,2023,December,10
8532100929,2023-11-06 15:18:46,31831843,726958,Pet Care,3,2662.44,Card,On Time,2023,November,6
2973976544,2024-09-19 17:19:49,96795047,39154,Fruits & Vegetables,1,946.86,Wallet,On Time,2024,September,19
814260962,2023-09-14 16:10:25,14974554,15314,Dairy & Breakfast,1,578.85,Cash,On Time,2023,September,14
9411848231,2024-05-15 21:34:39,59545278,183929,Dairy & Breakfast,2,1477.48,UPI,Slightly Delayed,2024,May,15
6637284724,2023-09-08 10:27:53,36517334,721521,Grocery & Staples,2,834.78,UPI,On Time,2023,September,8
6497594124,2024-10-24 17:36:05,39150258,487065,Snacks & Munchies,1,374.68,Wallet,On Time,2024,October,24
7213146086,2023-03-23 20:08:50,4862761,287070,Grocery & Staples,2,886.34,UPI,On Time,2023,March,23
5110274761,2024-05-23 03:01:39,24821281,373536,Pet Care,1,494.17,Wallet,On Time,2024,May,23
1112110363,2024-01-20 22:23:08,98625898,566052,Pharmacy,1,87.3,UPI,Slightly Delayed,2024,January,20
1209202931,2023-06-27 00:09:47,29451600,219598,Personal Care,2,734.16,Card,On Time,2023,June,27
6384745391,2024-08-17 15:55:50,37095171,39154,Fruits & Vegetables,3,2840.58,Cash,Slightly Delayed,2024,August,17
3367452972,2024-08-31 14:07:08,61020,611575,Instant & Frozen Food,1,482.06,Cash,Significantly Delayed,2024,August,31
2317597587,2024-06-17 00:30:57,68661619,894539,Household Care,3,1336.44,Card,On Time,2024,June,17
2254884198,2023-07-01 02:00:32,54893418,970529,Baby Care,2,1654.88,UPI,On Time,2023,July,1
679196318,2024-08-19 22:43:03,18642306,799952,Dairy & Breakfast,3,2767.92,Wallet,On Time,2024,August,19
2185319815,2024-03-02 20:40:15,19180962,433521,Baby Care,1,321.33,Card,On Time,2024,March,2
5965281449,2023-06-26 17:36:05,17597449,39154,Fruits & Vegetables,1,946.86,Cash,On Time,2023,June,26
8616726869,2024-01-10 22:10:37,37691544,217710,Dairy & Breakfast,2,117.18,Wallet,Significantly Delayed,2024,January,10
4786027510,2024-09-30 12:17:24,5001749,33955,Instant & Frozen Food,3,558.24,UPI,On Time,2024,September,30
4910445344,2024-05-18 08:58:42,44030130,444361,Pharmacy,2,1645.26,Wallet,On Time,2024,May,18
7629577899,2023-12-14 15:42:44,23348269,613942,Pet Care,1,545.0,UPI,Slightly Delayed,2023,December,14
4769055037,2023-08-10 21:16:44,66742602,82484,Baby Care,2,1829.76,Cash,Slightly Delayed,2023,August,10
8476029654,2023-11-17 08:58:17,77085443,734789,Snacks & Munchies,2,791.64,Cash,On Time,2023,November,17
7809866112,2024-07-11 09:22:48,3999964,491521,Snacks & Munchies,1,556.35,Cash,Slightly Delayed,2024,July,11
5453896364,2023-06-24 00:27:19,59840071,803607,Personal Care,2,1899.46,UPI,On Time,2023,June,24
9080432189,2024-08-27 19:41:12,50080663,140489,Personal Care,2,1300.4,Card,On Time,2024,August,27
3079758919,2024-08-22 15:55:25,16410155,451933,Grocery & Staples,1,568.94,UPI,On Time,2024,August,22
4076039325,2024-08-12 19:26:07,27604184,832348,Snacks & Munchies,1,831.43,Wallet,Slightly Delayed,2024,August,12
9239241275,2024-02-07 03:19:37,57291761,880510,Dairy & Breakfast,3,2854.29,Cash,On Time,2024,February,7
4864829217,2023-09-19 05:05:23,26521850,136533,Dairy & Breakfast,2,1652.42,UPI,On Time,2023,September,19
5108704843,2024-04-04 14:47:40,10951674,57405,Baby Care,2,1215.34,Wallet,On Time,2024,April,4
8049805410,2024-09-27 18:32:00,23098216,378287,Cold Drinks & Juices,3,998.52,Cash,Significantly Delayed,2024,September,27
4711642504,2024-08-15 13:26:51,76850859,349294,Fruits & Vegetables,2,1869.5,Card,On Time,2024,August,15
8952094523,2023-11-14 18:13:24,85626346,654623,Snacks & Munchies,2,844.28,UPI,Slightly Delayed,2023,November,14
4285784267,2024-04-15 18:41:08,82169898,36412,Household Care,3,1193.04,UPI,On Time,2024,April,15
7494670835,2024-01-18 00:22:22,38728779,970529,Baby Care,2,1654.88,Cash,On Time,2024,January,18
7667090453,2023-06-23 23:30:40,66135710,448752,Household Care,1,160.07,Card,On Time,2023,June,23
2193572534,2023-03-26 07:54:02,19682060,378287,Cold Drinks & Juices,1,332.84,UPI,Significantly Delayed,2023,March,26
5357089776,2024-09-30 23:40:49,44223796,490939,Personal Care,3,240.75,UPI,On Time,2024,September,30
1191016829,2023-06-27 20:22:04,51661209,435929,Household Care,3,2570.67,Wallet,Slightly Delayed,2023,June,27
549484032,2023-04-13 08:20:58,79206969,903336,Grocery & Staples,2,1103.76,Card,On Time,2023,April,13
8164076900,2023-06-18 00:05:52,91408854,991434,Snacks & Munchies,2,475.24,Wallet,Slightly Delayed,2023,June,18
7136165651,2024-09-30 12:50:23,59485034,336847,Household Care,3,2810.94,Cash,On Time,2024,September,30
5368349643,2023-05-22 09:04:11,46504355,487931,Grocery & Staples,3,2127.2400000000002,Card,Significantly Delayed,2023,May,22
6965901435,2024-10-16 15:42:15,33741801,94225,Household Care,3,231.32999999999998,UPI,On Time,2024,October,16
6687307827,2023-04-19 14:10:40,88532418,706112,Pharmacy,2,957.58,Wallet,On Time,2023,April,19
475294138,2023-12-29 17:32:27,31084686,63769,Personal Care,2,1756.14,Card,On Time,2023,December,29
9047534059,2023-12-08 14:01:55,41647393,673058,Pharmacy,3,2297.2799999999997,UPI,On Time,2023,December,8
2807487047,2024-11-03 13:30:45,90448312,992178,Pharmacy,3,1897.29,Wallet,On Time,2024,November,3
5840148195,2024-01-22 10:00:36,66269844,613942,Pet Care,2,1090.0,Wallet,On Time,2024,January,22
3758135932,2023-08-25 00:58:39,77007315,306177,Instant & Frozen Food,3,2307.7200000000003,Card,On Time,2023,August,25
1978476136,2024-06-22 20:14:13,97315135,500633,Dairy & Breakfast,2,309.0,Wallet,On Time,2024,June,22
423648434,2024-10-30 15:25:29,82989313,863930,Personal Care,2,485.14,Wallet,On Time,2024,October,30
7201868330,2024-02-20 20:54:46,89669139,256783,Pet Care,3,2719.62,Card,On Time,2024,February,20
9710106935,2023-04-17 15:37:11,14458150,587420,Snacks & Munchies,1,357.42,UPI,Slightly Delayed,2023,April,17
4432235479,2024-09-27 17:01:56,9278983,243235,Pet Care,1,109.03,Card,On Time,2024,September,27
6951956244,2023-10-30 01:07:20,60656482,473929,Fruits & Vegetables,2,880.38,Wallet,On Time,2023,October,30
378485826,2024-03-27 11:55:27,75739462,555121,Fruits & Vegetables,1,354.91,UPI,On Time,2024,March,27
8982211913,2024-09-19 18:02:28,23984022,992178,Pharmacy,1,632.43,Cash,On Time,2024,September,19
6487868576,2023-10-25 03:04:03,49136375,726958,Pet Care,3,2662.44,Card,Slightly Delayed,2023,October,25
2973502797,2024-06-02 03:23:24,74694186,51036,Baby Care,2,1863.22,UPI,On Time,2024,June,2
4105022903,2023-08-20 19:07:25,21282544,726958,Pet Care,3,2662.44,Card,On Time,2023,August,20
3668828731,2024-08-10 03:53:39,72889295,34200,Personal Care,1,319.8,Card,On Time,2024,August,10
8644734267,2023-10-12 07:15:53,23348269,659290,Dairy & Breakfast,1,319.34,Card,On Time,2023,October,12
3757871565,2023-08-10 07:18:26,9401406,847349,Fruits & Vegetables,2,1562.16,UPI,On Time,2023,August,10
5770510806,2024-01-23 08:46:56,47955004,306177,Instant & Frozen Food,3,2307.7200000000003,Cash,Slightly Delayed,2024,January,23
4514836077,2023-06-10 10:09:18,60834500,739448,Household Care,2,1511.32,Wallet,Slightly Delayed,2023,June,10
5927852227,2024-04-12 06:07:28,37556526,51036,Baby Care,2,1863.22,Cash,On Time,2024,April,12
350719542,2024-10-06 06:59:00,18642306,555121,Fruits & Vegetables,2,709.82,Wallet,On Time,2024,October,6
868288823,2024-03-06 19:01:25,65772743,962591,Cold Drinks & Juices,3,390.03,Wallet,Slightly Delayed,2024,March,6
7199670826,2024-01-17 10:30:50,22694456,491521,Snacks & Munchies,1,556.35,Card,Significantly Delayed,2024,January,17
3091948113,2024-02-13 09:49:09,77306672,336847,Household Care,2,1873.96,Cash,Slightly Delayed,2024,February,13
5793742966,2024-01-04 18:10:20,83412446,361361,Snacks & Munchies,3,2478.63,Cash,On Time,2024,January,4
7347109009,2023-09-24 19:23:21,75632045,992178,Pharmacy,2,1264.86,Cash,Slightly Delayed,2023,September,24
7078912146,2023-09-18 11:38:36,36142455,837480,Pharmacy,3,652.2,UPI,On Time,2023,September,18
2480856222,2023-11-08 16:28:56,30373140,107548,Cold Drinks & Juices,1,891.6,Wallet,On Time,2023,November,8
281421547,2023-05-20 20:11:04,88520326,760684,Grocery & Staples,2,143.2,Cash,On Time,2023,May,20
5226963306,2024-06-23 06:42:44,96628029,564692,Pet Care,2,431.3,Card,On Time,2024,June,23
7316642056,2024-02-10 00:13:32,92404798,684939,Personal Care,3,2183.8500000000004,UPI,Slightly Delayed,2024,February,10
8997415290,2024-08-14 17:03:05,85490177,883013,Dairy & Breakfast,2,1979.76,Cash,Significantly Delayed,2024,August,14
6737025662,2023-03-28 06:46:34,44928499,848226,Fruits & Vegetables,1,209.59,UPI,On Time,2023,March,28
8395290763,2024-05-31 19:02:48,88312515,291238,Snacks & Munchies,1,746.03,UPI,Significantly Delayed,2024,May,31
7261119579,2024-07-06 06:23:10,65903057,690565,Snacks & Munchies,1,951.27,UPI,On Time,2024,July,6
9938037878,2024-10-29 11:29:36,9796585,298985,Pharmacy,3,551.28,UPI,Slightly Delayed,2024,October,29
7154987905,2024-10-06 02:34:05,63802820,871592,Fruits & Vegetables,1,870.29,Cash,Significantly Delayed,2024,October,6
3605534244,2024-01-17 12:15:12,57526322,373536,Pet Care,2,988.34,Cash,On Time,2024,January,17
5626601040,2024-02-26 23:31:08,19091057,53833,Grocery & Staples,2,269.38,Wallet,Slightly Delayed,2024,February,26
2577064886,2024-06-07 04:38:39,63948546,478531,Fruits & Vegetables,1,825.46,Card,On Time,2024,June,7
2561362173,2023-05-30 07:42:00,33481252,243235,Pet Care,2,218.06,Cash,On Time,2023,May,30
2793120553,2023-06-24 10:51:53,6622751,397973,Fruits & Vegetables,1,728.73,Cash,On Time,2023,June,24
4476563699,2023-09-11 02:29:45,59222551,153019,Fruits & Vegetables,2,1895.9,UPI,Significantly Delayed,2023,September,11
1580021952,2024-10-24 14:22:39,30317733,327290,Grocery & Staples,3,2586.84,Cash,On Time,2024,October,24
7263454149,2023-10-14 01:37:23,13760839,739534,Household Care,3,2983.68,Card,On Time,2023,October,14
4371924002,2024-10-21 13:20:53,75944533,537274,Pet Care,2,1405.42,Card,Slightly Delayed,2024,October,21
2955277471,2023-12-06 13:01:29,79960955,120532,Grocery & Staples,2,1395.06,UPI,Significantly Delayed,2023,December,6
9445490338,2023-05-23 22:54:26,6812439,94225,Household Care,3,231.32999999999998,Cash,Slightly Delayed,2023,May,23
2668915104,2023-12-01 20:34:27,19180962,690565,Snacks & Munchies,1,951.27,Card,On Time,2023,December,1
1045621584,2023-12-19 00:47:40,85340038,669378,Fruits & Vegetables,3,636.42,UPI,Significantly Delayed,2023,December,19
4550545705,2024-06-21 04:44:10,17805991,136533,Dairy & Breakfast,3,2478.63,Card,On Time,2024,June,21
3373390154,2024-07-24 09:07:08,68703613,240179,Pharmacy,2,181.12,Cash,On Time,2024,July,24
5142985961,2024-02-07 02:49:54,2457734,644847,Grocery & Staples,3,1868.4299999999998,UPI,On Time,2024,February,7
649220272,2023-09-23 15:12:19,67696145,883013,Dairy & Breakfast,2,1979.76,Card,On Time,2023,September,23
5023958886,2024-09-24 05:38:46,12832151,337168,Dairy & Breakfast,1,545.49,Card,Slightly Delayed,2024,September,24
9993542681,2023-05-23 04:12:41,42589311,880510,Dairy & Breakfast,1,951.43,UPI,Slightly Delayed,2023,May,23
4380367305,2024-04-08 13:39:20,8955057,952168,Snacks & Munchies,1,236.95,Wallet,On Time,2024,April,8
3626113485,2024-03-26 01:40:13,97286925,863930,Personal Care,2,485.14,Cash,On Time,2024,March,26
4399099668,2023-06-18 17:12:45,44050697,354409,Grocery & Staples,1,325.08,Wallet,Slightly Delayed,2023,June,18
3760880745,2024-10-13 21:57:38,8791577,723678,Pet Care,1,675.46,UPI,Slightly Delayed,2024,October,13
1803155516,2023-06-21 01:36:59,98088303,378287,Cold Drinks & Juices,2,665.68,Cash,On Time,2023,June,21
4413782983,2023-06-01 18:19:57,47515046,799459,Pharmacy,3,2556.06,Cash,On Time,2023,June,1
6766424456,2024-04-10 05:53:16,21866852,721521,Grocery & Staples,1,417.39,Cash,On Time,2024,April,10
8701531535,2024-09-02 23:59:51,52613657,219598,Personal Care,3,1101.24,Card,Slightly Delayed,2024,September,2
3961971562,2024-04-19 19:39:06,89811984,707935,Pet Care,2,1641.8,UPI,On Time,2024,April,19
1337510774,2024-07-19 12:41:59,80800079,848226,Fruits & Vegetables,1,209.59,Card,On Time,2024,July,19
8859147707,2024-03-29 21:44:03,78394303,123983,Pharmacy,1,785.67,Cash,Slightly Delayed,2024,March,29
5850669672,2023-06-10 08:45:50,24137201,611575,Instant & Frozen Food,2,964.12,UPI,On Time,2023,June,10
1183906926,2023-12-29 20:23:40,60385293,706112,Pharmacy,2,957.58,UPI,Slightly Delayed,2023,December,29
6277509652,2024-10-31 08:24:42,71956734,942001,Pet Care,3,2014.6499999999999,Wallet,Significantly Delayed,2024,October,31
72748189,2023-06-18 06:33:23,82286725,36412,Household Care,3,1193.04,Wallet,Significantly Delayed,2023,June,18
3164922639,2024-05-05 23:00:26,74230420,537274,Pet Care,3,2108.13,UPI,On Time,2024,May,5
1768504415,2023-09-15 19:49:03,20209237,762527,Snacks & Munchies,3,2070.2400000000002,Wallet,On Time,2023,September,15
8173155169,2024-01-06 14:50:22,56441247,140489,Personal Care,1,650.2,Card,Slightly Delayed,2024,January,6
6164820061,2023-05-26 23:03:19,91789216,237083,Pharmacy,2,1154.26,Cash,On Time,2023,May,26
768283559,2024-02-09 01:45:31,24621386,771228,Pet Care,3,249.54000000000002,Wallet,On Time,2024,February,9
5091744424,2023-11-15 21:54:35,53624677,328457,Cold Drinks & Juices,1,858.57,Cash,Significantly Delayed,2023,November,15
932482893,2024-07-24 22:54:26,81088747,481843,Snacks & Munchies,1,297.68,Card,On Time,2024,July,24
4588148640,2023-03-19 19:07:58,24137201,136533,Dairy & Breakfast,3,2478.63,Card,On Time,2023,March,19
8120457107,2024-01-27 18:46:35,97664747,365133,Household Care,2,1830.9,Card,On Time,2024,January,27
6107471725,2023-08-26 07:39:48,81940369,859361,Personal Care,1,432.39,Wallet,On Time,2023,August,26
7001417958,2024-03-28 03:48:07,22358567,714999,Dairy & Breakfast,2,1765.02,Wallet,On Time,2024,March,28
7983443604,2024-01-18 15:17:19,39717448,124290,Personal Care,3,118.94999999999999,Wallet,On Time,2024,January,18
3057907418,2024-04-04 22:41:31,81757554,757274,Pet Care,2,196.64,Wallet,On Time,2024,April,4
3312147996,2024-06-06 06:38:07,67711384,890232,Cold Drinks & Juices,3,1296.0,Wallet,Slightly Delayed,2024,June,6
6822269883,2024-01-15 07:25:07,69276352,901144,Grocery & Staples,3,1021.08,Cash,On Time,2024,January,15
5004539711,2023-07-27 23:59:16,73933840,451933,Grocery & Staples,1,568.94,UPI,Slightly Delayed,2023,July,27
2426015858,2024-06-03 00:23:01,22081691,487931,Grocery & Staples,3,2127.2400000000002,Wallet,Slightly Delayed,2024,June,3
4415332793,2024-04-24 23:57:49,7333934,114414,Pharmacy,1,832.06,Cash,On Time,2024,April,24
1256813796,2024-05-09 01:43:54,12832151,589812,Household Care,3,489.09000000000003,Cash,On Time,2024,May,9
633633688,2023-09-04 11:22:09,71694275,490939,Personal Care,2,160.5,Cash,Slightly Delayed,2023,September,4
8311814996,2023-09-09 13:11:42,50953418,112390,Personal Care,3,2633.94,Cash,Slightly Delayed,2023,September,9
1441735184,2024-10-31 15:03:54,41181125,365132,Instant & Frozen Food,3,688.14,Card,On Time,2024,October,31
1525742840,2024-06-24 12:13:58,39042103,324809,Dairy & Breakfast,3,1824.0,Wallet,On Time,2024,June,24
1947080315,2023-10-09 16:21:21,54837637,883013,Dairy & Breakfast,2,1979.76,Wallet,Slightly Delayed,2023,October,9
5682081545,2024-07-11 16:06:45,57340963,847349,Fruits & Vegetables,3,2343.2400000000002,Cash,On Time,2024,July,11
8100817128,2023-04-01 22:04:42,41494517,623234,Instant & Frozen Food,1,329.79,Wallet,Slightly Delayed,2023,April,1
6051792089,2024-07-23 21:53:14,68906393,767398,Household Care,2,44.28,Cash,On Time,2024,July,23
1158173915,2023-08-13 01:31:00,27746432,451812,Pharmacy,2,1061.7,Card,Significantly Delayed,2023,August,13
266072469,2023-08-02 11:10:40,49529811,432617,Baby Care,3,2589.54,Wallet,Slightly Delayed,2023,August,2
2529883737,2023-08-10 20:40:24,94529626,760828,Pet Care,2,1126.9,UPI,On Time,2023,August,10
9090089969,2023-08-02 21:09:48,10951674,552883,Fruits & Vegetables,1,888.16,UPI,Slightly Delayed,2023,August,2
7102272749,2024-04-09 16:23:16,10508763,592784,Snacks & Munchies,1,280.35,Cash,On Time,2024,April,9
4948925080,2023-04-27 12:38:19,21201299,328457,Cold Drinks & Juices,2,1717.14,Cash,On Time,2023,April,27
9463013186,2023-06-29 17:28:38,11928321,654297,Fruits & Vegetables,3,39.75,Card,On Time,2023,June,29
5581013292,2024-09-17 19:03:27,97557157,578097,Snacks & Munchies,1,267.61,UPI,Slightly Delayed,2024,September,17
7009619835,2024-10-28 06:21:11,11063505,67197,Dairy & Breakfast,2,1104.4,Cash,On Time,2024,October,28
9177283950,2023-08-24 23:58:44,33472376,124290,Personal Care,3,118.94999999999999,Wallet,Slightly Delayed,2023,August,24
9359187866,2023-12-18 09:30:08,60732869,833557,Dairy & Breakfast,2,845.74,Card,Slightly Delayed,2023,December,18
1524480475,2024-06-23 21:01:02,14161586,930284,Baby Care,1,189.47,Cash,Significantly Delayed,2024,June,23
3829990099,2024-02-05 18:30:30,60379302,435929,Household Care,3,2570.67,Cash,On Time,2024,February,5
1058609445,2024-07-09 18:57:06,51341672,120532,Grocery & Staples,2,1395.06,Cash,On Time,2024,July,9
1022764286,2024-04-21 14:28:03,62243869,942001,Pet Care,1,671.55,Wallet,On Time,2024,April,21
1913299658,2023-12-25 12:59:45,84377964,324809,Dairy & Breakfast,1,608.0,UPI,On Time,2023,December,25
5305443623,2024-01-13 12:06:38,80476444,930284,Baby Care,1,189.47,UPI,On Time,2024,January,13
4074369199,2024-06-19 03:22:49,18259715,642612,Pet Care,3,1551.09,Cash,On Time,2024,June,19
9966404015,2023-08-10 11:52:27,85072416,378230,Snacks & Munchies,2,332.84,Wallet,On Time,2023,August,10
3192917514,2024-05-10 09:01:56,16617201,667163,Cold Drinks & Juices,3,1323.6,Wallet,On Time,2024,May,10
1256718210,2023-05-24 22:31:15,6812439,542300,Snacks & Munchies,2,510.7,UPI,Slightly Delayed,2023,May,24
6067839426,2023-08-24 08:03:08,30317733,654297,Fruits & Vegetables,3,39.75,Cash,On Time,2023,August,24
2254923956,2024-08-19 18:55:40,80696046,647462,Personal Care,1,326.42,Card,Significantly Delayed,2024,August,19
7367673526,2024-05-01 09:07:52,97144544,587645,Pharmacy,3,2405.43,Cash,On Time,2024,May,1
9467422683,2023-09-20 23:55:07,10562528,659290,Dairy & Breakfast,3,958.02,UPI,On Time,2023,September,20
819853692,2024-07-04 17:23:55,32656885,709916,Household Care,3,101.28,Wallet,On Time,2024,July,4
3070834475,2024-10-03 14:22:48,80269328,435929,Household Care,3,2570.67,Wallet,On Time,2024,October,3
3620552357,2024-06-19 02:55:22,82918668,679865,Grocery & Staples,1,347.91,Wallet,On Time,2024,June,19
5938542755,2023-07-31 17:01:37,3408982,329351,Dairy & Breakfast,1,310.87,Cash,On Time,2023,July,31
9315535975,2023-11-16 10:16:51,70220141,697683,Household Care,3,371.21999999999997,UPI,Significantly Delayed,2023,November,16
3547873471,2024-10-08 04:17:08,11478478,880510,Dairy & Breakfast,1,951.43,Cash,On Time,2024,October,8
6546999829,2023-10-06 18:00:56,27381533,120532,Grocery & Staples,2,1395.06,Cash,On Time,2023,October,6
9039495201,2024-03-27 19:56:20,25770577,677169,Pharmacy,3,783.0899999999999,UPI,On Time,2024,March,27
99708985,2023-11-19 04:29:38,91130614,760684,Grocery & Staples,2,143.2,Card,Slightly Delayed,2023,November,19
6312811061,2024-08-31 13:45:05,51661209,689769,Instant & Frozen Food,2,93.24,UPI,Slightly Delayed,2024,August,31
3915885220,2024-06-21 10:35:49,54580166,14145,Fruits & Vegetables,1,630.84,UPI,On Time,2024,June,21
6654736751,2023-04-25 00:03:41,45804389,853932,Baby Care,1,941.19,Card,On Time,2023,April,25
841915361,2024-10-31 19:04:59,93318833,26060,Pharmacy,2,685.88,UPI,On Time,2024,October,31
2543233800,2023-09-23 17:11:27,46686696,833557,Dairy & Breakfast,2,845.74,Wallet,Slightly Delayed,2023,September,23
5271947935,2024-08-26 23:07:11,1601161,77308,Fruits & Vegetables,1,223.27,Wallet,On Time,2024,August,26
6339554317,2023-06-14 00:50:23,17132416,319388,Cold Drinks & Juices,3,1973.3999999999999,UPI,On Time,2023,June,14
1840475676,2024-05-27 03:37:21,27971619,367391,Baby Care,1,939.55,UPI,On Time,2024,May,27
6812031667,2023-12-12 14:29:49,66023110,613942,Pet Care,1,545.0,Cash,On Time,2023,December,12
3031698482,2024-10-11 07:21:20,75213636,563740,Snacks & Munchies,2,192.66,Wallet,On Time,2024,October,11
7902025520,2024-01-02 21:20:22,78725001,378676,Cold Drinks & Juices,1,881.42,Wallet,Slightly Delayed,2024,January,2
1969446314,2023-09-05 19:47:27,29584848,883013,Dairy & Breakfast,2,1979.76,UPI,On Time,2023,September,5
9949497098,2024-10-28 22:19:08,8881320,566052,Pharmacy,1,87.3,Card,Slightly Delayed,2024,October,28
4572338018,2023-05-04 10:43:53,59141605,256783,Pet Care,2,1813.08,Cash,Slightly Delayed,2023,May,4
2964153358,2023-06-12 00:26:35,78725001,4452,Baby Care,1,169.88,Card,On Time,2023,June,12
7642038633,2024-03-10 11:32:24,27709218,41853,Dairy & Breakfast,3,2731.32,Wallet,Significantly Delayed,2024,March,10
8208980848,2024-02-21 23:40:40,17341194,26060,Pharmacy,2,685.88,UPI,On Time,2024,February,21
3343789681,2023-05-27 21:46:02,20689141,837480,Pharmacy,1,217.4,Wallet,Significantly Delayed,2023,May,27
9478305481,2024-02-02 03:53:25,92409489,153019,Fruits & Vegetables,2,1895.9,Wallet,Slightly Delayed,2024,February,2
3475260976,2023-03-26 18:49:43,57291761,642612,Pet Care,1,517.03,Cash,Slightly Delayed,2023,March,26
3665443705,2024-08-09 13:18:02,14330483,585299,Pet Care,2,1598.92,UPI,Slightly Delayed,2024,August,9
673592541,2024-04-05 00:24:49,75213636,952168,Snacks & Munchies,2,473.9,UPI,On Time,2024,April,5
8074949320,2023-08-17 13:22:57,14472401,328457,Cold Drinks & Juices,3,2575.71,Card,On Time,2023,August,17
8056021378,2023-11-04 22:21:56,95558510,240179,Pharmacy,3,271.68,Wallet,Slightly Delayed,2023,November,4
2331582000,2024-03-16 09:19:08,6637282,747801,Household Care,1,277.76,UPI,On Time,2024,March,16
5844776722,2024-01-10 12:05:56,10038382,305754,Instant & Frozen Food,3,2939.9700000000003,UPI,On Time,2024,January,10
8426465860,2024-02-29 23:20:48,88045094,542300,Snacks & Munchies,2,510.7,Card,On Time,2024,February,29
9057555029,2024-02-02 19:12:14,60446619,757274,Pet Care,2,196.64,UPI,Slightly Delayed,2024,February,2
2210486526,2023-12-13 17:24:31,65406127,397973,Fruits & Vegetables,1,728.73,Card,On Time,2023,December,13
6421432903,2024-01-30 17:31:05,66766629,993331,Grocery & Staples,2,204.88,UPI,On Time,2024,January,30
3562901354,2024-05-06 20:47:54,5039883,298985,Pharmacy,2,367.52,Cash,On Time,2024,May,6
8194268842,2024-08-15 07:53:53,17929886,455083,Dairy & Breakfast,1,959.01,Card,On Time,2024,August,15
7524467684,2023-04-25 00:40:16,22321208,925482,Instant & Frozen Food,2,950.08,Cash,On Time,2023,April,25
1254195766,2023-12-21 04:53:51,60399360,690565,Snacks & Munchies,2,1902.54,Cash,On Time,2023,December,21
6476646153,2024-10-06 02:25:15,60967677,880510,Dairy & Breakfast,1,951.43,UPI,Slightly Delayed,2024,October,6
8278568103,2024-08-06 01:00:19,28876580,478531,Fruits & Vegetables,3,2476.38,Wallet,On Time,2024,August,6
8589621333,2023-10-01 13:43:52,38420886,839170,Dairy & Breakfast,1,481.63,Cash,On Time,2023,October,1
8531683720,2024-10-25 06:24:21,85747175,34200,Personal Care,2,639.6,UPI,On Time,2024,October,25
327291657,2024-07-15 04:35:45,67729191,317242,Grocery & Staples,1,198.15,UPI,On Time,2024,July,15
6159164139,2024-04-06 06:07:59,35690581,563740,Snacks & Munchies,1,96.33,Card,On Time,2024,April,6
8029863164,2023-10-22 16:03:26,50652909,376447,Dairy & Breakfast,3,2174.52,Cash,On Time,2023,October,22
9387824629,2023-12-30 18:16:15,96989204,367391,Baby Care,3,2818.6499999999996,UPI,Significantly Delayed,2023,December,30
3289836195,2024-05-29 02:36:15,18082040,942001,Pet Care,2,1343.1,Wallet,Significantly Delayed,2024,May,29
5001931575,2024-10-28 20:02:45,23380116,449106,Personal Care,1,48.55,Cash,Significantly Delayed,2024,October,28
7258292820,2023-08-13 22:07:47,20689141,540618,Snacks & Munchies,2,634.1,Card,Significantly Delayed,2023,August,13
4924862857,2023-08-08 17:00:42,65294340,961614,Snacks & Munchies,2,454.44,Card,Slightly Delayed,2023,August,8
8666314034,2023-04-21 18:59:41,21697638,962591,Cold Drinks & Juices,1,130.01,Wallet,On Time,2023,April,21
6775326324,2023-06-17 01:53:29,16379942,592784,Snacks & Munchies,3,841.0500000000001,Wallet,Slightly Delayed,2023,June,17
6092636899,2024-10-26 02:02:39,53025962,739534,Household Care,2,1989.12,Wallet,On Time,2024,October,26
4115558056,2024-04-17 02:38:53,98088303,39154,Fruits & Vegetables,2,1893.72,Card,On Time,2024,April,17
2352136184,2023-11-21 22:00:06,75289676,328457,Cold Drinks & Juices,1,858.57,Wallet,Significantly Delayed,2023,November,21
1706445141,2024-03-11 19:01:18,93370787,146840,Dairy & Breakfast,1,786.85,UPI,Slightly Delayed,2024,March,11
9000165912,2023-08-20 08:14:44,65895091,60619,Cold Drinks & Juices,2,1452.82,Cash,Significantly Delayed,2023,August,20
7457305850,2023-12-08 11:59:55,76857266,300159,Cold Drinks & Juices,2,88.7,UPI,On Time,2023,December,8
9685973820,2024-04-20 03:25:50,34281470,654623,Snacks & Munchies,1,422.14,Cash,Slightly Delayed,2024,April,20
168067196,2024-07-16 13:16:12,11071601,563740,Snacks & Munchies,1,96.33,Cash,On Time,2024,July,16
6105240201,2024-05-22 23:20:32,53299455,432617,Baby Care,3,2589.54,Cash,Slightly Delayed,2024,May,22
1888247163,2024-02-09 11:35:54,79630614,709916,Household Care,2,67.52,UPI,On Time,2024,February,9
7145162326,2023-06-23 22:29:58,35459748,859361,Personal Care,3,1297.17,Card,Slightly Delayed,2023,June,23
7611231659,2023-09-22 12:05:11,78841932,272170,Instant & Frozen Food,2,281.6,Card,Significantly Delayed,2023,September,22
4508784747,2024-03-11 01:43:36,3483295,120385,Pet Care,3,1793.73,Wallet,Slightly Delayed,2024,March,11
2567590825,2023-10-10 20:05:46,13604883,112390,Personal Care,1,877.98,UPI,On Time,2023,October,10
9255982861,2024-10-17 05:02:51,83867512,540618,Snacks & Munchies,3,951.1500000000001,Wallet,On Time,2024,October,17
4102063254,2024-01-13 12:26:27,86067293,525531,Pet Care,1,831.1,UPI,Significantly Delayed,2024,January,13
7373931740,2024-08-27 00:02:31,49117070,51036,Baby Care,2,1863.22,Card,On Time,2024,August,27
5682816404,2023-07-10 14:59:43,10830043,140489,Personal Care,2,1300.4,UPI,On Time,2023,July,10
544018743,2024-03-31 14:16:00,67310893,611575,Instant & Frozen Food,1,482.06,Cash,Slightly Delayed,2024,March,31
3292929952,2024-09-10 06:42:18,29272253,378230,Snacks & Munchies,2,332.84,UPI,Slightly Delayed,2024,September,10
9144790321,2023-04-17 16:21:59,15808945,140154,Personal Care,2,342.4,Cash,Slightly Delayed,2023,April,17
9075991438,2023-06-21 23:10:05,3999964,444361,Pharmacy,3,2467.89,Cash,On Time,2023,June,21
3634813810,2024-08-12 05:08:50,32527479,9436,Personal Care,3,265.29,Wallet,Significantly Delayed,2024,August,12
8250406975,2023-12-07 11:12:13,9573071,473647,Personal Care,3,129.14999999999998,Wallet,On Time,2023,December,7
5877618756,2023-07-07 11:11:17,80571942,969851,Instant & Frozen Food,3,1021.98,Cash,On Time,2023,July,7
2419292139,2024-05-31 22:38:38,79916464,328457,Cold Drinks & Juices,1,858.57,UPI,Slightly Delayed,2024,May,31
9547123332,2023-06-07 13:48:18,66485571,901144,Grocery & Staples,3,1021.08,UPI,On Time,2023,June,7
6968636396,2024-04-02 19:35:56,38902193,324809,Dairy & Breakfast,3,1824.0,Card,On Time,2024,April,2
5247557644,2023-05-20 08:14:06,44410149,473647,Personal Care,1,43.05,Cash,On Time,2023,May,20
7731193394,2024-10-15 13:06:15,88553721,891833,Dairy & Breakfast,2,986.38,Cash,Significantly Delayed,2024,October,15
6048321120,2024-07-25 10:46:28,24357425,925482,Instant & Frozen Food,3,1425.1200000000001,Card,Slightly Delayed,2024,July,25
8494582006,2023-05-04 15:51:30,60967677,51036,Baby Care,3,2794.83,UPI,On Time,2023,May,4
5600781757,2023-06-18 10:14:12,67386193,112390,Personal Care,3,2633.94,Card,On Time,2023,June,18
495091707,2024-09-16 01:11:00,56457995,378287,Cold Drinks & Juices,1,332.84,Wallet,Slightly Delayed,2024,September,16
3239613823,2024-04-18 16:18:41,966247,647462,Personal Care,1,326.42,Cash,On Time,2024,April,18
3643352219,2023-09-15 09:42:26,97928781,120532,Grocery & Staples,3,2092.59,UPI,On Time,2023,September,15
2051599638,2023-04-22 10:44:28,44409533,4452,Baby Care,2,339.76,Cash,Significantly Delayed,2023,April,22
3514859549,2023-12-21 14:25:13,16561710,274207,Pharmacy,2,657.02,UPI,On Time,2023,December,21
3907599008,2023-12-12 00:56:26,31328762,658389,Snacks & Munchies,2,305.1,Cash,On Time,2023,December,12
1534993603,2024-01-07 00:13:44,97507853,537274,Pet Care,1,702.71,Card,On Time,2024,January,7
8980701254,2024-05-12 14:59:44,1601161,219598,Personal Care,2,734.16,Card,Slightly Delayed,2024,May,12
6695408903,2023-05-24 13:41:31,38613642,34200,Personal Care,1,319.8,Cash,Slightly Delayed,2023,May,24
3268455899,2023-09-16 17:06:21,4439806,784827,Baby Care,1,274.25,Wallet,On Time,2023,September,16
7809161755,2023-04-10 16:15:51,12778027,449106,Personal Care,1,48.55,Cash,On Time,2023,April,10
8873697539,2024-02-14 05:21:26,91384030,378287,Cold Drinks & Juices,2,665.68,Cash,On Time,2024,February,14
8603941640,2024-01-06 07:56:17,82948843,818522,Dairy & Breakfast,1,96.09,Card,On Time,2024,January,6
8308184279,2023-06-19 08:05:51,57658033,799459,Pharmacy,1,852.02,Wallet,On Time,2023,June,19
7572826287,2023-04-23 11:47:31,71252391,839170,Dairy & Breakfast,2,963.26,UPI,On Time,2023,April,23
7478396641,2023-12-05 14:00:20,77007315,555121,Fruits & Vegetables,1,354.91,Card,Slightly Delayed,2023,December,5
3569283921,2023-10-27 07:19:26,53636086,183929,Dairy & Breakfast,3,2216.2200000000003,UPI,On Time,2023,October,27
9947619677,2024-08-20 20:34:20,6398761,689769,Instant & Frozen Food,2,93.24,Cash,On Time,2024,August,20
5396237918,2024-01-31 19:59:41,8228843,901144,Grocery & Staples,1,340.36,Cash,On Time,2024,January,31
455878765,2024-07-06 04:10:53,55733729,194682,Cold Drinks & Juices,3,2736.87,Cash,On Time,2024,July,6
2079195080,2024-03-30 02:33:42,85518832,444361,Pharmacy,3,2467.89,Wallet,On Time,2024,March,30
6104211214,2024-07-21 02:26:58,62816600,913428,Pet Care,3,1176.66,UPI,On Time,2024,July,21
9442939134,2024-08-24 11:40:07,92245432,723678,Pet Care,1,675.46,UPI,On Time,2024,August,24
3317293496,2024-02-13 08:53:08,76917159,187399,Instant & Frozen Food,3,160.47,Card,On Time,2024,February,13
8243326501,2024-01-21 11:22:26,31681710,968887,Household Care,1,40.7,Cash,On Time,2024,January,21
4109483569,2024-03-10 18:42:38,92416428,669378,Fruits & Vegetables,3,636.42,Card,Slightly Delayed,2024,March,10
5390352336,2024-07-15 04:36:53,13462905,847349,Fruits & Vegetables,1,781.08,Wallet,On Time,2024,July,15
2581584982,2023-10-20 02:08:34,25770577,953175,Baby Care,2,450.42,UPI,On Time,2023,October,20
1668737869,2023-03-23 23:45:26,69908484,183929,Dairy & Breakfast,1,738.74,Wallet,On Time,2023,March,23
5046906329,2023-08-07 07:47:35,65543312,36412,Household Care,2,795.36,UPI,On Time,2023,August,7
2536833157,2023-05-08 04:44:45,19067680,654623,Snacks & Munchies,1,422.14,Card,On Time,2023,May,8
9176170352,2023-11-03 08:53:22,98444183,954722,Instant & Frozen Food,3,1849.3500000000001,UPI,On Time,2023,November,3
833930925,2024-01-10 16:24:49,9278983,18035,Household Care,3,2906.82,Card,On Time,2024,January,10
8515226099,2023-08-21 17:08:26,15661901,679865,Grocery & Staples,3,1043.73,UPI,On Time,2023,August,21
2023020278,2023-06-14 10:11:21,44477365,433521,Baby Care,1,321.33,Card,Slightly Delayed,2023,June,14
2840526544,2023-03-28 07:24:51,63360864,15314,Dairy & Breakfast,1,578.85,Cash,On Time,2023,March,28
7267422945,2023-05-03 12:11:25,49260858,762527,Snacks & Munchies,1,690.08,Wallet,On Time,2023,May,3
9400777426,2023-11-17 00:17:09,86487478,473929,Fruits & Vegetables,3,1320.57,UPI,Slightly Delayed,2023,November,17
3298603544,2023-06-15 23:44:37,74515162,462526,Dairy & Breakfast,2,899.94,Card,Significantly Delayed,2023,June,15
4479973293,2024-09-11 19:01:57,68965787,962054,Cold Drinks & Juices,3,50.58,Cash,On Time,2024,September,11
356236208,2023-08-08 13:12:46,62068277,365133,Household Care,1,915.45,Cash,On Time,2023,August,8
6699845542,2023-12-06 14:43:53,22851478,700048,Household Care,1,141.28,UPI,On Time,2023,December,6
3106057977,2024-06-07 18:38:09,30455484,287070,Grocery & Staples,2,886.34,Cash,On Time,2024,June,7
1905367587,2023-11-05 08:39:17,93321933,799459,Pharmacy,1,852.02,UPI,On Time,2023,November,5
169590729,2024-05-23 05:12:37,10019218,897083,Household Care,1,972.69,Cash,On Time,2024,May,23
9820743709,2023-12-03 10:14:31,81822494,435929,Household Care,2,1713.78,UPI,On Time,2023,December,3
6605882211,2023-12-03 10:33:46,33544355,462526,Dairy & Breakfast,2,899.94,UPI,Significantly Delayed,2023,December,3
9517765444,2023-09-28 04:45:11,12832151,847349,Fruits & Vegetables,3,2343.2400000000002,Card,On Time,2023,September,28
7766311749,2023-11-28 15:06:39,74313592,228286,Cold Drinks & Juices,2,358.16,Wallet,On Time,2023,November,28
742238239,2023-12-21 21:27:19,10605484,153019,Fruits & Vegetables,1,947.95,Cash,On Time,2023,December,21
3146141485,2023-12-27 08:28:28,47625855,385113,Personal Care,2,1632.76,Cash,On Time,2023,December,27
6633702824,2024-06-19 08:54:43,20148223,53833,Grocery & Staples,1,134.69,Cash,On Time,2024,June,19
5033749011,2023-10-22 13:42:49,41164215,672059,Personal Care,1,672.73,Wallet,On Time,2023,October,22
4009496217,2023-07-22 03:10:51,62416456,692985,Grocery & Staples,1,197.39,Wallet,On Time,2023,July,22
4284473821,2024-03-25 08:13:13,87251489,677542,Household Care,2,425.22,Cash,On Time,2024,March,25
8860588793,2023-08-03 15:12:25,50781611,378287,Cold Drinks & Juices,1,332.84,Wallet,On Time,2023,August,3
5305428485,2023-05-07 02:52:44,9796585,890232,Cold Drinks & Juices,3,1296.0,Cash,On Time,2023,May,7
676278878,2023-04-08 08:15:45,99784559,120532,Grocery & Staples,2,1395.06,Cash,On Time,2023,April,8
9459854097,2023-10-28 22:30:53,40703374,398340,Instant & Frozen Food,3,1955.79,Card,On Time,2023,October,28
3895596621,2023-10-29 04:22:51,91243571,681063,Cold Drinks & Juices,1,321.28,Wallet,On Time,2023,October,29
7750915110,2023-09-18 19:19:02,49050014,585299,Pet Care,3,2398.38,Card,Slightly Delayed,2023,September,18
5173951989,2023-11-11 17:17:15,43990799,968887,Household Care,3,122.10000000000001,Card,On Time,2023,November,11
6388954643,2024-02-23 06:51:22,80286283,600767,Personal Care,3,2167.2599999999998,Card,On Time,2024,February,23
5819387689,2023-09-08 18:10:12,49152878,942001,Pet Care,3,2014.6499999999999,Wallet,On Time,2023,September,8
4184037584,2023-10-15 09:18:29,68419593,901144,Grocery & Staples,3,1021.08,Card,On Time,2023,October,15
9525140554,2024-10-15 09:11:28,91500615,153019,Fruits & Vegetables,3,2843.8500000000004,Card,On Time,2024,October,15
1617927874,2024-09-14 15:59:03,84993732,365132,Instant & Frozen Food,1,229.38,UPI,On Time,2024,September,14
1543944105,2024-10-21 17:50:10,82804543,818990,Fruits & Vegetables,3,490.65000000000003,Wallet,Significantly Delayed,2024,October,21
341580530,2024-07-10 07:11:29,45804389,706112,Pharmacy,2,957.58,Cash,Significantly Delayed,2024,July,10
5133661902,2023-11-13 22:43:41,79695653,937542,Grocery & Staples,1,97.04,Card,Slightly Delayed,2023,November,13
4557328309,2024-06-13 01:26:04,82854537,690565,Snacks & Munchies,2,1902.54,Cash,On Time,2024,June,13
4479421205,2024-07-02 12:16:17,3893903,890232,Cold Drinks & Juices,3,1296.0,Cash,Slightly Delayed,2024,July,2
5740294639,2023-07-31 13:04:46,67908555,799688,Personal Care,2,619.24,Wallet,Slightly Delayed,2023,July,31
8114060961,2023-10-12 17:37:59,28394354,803607,Personal Care,3,2849.19,Wallet,Significantly Delayed,2023,October,12
5744553133,2024-04-19 03:10:52,60495351,373536,Pet Care,1,494.17,Card,Slightly Delayed,2024,April,19
5029893308,2024-01-26 14:45:50,73799927,771228,Pet Care,2,166.36,UPI,On Time,2024,January,26
9663384689,2023-03-24 16:57:27,89523804,739534,Household Care,1,994.56,Cash,Slightly Delayed,2023,March,24
7919240958,2023-05-18 23:59:38,91614690,799459,Pharmacy,2,1704.04,Cash,On Time,2023,May,18
5211751826,2023-08-31 01:45:48,77768189,15314,Dairy & Breakfast,2,1157.7,Card,Slightly Delayed,2023,August,31
8713129069,2024-10-16 08:29:07,13189939,470449,Instant & Frozen Food,2,1655.54,UPI,On Time,2024,October,16
1407304162,2023-03-31 18:45:55,76970363,969851,Instant & Frozen Food,3,1021.98,Wallet,On Time,2023,March,31
3793875046,2024-01-30 08:17:22,17675915,589812,Household Care,2,326.06,Wallet,On Time,2024,January,30
4903700958,2024-05-30 09:44:35,66866026,131136,Grocery & Staples,1,37.8,Card,On Time,2024,May,30
1989547877,2023-12-14 02:10:55,60700850,398340,Instant & Frozen Food,3,1955.79,Card,On Time,2023,December,14
9584857115,2023-12-28 23:03:21,25829710,361361,Snacks & Munchies,3,2478.63,Card,On Time,2023,December,28
7236760938,2024-06-29 11:59:15,67918495,712307,Cold Drinks & Juices,3,794.67,Card,On Time,2024,June,29
4346903287,2024-10-28 23:39:45,87463923,444361,Pharmacy,2,1645.26,Card,On Time,2024,October,28
6353755071,2024-02-12 00:40:17,41972994,319388,Cold Drinks & Juices,1,657.8,UPI,On Time,2024,February,12
89194627,2024-03-06 18:11:09,37947202,897083,Household Care,3,2918.07,UPI,On Time,2024,March,6
544919267,2024-09-25 14:05:58,54923640,540618,Snacks & Munchies,2,634.1,Cash,On Time,2024,September,25
6665075012,2024-01-14 03:01:56,19067680,433521,Baby Care,3,963.99,Cash,On Time,2024,January,14
4461389660,2023-07-30 15:02:38,27513158,739448,Household Care,1,755.66,Wallet,Significantly Delayed,2023,July,30
8789328634,2024-06-01 01:20:26,53332493,196719,Fruits & Vegetables,2,435.0,Card,Significantly Delayed,2024,June,1
147066568,2024-07-12 07:44:16,44149982,832348,Snacks & Munchies,2,1662.86,Cash,On Time,2024,July,12
6712947216,2023-04-11 04:11:23,1697604,432617,Baby Care,1,863.18,Cash,On Time,2023,April,11
4731158560,2024-03-14 18:21:31,29361038,11422,Fruits & Vegetables,2,254.32,Card,On Time,2024,March,14
6228958238,2023-08-31 04:13:51,50650215,623234,Instant & Frozen Food,2,659.58,Wallet,Significantly Delayed,2023,August,31
8006440384,2023-06-09 05:17:06,20625627,490602,Grocery & Staples,2,1098.94,Card,On Time,2023,June,9
7330672658,2024-10-25 04:02:42,57474553,604184,Household Care,3,1192.65,Wallet,On Time,2024,October,25
1766200974,2024-10-13 14:55:22,60591625,33955,Instant & Frozen Food,1,186.08,UPI,On Time,2024,October,13
2878422829,2024-07-16 05:47:46,84641682,378676,Cold Drinks & Juices,2,1762.84,Wallet,On Time,2024,July,16
5862535621,2024-01-03 06:09:00,76850859,642612,Pet Care,3,1551.09,Card,On Time,2024,January,3
3781134163,2024-02-03 02:51:21,61320989,491521,Snacks & Munchies,2,1112.7,UPI,Slightly Delayed,2024,February,3
7835720444,2024-01-10 23:12:29,45700473,451812,Pharmacy,1,530.85,Cash,Significantly Delayed,2024,January,10
1952343673,2024-02-24 05:57:00,68965787,721521,Grocery & Staples,3,1252.17,Cash,On Time,2024,February,24
9406096007,2023-11-24 09:00:17,67092149,692985,Grocery & Staples,2,394.78,Wallet,Slightly Delayed,2023,November,24
1136528533,2023-08-22 22:30:18,20956158,382511,Dairy & Breakfast,2,1405.08,Card,Slightly Delayed,2023,August,22
9137126466,2023-08-05 09:47:03,75752515,820973,Baby Care,1,114.52,Wallet,On Time,2023,August,5
1495517558,2024-08-17 16:36:22,96373206,914071,Snacks & Munchies,2,593.88,Card,Significantly Delayed,2024,August,17
1643011737,2024-07-14 08:23:35,32585389,677542,Household Care,3,637.83,Cash,On Time,2024,July,14
4067366774,2024-02-23 19:28:16,19482392,532965,Instant & Frozen Food,3,921.69,Cash,On Time,2024,February,23
1683118802,2023-12-17 15:28:55,92306841,992178,Pharmacy,3,1897.29,Cash,On Time,2023,December,17
5770514189,2023-12-08 16:21:15,57340963,487065,Snacks & Munchies,3,1124.04,Cash,Slightly Delayed,2023,December,8
9612669334,2023-06-24 17:15:03,49985597,123983,Pharmacy,2,1571.34,UPI,On Time,2023,June,24
3262295808,2024-04-19 20:12:41,15487049,146840,Dairy & Breakfast,2,1573.7,Cash,On Time,2024,April,19
1593291198,2024-09-30 22:30:00,93122847,52729,Pet Care,2,632.04,Cash,Slightly Delayed,2024,September,30
5327721432,2024-09-28 20:06:11,13585482,490939,Personal Care,2,160.5,UPI,On Time,2024,September,28
4879497185,2023-10-17 11:44:35,51014003,67197,Dairy & Breakfast,3,1656.6000000000001,Wallet,On Time,2023,October,17
6883107728,2024-02-11 18:10:33,97492493,820541,Household Care,3,1728.66,Cash,On Time,2024,February,11
1643246998,2023-10-29 16:54:28,90649019,677169,Pharmacy,3,783.0899999999999,UPI,Slightly Delayed,2023,October,29
913309291,2024-06-16 09:10:00,89968482,313754,Snacks & Munchies,3,409.79999999999995,UPI,On Time,2024,June,16
8298829689,2023-11-29 12:16:34,64535602,487065,Snacks & Munchies,2,749.36,Card,On Time,2023,November,29
7155488252,2024-09-28 21:24:26,12090436,587420,Snacks & Munchies,3,1072.26,UPI,On Time,2024,September,28
8316192789,2023-07-07 02:14:55,25706121,131937,Instant & Frozen Food,1,287.81,Cash,On Time,2023,July,7
3589756658,2023-12-18 09:06:42,17749347,382511,Dairy & Breakfast,3,2107.62,Wallet,On Time,2023,December,18
8371900149,2024-08-31 13:11:39,99893898,542300,Snacks & Munchies,2,510.7,Card,On Time,2024,August,31
6659686612,2024-04-20 03:06:24,90919603,991434,Snacks & Munchies,2,475.24,Card,On Time,2024,April,20
2937676500,2024-05-25 18:53:00,11202130,654623,Snacks & Munchies,2,844.28,Cash,Slightly Delayed,2024,May,25
9908301442,2023-06-10 08:02:04,57967753,673058,Pharmacy,1,765.76,Cash,On Time,2023,June,10
3325049330,2023-03-31 19:04:39,80761521,461804,Grocery & Staples,1,310.69,Cash,On Time,2023,March,31
2330986566,2023-03-26 16:31:03,29941225,449106,Personal Care,3,145.64999999999998,Cash,On Time,2023,March,26
1495975802,2024-01-27 16:30:38,17390673,747801,Household Care,2,555.52,Card,On Time,2024,January,27
4207249029,2023-10-15 17:44:14,70529459,432617,Baby Care,2,1726.36,UPI,On Time,2023,October,15
1150143976,2023-08-12 10:30:09,1588560,652118,Instant & Frozen Food,2,44.08,Card,On Time,2023,August,12
8443390148,2023-06-12 11:03:12,21577948,859361,Personal Care,1,432.39,UPI,On Time,2023,June,12
8358703267,2023-08-20 10:52:12,20496835,317242,Grocery & Staples,3,594.45,Wallet,On Time,2023,August,20
1608084881,2024-03-21 23:37:31,85907588,652118,Instant & Frozen Food,1,22.04,UPI,On Time,2024,March,21
2744486953,2024-09-29 20:05:27,73891999,741341,Dairy & Breakfast,1,923.84,Cash,Significantly Delayed,2024,September,29
3036885153,2024-02-29 21:09:32,4789829,913428,Pet Care,3,1176.66,UPI,Slightly Delayed,2024,February,29
7335148205,2023-06-30 01:54:07,85435560,123983,Pharmacy,3,2357.0099999999998,Wallet,On Time,2023,June,30
2356580295,2023-08-21 01:33:20,4597433,336847,Household Care,3,2810.94,Wallet,On Time,2023,August,21
8999547266,2023-12-09 16:59:35,21697638,952124,Fruits & Vegetables,3,381.24,Wallet,On Time,2023,December,9
3094439783,2023-11-30 03:55:34,95873651,689769,Instant & Frozen Food,3,139.85999999999999,Wallet,On Time,2023,November,30
2753579193,2023-03-29 14:52:03,2558646,120385,Pet Care,1,597.91,Card,On Time,2023,March,29
7683077217,2024-04-17 18:12:04,22047134,183929,Dairy & Breakfast,2,1477.48,UPI,On Time,2024,April,17
2366099898,2023-05-10 20:45:53,63339001,433521,Baby Care,2,642.66,UPI,On Time,2023,May,10
1252810532,2024-07-03 21:22:17,42102289,186168,Pet Care,1,878.8,Wallet,Slightly Delayed,2024,July,3
6493039553,2024-08-06 11:22:09,90150193,658389,Snacks & Munchies,2,305.1,Cash,On Time,2024,August,6
9274842886,2023-11-15 18:46:57,69761993,9436,Personal Care,2,176.86,UPI,On Time,2023,November,15
8255275254,2023-12-03 02:03:06,46615831,26060,Pharmacy,1,342.94,UPI,Slightly Delayed,2023,December,3
2136873695,2023-07-09 10:58:32,2391900,707935,Pet Care,2,1641.8,Card,On Time,2023,July,9
3253225736,2024-07-19 08:49:06,61753272,14145,Fruits & Vegetables,1,630.84,Cash,On Time,2024,July,19
7712604853,2023-09-26 23:28:51,10608845,712307,Cold Drinks & Juices,1,264.89,Wallet,On Time,2023,September,26
5698803942,2024-10-10 13:10:15,31813,398340,Instant & Frozen Food,2,1303.86,UPI,On Time,2024,October,10
4393804577,2023-08-30 13:42:05,69242672,723678,Pet Care,2,1350.92,Card,On Time,2023,August,30
9307961643,2024-04-24 17:30:07,82322028,697683,Household Care,3,371.21999999999997,Cash,On Time,2024,April,24
14103943,2023-11-24 08:47:35,9105829,228286,Cold Drinks & Juices,1,179.08,Cash,Slightly Delayed,2023,November,24
4183595096,2024-01-09 06:21:14,64141971,67197,Dairy & Breakfast,1,552.2,Card,On Time,2024,January,9
9915365099,2023-05-19 11:35:45,14367270,700048,Household Care,1,141.28,Wallet,On Time,2023,May,19
7979108696,2024-05-20 22:10:25,63368244,274207,Pharmacy,3,985.53,Cash,Slightly Delayed,2024,May,20
8756485728,2024-02-10 21:20:58,97466783,60619,Cold Drinks & Juices,3,2179.23,Cash,On Time,2024,February,10
4859441294,2024-05-30 05:59:29,3468355,833557,Dairy & Breakfast,3,1268.6100000000001,UPI,Slightly Delayed,2024,May,30
8100291984,2023-08-21 19:19:53,54885705,764014,Grocery & Staples,2,1224.08,Cash,Significantly Delayed,2023,August,21
7825714018,2024-08-27 19:59:28,56548063,451933,Grocery & Staples,3,1706.8200000000002,UPI,On Time,2024,August,27
1785144322,2024-07-22 16:54:23,8025622,131748,Pet Care,1,81.35,Cash,Slightly Delayed,2024,July,22
242240959,2024-01-26 15:20:01,64562786,60619,Cold Drinks & Juices,3,2179.23,Cash,On Time,2024,January,26
3527621284,2024-07-21 04:23:25,86636273,382511,Dairy & Breakfast,2,1405.08,Cash,On Time,2024,July,21
2254856113,2023-04-16 10:26:22,29973346,516376,Fruits & Vegetables,1,877.43,Cash,On Time,2023,April,16
4295420935,2024-09-04 11:38:12,97185284,131748,Pet Care,2,162.7,Wallet,On Time,2024,September,4
8739415992,2023-06-02 23:08:03,55042740,433521,Baby Care,2,642.66,Wallet,On Time,2023,June,2
2123879653,2024-10-31 08:33:46,43599910,707935,Pet Care,3,2462.7,Cash,Slightly Delayed,2024,October,31
1054974834,2023-05-14 18:40:28,12272282,432617,Baby Care,2,1726.36,Cash,Slightly Delayed,2023,May,14
6660596550,2024-06-21 02:56:30,48554440,144124,Household Care,2,325.34,Wallet,Significantly Delayed,2024,June,21
1633238374,2023-08-12 10:41:14,26303194,487065,Snacks & Munchies,1,374.68,UPI,On Time,2023,August,12
8133246330,2023-10-08 13:18:01,34526570,500633,Dairy & Breakfast,2,309.0,Card,On Time,2023,October,8
4696656818,2023-04-11 13:00:06,28458746,784827,Baby Care,1,274.25,Card,Slightly Delayed,2023,April,11
7590214417,2024-05-09 22:20:28,69240186,361361,Snacks & Munchies,1,826.21,Cash,Significantly Delayed,2024,May,9
1736212920,2024-09-10 15:13:39,9401406,196719,Fruits & Vegetables,1,217.5,Wallet,On Time,2024,September,10
4507702369,2023-04-23 23:54:06,27955158,4452,Baby Care,3,509.64,Card,On Time,2023,April,23
6458765046,2023-06-29 17:39:33,83348353,112390,Personal Care,2,1755.96,Cash,On Time,2023,June,29
47953423,2024-02-27 00:13:46,96806748,585299,Pet Care,1,799.46,UPI,On Time,2024,February,27
1263714922,2023-10-06 01:07:34,77086539,256051,Personal Care,2,801.84,Cash,On Time,2023,October,6
2061768860,2023-09-19 16:43:40,12469338,154179,Pharmacy,1,582.87,Card,Slightly Delayed,2023,September,19
4264335652,2023-09-08 06:23:40,71321741,14145,Fruits & Vegetables,3,1892.52,UPI,On Time,2023,September,8
3087181728,2023-07-05 06:10:04,58513300,367391,Baby Care,1,939.55,UPI,On Time,2023,July,5
599772156,2023-03-24 04:38:22,35358395,34200,Personal Care,2,639.6,Wallet,Slightly Delayed,2023,March,24
6074313668,2024-09-27 10:46:46,77614510,552883,Fruits & Vegetables,3,2664.48,Cash,On Time,2024,September,27
5497551107,2024-08-18 15:51:52,41647393,764014,Grocery & Staples,1,612.04,Wallet,On Time,2024,August,18
9102202025,2024-04-10 07:36:32,98896871,832348,Snacks & Munchies,3,2494.29,UPI,Significantly Delayed,2024,April,10
8794436743,2023-07-17 06:27:00,40727086,329351,Dairy & Breakfast,3,932.61,Card,Slightly Delayed,2023,July,17
3299603042,2024-06-17 04:02:53,77614510,264803,Pharmacy,1,995.98,Wallet,On Time,2024,June,17
243077069,2024-04-25 18:34:34,46623192,602241,Snacks & Munchies,1,976.55,UPI,Slightly Delayed,2024,April,25
6749594412,2023-11-30 15:16:24,16436359,847349,Fruits & Vegetables,2,1562.16,Cash,Slightly Delayed,2023,November,30
5378344982,2024-02-17 01:04:36,33658749,146840,Dairy & Breakfast,1,786.85,Card,Significantly Delayed,2024,February,17
9103834515,2024-01-03 08:27:26,61851054,57405,Baby Care,3,1823.0099999999998,Card,On Time,2024,January,3
6237437720,2023-08-26 07:00:27,15568831,219598,Personal Care,2,734.16,Wallet,Slightly Delayed,2023,August,26
2719670578,2024-09-04 09:46:08,95382317,228286,Cold Drinks & Juices,3,537.24,Wallet,Significantly Delayed,2024,September,4
2748681349,2024-05-15 05:36:05,84862161,851978,Pharmacy,3,2147.16,Card,On Time,2024,May,15
9851618724,2023-10-03 18:03:27,96149069,6405,Baby Care,1,236.51,Card,Slightly Delayed,2023,October,3
7013533376,2023-12-08 14:00:36,81500385,818990,Fruits & Vegetables,1,163.55,UPI,On Time,2023,December,8
9727047029,2024-01-04 01:55:00,94730288,444361,Pharmacy,2,1645.26,Cash,On Time,2024,January,4
1191540022,2024-09-15 00:08:35,69863493,243235,Pet Care,2,218.06,UPI,Slightly Delayed,2024,September,15
5733572517,2024-08-05 00:09:15,5039883,491314,Instant & Frozen Food,1,973.44,Cash,Slightly Delayed,2024,August,5
9647928644,2023-05-19 13:40:04,99406165,36412,Household Care,3,1193.04,Wallet,On Time,2023,May,19
9696598689,2023-08-24 18:13:31,7288562,880510,Dairy & Breakfast,2,1902.86,Card,Slightly Delayed,2023,August,24
1091207520,2024-10-05 19:02:54,65559853,771228,Pet Care,3,249.54000000000002,Card,On Time,2024,October,5
7995971909,2023-05-08 18:11:30,1342184,131748,Pet Care,1,81.35,Wallet,Significantly Delayed,2023,May,8
6077755741,2023-07-20 23:23:59,40055711,707935,Pet Care,2,1641.8,Card,Slightly Delayed,2023,July,20
1240745644,2023-05-20 11:57:18,22915611,942001,Pet Care,2,1343.1,Wallet,On Time,2023,May,20
1397810713,2023-12-09 14:37:08,9314637,89084,Dairy & Breakfast,2,1197.66,Wallet,On Time,2023,December,9
5149614189,2023-07-24 14:47:54,90150193,131937,Instant & Frozen Food,3,863.4300000000001,Wallet,Slightly Delayed,2023,July,24
7453349798,2023-08-10 13:54:12,65488134,36412,Household Care,1,397.68,UPI,On Time,2023,August,10
7570986632,2023-05-17 11:01:22,45166203,284460,Fruits & Vegetables,2,1011.9,UPI,On Time,2023,May,17
5292931220,2023-11-25 02:57:18,38327793,433521,Baby Care,1,321.33,Cash,On Time,2023,November,25
2654499230,2023-06-10 17:45:41,79478655,257719,Dairy & Breakfast,1,281.73,Cash,On Time,2023,June,10
2327587597,2024-06-29 17:28:37,24621386,888807,Dairy & Breakfast,2,461.16,Card,On Time,2024,June,29
5852189277,2024-10-13 14:14:35,29653387,767398,Household Care,1,22.14,UPI,On Time,2024,October,13
8943211530,2023-09-23 18:15:02,14632090,487931,Grocery & Staples,3,2127.2400000000002,Card,On Time,2023,September,23
3305649506,2023-11-15 00:30:18,90649019,837480,Pharmacy,3,652.2,Wallet,On Time,2023,November,15
538997323,2023-04-17 03:28:03,13492411,615545,Personal Care,2,896.32,Cash,On Time,2023,April,17
2966187610,2023-04-13 01:04:17,67310893,461804,Grocery & Staples,1,310.69,Wallet,Slightly Delayed,2023,April,13
866693541,2024-06-24 19:15:35,14472401,803607,Personal Care,2,1899.46,Cash,On Time,2024,June,24
440721658,2023-05-05 10:12:53,9450435,89084,Dairy & Breakfast,2,1197.66,Cash,On Time,2023,May,5
2084323012,2024-06-03 13:19:17,11202130,871592,Fruits & Vegetables,3,2610.87,Wallet,On Time,2024,June,3
4876314410,2024-11-01 06:57:36,37227953,962591,Cold Drinks & Juices,2,260.02,Card,On Time,2024,November,1
2401282648,2023-08-10 20:45:58,21425168,473647,Personal Care,1,43.05,Card,On Time,2023,August,10
2117291471,2023-06-21 15:31:00,33481252,440875,Baby Care,3,825.0899999999999,Cash,On Time,2023,June,21
5455295163,2024-08-25 11:26:15,46989310,264803,Pharmacy,2,1991.96,UPI,Significantly Delayed,2024,August,25
3219761206,2024-07-14 12:58:37,44589829,585299,Pet Care,3,2398.38,Card,On Time,2024,July,14
7423918026,2024-04-27 09:54:44,84448310,131136,Grocery & Staples,2,75.6,UPI,On Time,2024,April,27
1793817443,2023-11-14 23:44:05,68661619,448752,Household Care,3,480.21,Card,Slightly Delayed,2023,November,14
2644609220,2024-05-22 07:43:43,97825663,784673,Pet Care,2,982.78,UPI,On Time,2024,May,22
1353492780,2024-03-06 16:25:44,57765367,274207,Pharmacy,3,985.53,UPI,On Time,2024,March,6
1230061693,2023-06-15 18:21:45,11616535,739534,Household Care,2,1989.12,Wallet,On Time,2023,June,15
6299572675,2023-08-17 18:46:18,81046421,952124,Fruits & Vegetables,2,254.16,Wallet,Slightly Delayed,2023,August,17
5956863364,2024-02-20 23:36:34,24821281,890623,Fruits & Vegetables,1,354.52,Wallet,Slightly Delayed,2024,February,20
6788884093,2024-10-06 20:03:45,2566268,337168,Dairy & Breakfast,1,545.49,UPI,On Time,2024,October,6
6120799223,2024-01-14 00:47:46,84377964,107548,Cold Drinks & Juices,3,2674.8,UPI,Slightly Delayed,2024,January,14
3892854030,2024-02-08 04:02:50,74179536,365133,Household Care,1,915.45,Card,On Time,2024,February,8
1883324334,2024-07-27 04:24:22,76327561,63769,Personal Care,1,878.07,UPI,On Time,2024,July,27
4541530278,2024-04-05 02:15:27,59517074,669378,Fruits & Vegetables,2,424.28,Wallet,Significantly Delayed,2024,April,5
8807380767,2023-04-22 21:41:04,37947202,490602,Grocery & Staples,1,549.47,Cash,On Time,2023,April,22
5865396281,2024-02-06 02:08:36,84119685,525531,Pet Care,2,1662.2,UPI,Significantly Delayed,2024,February,6
340451825,2024-09-25 19:16:34,87691707,552496,Household Care,3,1524.0,Card,On Time,2024,September,25
3327784606,2024-01-11 07:40:04,61982521,604184,Household Care,3,1192.65,Cash,On Time,2024,January,11
5990129875,2024-07-13 08:44:22,87160527,490602,Grocery & Staples,3,1648.41,UPI,Slightly Delayed,2024,July,13
8808930721,2023-10-21 21:29:40,59329145,67197,Dairy & Breakfast,1,552.2,UPI,On Time,2023,October,21
8116880443,2023-07-23 01:47:23,26752630,945635,Grocery & Staples,1,778.9,Card,On Time,2023,July,23
9933926720,2023-08-17 05:10:16,96640716,56589,Pharmacy,2,1035.54,UPI,On Time,2023,August,17
776562418,2024-09-08 21:57:02,54923640,566052,Pharmacy,1,87.3,Card,On Time,2024,September,8
6105793582,2023-04-13 01:28:18,67538982,659290,Dairy & Breakfast,1,319.34,Cash,Slightly Delayed,2023,April,13
9247779866,2024-10-24 02:47:13,19523014,440875,Baby Care,2,550.06,Wallet,Slightly Delayed,2024,October,24
5456672526,2024-09-23 17:51:26,52757321,969851,Instant & Frozen Food,3,1021.98,Wallet,On Time,2024,September,23
6676994910,2023-11-28 22:30:33,50557979,60619,Cold Drinks & Juices,1,726.41,Wallet,On Time,2023,November,28
9353512235,2023-11-29 11:12:59,97277696,652118,Instant & Frozen Food,3,66.12,Cash,On Time,2023,November,29
6539196955,2024-05-27 08:15:29,58974323,914071,Snacks & Munchies,3,890.8199999999999,Wallet,Significantly Delayed,2024,May,27
7886908865,2023-04-07 02:53:46,1529180,449106,Personal Care,1,48.55,UPI,On Time,2023,April,7
7548844176,2023-05-12 17:23:18,12088552,962591,Cold Drinks & Juices,2,260.02,Card,On Time,2023,May,12
3375735380,2024-06-15 04:48:21,93735495,432617,Baby Care,1,863.18,Wallet,On Time,2024,June,15
32604190,2023-12-08 09:08:03,51503088,812607,Fruits & Vegetables,3,1249.9499999999998,Wallet,On Time,2023,December,8
5731985133,2024-06-21 09:35:10,80696046,327290,Grocery & Staples,2,1724.56,UPI,Slightly Delayed,2024,June,21
7586577278,2023-11-24 07:41:51,63360864,961614,Snacks & Munchies,3,681.66,UPI,On Time,2023,November,24
7765930124,2024-10-14 07:40:20,82179338,552883,Fruits & Vegetables,3,2664.48,Wallet,On Time,2024,October,14
299059193,2024-05-04 09:02:25,26805477,567671,Snacks & Munchies,2,836.96,UPI,On Time,2024,May,4
135053432,2023-04-24 13:30:15,10796846,500739,Dairy & Breakfast,1,359.98,Wallet,On Time,2023,April,24
9618593702,2024-03-31 09:26:46,29451600,140489,Personal Care,2,1300.4,Card,Slightly Delayed,2024,March,31
2802699236,2024-05-08 21:07:08,83262890,723678,Pet Care,1,675.46,Wallet,Significantly Delayed,2024,May,8
2044567188,2023-05-19 10:27:52,4988545,194682,Cold Drinks & Juices,2,1824.58,Card,On Time,2023,May,19
913489768,2023-06-27 00:50:04,57833505,451933,Grocery & Staples,3,1706.8200000000002,Cash,On Time,2023,June,27
6856986497,2024-02-19 15:44:34,3421258,328457,Cold Drinks & Juices,3,2575.71,Cash,On Time,2024,February,19
7292898570,2024-09-05 22:34:37,26285589,970529,Baby Care,2,1654.88,Wallet,Significantly Delayed,2024,September,5
6223087303,2024-08-05 15:22:23,65570302,784673,Pet Care,2,982.78,Card,On Time,2024,August,5
403352765,2024-09-30 08:32:46,4057678,537274,Pet Care,1,702.71,Wallet,Slightly Delayed,2024,September,30
7004560997,2024-09-20 02:11:27,81994445,644847,Grocery & Staples,2,1245.62,Cash,Slightly Delayed,2024,September,20
8159868515,2024-04-12 11:43:17,2558646,564692,Pet Care,1,215.65,UPI,On Time,2024,April,12
8854320668,2023-11-17 08:24:06,67918495,123983,Pharmacy,3,2357.0099999999998,UPI,On Time,2023,November,17
2285302205,2024-08-25 09:54:40,13251137,970529,Baby Care,3,2482.32,Wallet,On Time,2024,August,25
5160584867,2024-06-02 18:31:20,34897081,672059,Personal Care,2,1345.46,Cash,On Time,2024,June,2
4314105605,2024-07-12 18:30:17,34787383,953175,Baby Care,3,675.63,Wallet,On Time,2024,July,12
9895756835,2024-10-09 15:05:40,10694081,378230,Snacks & Munchies,2,332.84,Card,Significantly Delayed,2024,October,9
1975300826,2024-09-25 18:01:36,35885052,36412,Household Care,3,1193.04,Wallet,On Time,2024,September,25
2214666083,2024-08-13 17:16:09,66427343,435929,Household Care,2,1713.78,Cash,On Time,2024,August,13
4735339432,2024-03-04 03:07:09,29653387,540618,Snacks & Munchies,1,317.05,Cash,On Time,2024,March,4
9863540120,2023-07-14 00:40:25,33675108,124290,Personal Care,1,39.65,Cash,Slightly Delayed,2023,July,14
8789376461,2023-09-17 01:06:07,28394354,903336,Grocery & Staples,2,1103.76,Wallet,Significantly Delayed,2023,September,17
4784591220,2024-10-29 03:28:37,88923048,146840,Dairy & Breakfast,2,1573.7,Wallet,On Time,2024,October,29
6759658833,2023-09-29 07:08:55,84377964,587645,Pharmacy,3,2405.43,UPI,On Time,2023,September,29
1241631129,2024-04-26 21:15:08,3897936,820973,Baby Care,1,114.52,UPI,On Time,2024,April,26
8803314647,2024-08-17 04:42:54,93938425,367391,Baby Care,3,2818.6499999999996,UPI,On Time,2024,August,17
1016410657,2023-11-01 23:05:16,32830199,798639,Dairy & Breakfast,2,422.5,Card,On Time,2023,November,1
8284240513,2023-04-05 11:28:45,949062,39154,Fruits & Vegetables,3,2840.58,Card,On Time,2023,April,5
343239069,2024-02-12 17:28:06,41439103,455083,Dairy & Breakfast,3,2877.0299999999997,UPI,On Time,2024,February,12
3941137932,2024-02-28 14:12:32,84929351,385113,Personal Care,2,1632.76,Wallet,Significantly Delayed,2024,February,28
8955573840,2023-07-28 08:17:26,21461764,880510,Dairy & Breakfast,1,951.43,Cash,Slightly Delayed,2023,July,28
6832435511,2023-04-18 15:30:02,62971413,739534,Household Care,3,2983.68,Cash,On Time,2023,April,18
3014319697,2023-08-27 05:03:40,28428852,712003,Cold Drinks & Juices,2,1343.36,Cash,On Time,2023,August,27
7367717333,2023-07-30 10:15:56,11047835,679321,Cold Drinks & Juices,3,2215.38,Card,On Time,2023,July,30
9389677233,2024-08-10 12:35:37,99714944,891833,Dairy & Breakfast,3,1479.57,Cash,Slightly Delayed,2024,August,10
2929883167,2023-12-05 16:41:49,41146001,39154,Fruits & Vegetables,1,946.86,UPI,Slightly Delayed,2023,December,5
9045592834,2024-10-30 16:52:05,84119685,473647,Personal Care,2,86.1,Cash,On Time,2024,October,30
7128308885,2023-12-14 10:38:06,76604145,673058,Pharmacy,2,1531.52,Cash,Slightly Delayed,2023,December,14
2060028411,2023-11-15 18:55:20,27694927,240179,Pharmacy,2,181.12,Wallet,On Time,2023,November,15
3856301920,2024-07-05 04:07:34,63339001,4452,Baby Care,1,169.88,Wallet,Significantly Delayed,2024,July,5
7248479077,2023-09-23 13:27:01,31940833,306177,Instant & Frozen Food,2,1538.48,UPI,On Time,2023,September,23
2738466605,2024-08-23 05:00:22,49147776,378287,Cold Drinks & Juices,3,998.52,Card,On Time,2024,August,23
9801353230,2023-05-18 12:01:40,96853930,112390,Personal Care,1,877.98,Wallet,Slightly Delayed,2023,May,18
2103613260,2024-07-01 19:49:37,67528368,449106,Personal Care,2,97.1,Card,On Time,2024,July,1
7624166218,2024-01-04 00:23:02,29525287,39154,Fruits & Vegetables,1,946.86,UPI,On Time,2024,January,4
4692680597,2023-06-20 22:49:37,97185284,18035,Household Care,3,2906.82,Card,On Time,2023,June,20
2028074931,2024-06-23 17:52:51,33998721,673058,Pharmacy,3,2297.2799999999997,Cash,On Time,2024,June,23
6247819401,2023-03-30 06:00:33,57526322,256783,Pet Care,1,906.54,Cash,On Time,2023,March,30
6299879620,2023-11-10 17:37:35,48160359,481843,Snacks & Munchies,2,595.36,Card,Slightly Delayed,2023,November,10
3398014747,2023-06-15 06:52:20,87823209,604184,Household Care,2,795.1,Cash,On Time,2023,June,15
4526087670,2023-11-03 06:17:43,54923640,803607,Personal Care,2,1899.46,UPI,On Time,2023,November,3
4473653758,2024-08-26 16:17:59,4597433,880510,Dairy & Breakfast,3,2854.29,Cash,On Time,2024,August,26
1286821727,2024-08-04 02:44:11,32003512,771228,Pet Care,3,249.54000000000002,UPI,On Time,2024,August,4
5566617391,2024-08-21 19:41:28,81822935,757274,Pet Care,1,98.32,Cash,Slightly Delayed,2024,August,21
6630935939,2024-10-31 10:29:04,67708491,833557,Dairy & Breakfast,1,422.87,UPI,On Time,2024,October,31
8676443273,2024-05-24 10:53:46,47215976,144124,Household Care,1,162.67,Wallet,Significantly Delayed,2024,May,24
439562091,2024-04-26 18:16:10,36400756,753354,Personal Care,3,1270.68,Cash,On Time,2024,April,26
7361440096,2024-02-12 12:22:30,82529927,991434,Snacks & Munchies,2,475.24,Card,Significantly Delayed,2024,February,12
2480611325,2024-02-25 16:24:49,30823988,684939,Personal Care,1,727.95,Cash,Slightly Delayed,2024,February,25
5091640382,2024-01-31 06:58:29,64141971,741341,Dairy & Breakfast,3,2771.52,Card,On Time,2024,January,31
1443292147,2024-04-16 03:18:14,8395610,131136,Grocery & Staples,3,113.39999999999999,Wallet,On Time,2024,April,16
3342653518,2023-07-22 07:35:00,6319646,53833,Grocery & Staples,2,269.38,UPI,On Time,2023,July,22
3836073957,2023-07-16 18:18:15,54952806,455755,Household Care,2,88.18,Card,Slightly Delayed,2023,July,16
4192669219,2024-04-22 03:00:28,44589829,812607,Fruits & Vegetables,1,416.65,Wallet,On Time,2024,April,22
6922121165,2024-01-04 07:51:02,97928781,256783,Pet Care,2,1813.08,UPI,Significantly Delayed,2024,January,4
4850653474,2024-03-05 03:41:52,66932104,398340,Instant & Frozen Food,1,651.93,UPI,On Time,2024,March,5
1229660813,2023-11-02 19:30:52,54748429,642612,Pet Care,2,1034.06,UPI,Significantly Delayed,2023,November,2
5194396051,2024-10-26 18:11:47,12338529,925482,Instant & Frozen Food,3,1425.1200000000001,Cash,On Time,2024,October,26
8971899775,2024-03-04 12:09:15,92118758,186168,Pet Care,1,878.8,Wallet,On Time,2024,March,4
5619049608,2024-05-06 13:10:05,56572297,451812,Pharmacy,3,1592.5500000000002,Card,Significantly Delayed,2024,May,6
9943996342,2023-09-12 22:57:10,3282647,954722,Instant & Frozen Food,2,1232.9,UPI,On Time,2023,September,12
4548721519,2024-08-20 23:28:40,93018527,876139,Grocery & Staples,1,415.75,Wallet,On Time,2024,August,20
6211537502,2023-09-06 23:08:44,2164524,349294,Fruits & Vegetables,2,1869.5,Wallet,Significantly Delayed,2023,September,6
347093563,2024-09-23 13:17:00,31026200,313754,Snacks & Munchies,3,409.79999999999995,Card,Significantly Delayed,2024,September,23
1855924568,2024-08-20 22:49:00,33472376,455755,Household Care,2,88.18,Card,On Time,2024,August,20
5914484553,2023-11-17 16:40:52,4378755,969851,Instant & Frozen Food,3,1021.98,UPI,On Time,2023,November,17
8068903161,2024-02-14 22:15:46,11705793,473647,Personal Care,1,43.05,Wallet,On Time,2024,February,14
2147159735,2023-05-13 03:52:37,50527764,123983,Pharmacy,1,785.67,UPI,On Time,2023,May,13
9006983686,2023-10-10 00:41:04,68063317,305754,Instant & Frozen Food,3,2939.9700000000003,Card,Slightly Delayed,2023,October,10
7606134274,2024-05-28 12:31:28,69034027,451812,Pharmacy,1,530.85,Card,Slightly Delayed,2024,May,28
4034750827,2023-06-24 04:04:24,10019218,690565,Snacks & Munchies,1,951.27,Wallet,On Time,2023,June,24
851062565,2024-03-15 11:23:08,49457685,901144,Grocery & Staples,2,680.72,Cash,Slightly Delayed,2024,March,15
4283323746,2023-11-01 03:01:34,93321933,642612,Pet Care,1,517.03,Wallet,Slightly Delayed,2023,November,1
7842390585,2023-10-11 12:35:31,6637282,287070,Grocery & Staples,1,443.17,Wallet,On Time,2023,October,11
2449548943,2023-09-23 11:24:05,68486301,124290,Personal Care,3,118.94999999999999,Wallet,Slightly Delayed,2023,September,23
7067924535,2023-11-28 02:51:41,95371787,679284,Pharmacy,2,1755.78,Cash,Significantly Delayed,2023,November,28
1602291242,2023-03-29 09:40:52,19581959,131937,Instant & Frozen Food,3,863.4300000000001,Wallet,On Time,2023,March,29
7067630786,2023-09-28 08:03:14,75082508,481843,Snacks & Munchies,2,595.36,Card,On Time,2023,September,28
9726762425,2023-08-13 21:45:44,75674671,137909,Pharmacy,3,2592.8999999999996,Wallet,On Time,2023,August,13
1129887168,2024-02-16 03:22:08,21201299,77308,Fruits & Vegetables,1,223.27,Wallet,On Time,2024,February,16
3371892236,2024-05-06 17:18:58,81763298,425341,Pet Care,2,972.56,Wallet,On Time,2024,May,6
6532953824,2024-11-02 11:49:30,93924203,473647,Personal Care,1,43.05,Cash,Significantly Delayed,2024,November,2
252964377,2024-05-31 08:22:32,89531595,240179,Pharmacy,2,181.12,Cash,On Time,2024,May,31
6270495384,2023-09-11 22:37:29,12272282,51036,Baby Care,3,2794.83,Cash,On Time,2023,September,11
2450770184,2023-08-11 09:00:48,45323391,385113,Personal Care,1,816.38,Wallet,Slightly Delayed,2023,August,11
7543192113,2023-12-28 05:43:03,82898985,114414,Pharmacy,1,832.06,Cash,Slightly Delayed,2023,December,28
9890817032,2023-04-24 06:21:47,12967305,487065,Snacks & Munchies,2,749.36,Card,On Time,2023,April,24
183165359,2023-05-24 06:47:39,73098723,762527,Snacks & Munchies,3,2070.2400000000002,Wallet,Significantly Delayed,2023,May,24
2136907826,2023-12-21 14:21:21,7591711,11422,Fruits & Vegetables,2,254.32,Wallet,On Time,2023,December,21
2801605687,2024-03-04 21:19:44,16561710,681063,Cold Drinks & Juices,3,963.8399999999999,Card,On Time,2024,March,4
8869292457,2024-09-25 04:22:43,12851610,567671,Snacks & Munchies,1,418.48,Card,On Time,2024,September,25
5414471648,2023-05-20 03:22:51,46741896,337168,Dairy & Breakfast,2,1090.98,Card,On Time,2023,May,20
7827370415,2023-06-23 12:23:20,97770901,448752,Household Care,3,480.21,Wallet,Slightly Delayed,2023,June,23
7216662926,2024-07-11 21:59:50,76327561,820973,Baby Care,2,229.04,Cash,On Time,2024,July,11
349410429,2024-01-29 01:59:54,42514124,34186,Fruits & Vegetables,3,2776.95,Wallet,On Time,2024,January,29
8512030806,2024-10-26 11:26:17,77768189,991434,Snacks & Munchies,1,237.62,Card,Slightly Delayed,2024,October,26
8003807551,2024-08-25 11:46:42,76917159,354409,Grocery & Staples,1,325.08,Cash,On Time,2024,August,25
274320517,2024-08-23 04:13:36,18567760,153019,Fruits & Vegetables,2,1895.9,Wallet,On Time,2024,August,23
2150447285,2024-06-13 10:24:40,93370787,18035,Household Care,3,2906.82,UPI,On Time,2024,June,13
5089385450,2023-06-16 14:35:44,33608451,726958,Pet Care,2,1774.96,UPI,Slightly Delayed,2023,June,16
8622799862,2024-02-10 02:57:56,5386246,679865,Grocery & Staples,1,347.91,Card,On Time,2024,February,10
2773034272,2024-06-27 04:28:30,36400756,6405,Baby Care,2,473.02,Wallet,On Time,2024,June,27
4028266143,2023-03-16 08:31:08,19216141,937542,Grocery & Staples,3,291.12,Card,On Time,2023,March,16
9691888826,2023-10-31 16:21:00,54680459,57405,Baby Care,1,607.67,Card,On Time,2023,October,31
8891340263,2024-09-02 00:09:24,87718744,623234,Instant & Frozen Food,3,989.3700000000001,Wallet,On Time,2024,September,2
1149293318,2023-11-25 20:09:17,43459807,925482,Instant & Frozen Food,3,1425.1200000000001,UPI,On Time,2023,November,25
1288695184,2023-10-03 01:31:18,46885873,264803,Pharmacy,2,1991.96,Wallet,On Time,2023,October,3
5229336544,2023-09-22 20:53:29,72857290,692985,Grocery & Staples,3,592.17,Wallet,Slightly Delayed,2023,September,22
196885435,2023-06-25 02:20:56,88045094,451812,Pharmacy,2,1061.7,Wallet,On Time,2023,June,25
6961457996,2024-10-26 21:31:39,89704218,18035,Household Care,3,2906.82,UPI,On Time,2024,October,26
5059907679,2024-04-18 11:47:40,65963876,723678,Pet Care,3,2026.38,Card,Slightly Delayed,2024,April,18
9046226901,2024-02-28 07:15:01,38728779,954722,Instant & Frozen Food,3,1849.3500000000001,UPI,On Time,2024,February,28
515408216,2023-12-25 09:36:58,3408982,51036,Baby Care,1,931.61,UPI,Slightly Delayed,2023,December,25
9048597167,2024-06-17 02:18:01,75510747,661577,Pet Care,1,720.95,Wallet,Significantly Delayed,2024,June,17
4308216668,2024-07-11 05:59:50,6335221,990993,Snacks & Munchies,2,527.4,UPI,Significantly Delayed,2024,July,11
8671875127,2023-06-05 01:39:19,13383642,15314,Dairy & Breakfast,2,1157.7,Wallet,On Time,2023,June,5
9622968817,2023-06-12 22:58:47,96042320,537274,Pet Care,3,2108.13,Card,On Time,2023,June,12
7832599414,2023-08-07 07:16:25,18889370,490602,Grocery & Staples,1,549.47,UPI,On Time,2023,August,7
5533307028,2023-05-27 10:39:37,21577948,67197,Dairy & Breakfast,1,552.2,UPI,On Time,2023,May,27
752185231,2024-03-02 04:01:30,24633671,659290,Dairy & Breakfast,1,319.34,Wallet,On Time,2024,March,2
5859787209,2024-09-30 06:06:12,8628482,131136,Grocery & Staples,2,75.6,Cash,Slightly Delayed,2024,September,30
1736713150,2024-01-07 10:03:34,46741896,661577,Pet Care,1,720.95,Cash,Slightly Delayed,2024,January,7
3620570172,2024-04-16 18:25:09,25829710,57405,Baby Care,1,607.67,Card,Significantly Delayed,2024,April,16
5758119413,2024-10-10 09:25:22,22694456,642612,Pet Care,3,1551.09,Wallet,Slightly Delayed,2024,October,10
2204489775,2024-05-03 01:11:36,79257353,679865,Grocery & Staples,2,695.82,Card,On Time,2024,May,3
5881059783,2023-08-01 10:03:31,2219590,112390,Personal Care,3,2633.94,Cash,On Time,2023,August,1
9475167773,2023-07-24 17:30:20,48418662,487931,Grocery & Staples,2,1418.16,Cash,Slightly Delayed,2023,July,24
4635228647,2023-08-27 19:34:49,6459100,131136,Grocery & Staples,2,75.6,UPI,On Time,2023,August,27
8394536341,2024-08-17 07:51:09,6459100,257719,Dairy & Breakfast,1,281.73,Cash,Slightly Delayed,2024,August,17
4726427550,2024-02-04 22:57:07,93699264,487065,Snacks & Munchies,2,749.36,Card,Slightly Delayed,2024,February,4
5387935727,2023-10-02 04:06:47,22694456,532965,Instant & Frozen Food,3,921.69,UPI,On Time,2023,October,2
1886705751,2023-04-19 18:50:45,73393269,734789,Snacks & Munchies,1,395.82,Wallet,On Time,2023,April,19
4224014067,2023-05-15 12:01:24,85218071,679865,Grocery & Staples,2,695.82,Cash,On Time,2023,May,15
8726515908,2024-10-01 16:00:07,82900175,34186,Fruits & Vegetables,2,1851.3,Wallet,On Time,2024,October,1
7388091459,2024-10-16 15:30:51,10562528,832348,Snacks & Munchies,1,831.43,Card,Slightly Delayed,2024,October,16
9320256091,2024-01-11 17:10:03,32595806,382511,Dairy & Breakfast,2,1405.08,Card,On Time,2024,January,11
3872093894,2023-11-01 11:42:45,67729191,18035,Household Care,2,1937.88,Cash,Significantly Delayed,2023,November,1
992848455,2024-09-18 12:49:11,44269569,435929,Household Care,2,1713.78,Card,On Time,2024,September,18
4458723519,2024-09-01 17:25:55,38902882,970529,Baby Care,2,1654.88,Wallet,On Time,2024,September,1
7755662096,2024-01-30 12:43:24,10700664,799952,Dairy & Breakfast,3,2767.92,Cash,Slightly Delayed,2024,January,30
5779793224,2024-05-13 01:56:10,95971469,537274,Pet Care,3,2108.13,Card,On Time,2024,May,13
8253576531,2023-08-22 19:11:32,57063557,361361,Snacks & Munchies,2,1652.42,Cash,Slightly Delayed,2023,August,22
4993169316,2024-07-10 16:56:35,90649019,243235,Pet Care,3,327.09000000000003,Cash,Slightly Delayed,2024,July,10
828017545,2024-03-12 02:25:14,12622901,264803,Pharmacy,3,2987.94,UPI,Slightly Delayed,2024,March,12
2012368621,2024-07-21 04:32:17,71252391,991434,Snacks & Munchies,1,237.62,Card,On Time,2024,July,21
6603205997,2024-05-17 07:11:11,37702698,604184,Household Care,2,795.1,Card,On Time,2024,May,17
833581472,2023-08-19 15:33:38,31026200,455083,Dairy & Breakfast,3,2877.0299999999997,UPI,Slightly Delayed,2023,August,19
8755782101,2023-12-30 16:40:51,50557979,961614,Snacks & Munchies,3,681.66,Cash,On Time,2023,December,30
1049830215,2024-08-06 01:47:05,44828791,349294,Fruits & Vegetables,2,1869.5,Wallet,Slightly Delayed,2024,August,6
2399383238,2023-11-09 18:09:39,79789048,114414,Pharmacy,1,832.06,UPI,On Time,2023,November,9
143399998,2024-10-17 13:55:44,46686696,187399,Instant & Frozen Food,2,106.98,UPI,Slightly Delayed,2024,October,17
2444273306,2024-06-27 18:21:46,32003512,679284,Pharmacy,3,2633.67,UPI,On Time,2024,June,27
1309618968,2023-04-04 19:47:37,91228580,487931,Grocery & Staples,3,2127.2400000000002,Cash,On Time,2023,April,4
3972788794,2024-03-26 00:03:04,67708491,561860,Cold Drinks & Juices,1,874.78,Wallet,On Time,2024,March,26
2356073413,2024-03-16 23:23:24,29902416,451812,Pharmacy,1,530.85,Card,Slightly Delayed,2024,March,16
3775683944,2024-07-31 20:55:35,57217288,741341,Dairy & Breakfast,3,2771.52,UPI,On Time,2024,July,31
8994776653,2023-12-22 05:55:24,3002538,487065,Snacks & Munchies,3,1124.04,UPI,Slightly Delayed,2023,December,22
8124075720,2024-10-11 15:31:32,46741896,659290,Dairy & Breakfast,1,319.34,Wallet,On Time,2024,October,11
5534171862,2023-11-19 00:38:11,97664747,611575,Instant & Frozen Food,1,482.06,UPI,Slightly Delayed,2023,November,19
4825558658,2024-08-11 23:00:07,41008070,542300,Snacks & Munchies,3,766.05,Wallet,On Time,2024,August,11
1541676341,2023-08-26 23:35:13,73660582,833557,Dairy & Breakfast,2,845.74,Cash,Slightly Delayed,2023,August,26
5360755658,2023-06-22 01:02:47,68341636,647462,Personal Care,2,652.84,Cash,On Time,2023,June,22
844328418,2023-04-11 21:39:16,29584848,799459,Pharmacy,3,2556.06,Card,Significantly Delayed,2023,April,11
1843468816,2023-07-03 03:03:59,55425478,952124,Fruits & Vegetables,3,381.24,Cash,On Time,2023,July,3
3771484570,2023-08-15 20:43:06,60319216,378287,Cold Drinks & Juices,1,332.84,UPI,On Time,2023,August,15
2458783424,2023-06-02 16:45:09,1497747,820973,Baby Care,3,343.56,Card,On Time,2023,June,2
2272849018,2024-11-04 00:15:51,6982488,871592,Fruits & Vegetables,1,870.29,UPI,On Time,2024,November,4
8549503132,2023-03-29 10:49:35,63238941,349294,Fruits & Vegetables,2,1869.5,Cash,On Time,2023,March,29
4032847942,2024-09-28 04:10:41,10857389,264803,Pharmacy,2,1991.96,Wallet,On Time,2024,September,28
8224665612,2023-07-16 12:34:40,27727819,425341,Pet Care,3,1458.84,Wallet,On Time,2023,July,16
8007222259,2024-02-05 01:14:16,31940833,120532,Grocery & Staples,2,1395.06,Card,On Time,2024,February,5
3522030676,2023-06-01 15:26:41,46313756,365132,Instant & Frozen Food,2,458.76,Wallet,Slightly Delayed,2023,June,1
3224743071,2023-10-04 19:59:38,17805991,600767,Personal Care,3,2167.2599999999998,Cash,On Time,2023,October,4
7474790671,2023-10-13 18:57:52,43256928,52729,Pet Care,3,948.06,Cash,Slightly Delayed,2023,October,13
7884745950,2024-04-09 21:50:29,13585482,305754,Instant & Frozen Food,1,979.99,Cash,On Time,2024,April,9
8269502930,2024-06-01 02:03:06,11616535,762527,Snacks & Munchies,2,1380.16,UPI,On Time,2024,June,1
985347383,2024-05-22 19:09:02,50080663,440875,Baby Care,2,550.06,UPI,On Time,2024,May,22
5932091553,2024-10-22 11:07:22,80571942,9436,Personal Care,2,176.86,Card,Slightly Delayed,2024,October,22
69932727,2024-08-28 16:10:09,83236183,753354,Personal Care,3,1270.68,Wallet,On Time,2024,August,28
2715027145,2024-05-25 03:48:02,26903313,677542,Household Care,3,637.83,Cash,Slightly Delayed,2024,May,25
5234261944,2023-06-30 20:23:31,18113428,291238,Snacks & Munchies,1,746.03,Wallet,On Time,2023,June,30
2818967815,2024-04-08 21:17:51,74212242,56589,Pharmacy,2,1035.54,Cash,Significantly Delayed,2024,April,8
1598213217,2023-08-09 12:40:16,37947202,51036,Baby Care,3,2794.83,Wallet,On Time,2023,August,9
9087747856,2024-05-28 19:41:00,31681710,256783,Pet Care,2,1813.08,Cash,Slightly Delayed,2024,May,28
9606925547,2024-03-10 20:52:16,45659330,89084,Dairy & Breakfast,1,598.83,UPI,On Time,2024,March,10
9866554851,2023-07-03 09:17:58,63793401,561860,Cold Drinks & Juices,1,874.78,Wallet,On Time,2023,July,3
3719294769,2024-08-27 16:53:31,64316806,784827,Baby Care,1,274.25,UPI,On Time,2024,August,27
3576529840,2024-07-15 11:21:51,13383642,606256,Instant & Frozen Food,2,738.56,UPI,Slightly Delayed,2024,July,15
5478986113,2023-04-16 00:26:28,72089140,567671,Snacks & Munchies,1,418.48,UPI,Slightly Delayed,2023,April,16
6724582316,2023-10-28 23:59:05,14991661,324809,Dairy & Breakfast,3,1824.0,Card,On Time,2023,October,28
4391559649,2023-06-25 00:05:02,60904312,123983,Pharmacy,2,1571.34,Wallet,On Time,2023,June,25
9530258400,2023-10-24 23:09:56,84850688,613942,Pet Care,3,1635.0,UPI,On Time,2023,October,24
609162117,2023-09-23 16:00:38,85233498,287070,Grocery & Staples,2,886.34,Cash,Significantly Delayed,2023,September,23
755143077,2023-07-31 08:28:13,6856445,818522,Dairy & Breakfast,2,192.18,Cash,On Time,2023,July,31
5239439928,2023-08-25 08:26:08,67908555,851978,Pharmacy,3,2147.16,Card,Slightly Delayed,2023,August,25
1328248068,2024-05-14 00:59:20,51556553,602241,Snacks & Munchies,1,976.55,Cash,Slightly Delayed,2024,May,14
1440606577,2024-04-30 12:42:45,76917159,992178,Pharmacy,1,632.43,Wallet,On Time,2024,April,30
8884389971,2024-08-18 17:30:59,95858939,945635,Grocery & Staples,1,778.9,UPI,On Time,2024,August,18
7307977336,2023-09-02 08:47:10,95858939,672059,Personal Care,2,1345.46,Cash,On Time,2023,September,2
5953535252,2024-06-08 18:58:00,79630614,871592,Fruits & Vegetables,2,1740.58,UPI,On Time,2024,June,8
6133025410,2023-09-09 09:06:23,6061349,291238,Snacks & Munchies,3,2238.09,Cash,On Time,2023,September,9
798088726,2023-09-07 07:57:54,89699655,949818,Snacks & Munchies,2,966.1,Cash,Slightly Delayed,2023,September,7
3372412988,2024-01-22 20:01:10,89036169,435929,Household Care,3,2570.67,UPI,On Time,2024,January,22
4910060567,2023-04-02 10:43:26,24323106,385113,Personal Care,3,2449.14,UPI,On Time,2023,April,2
8708211566,2023-04-30 20:23:35,38420886,937542,Grocery & Staples,1,97.04,Cash,Slightly Delayed,2023,April,30
2126853184,2024-10-15 20:53:48,92509376,89084,Dairy & Breakfast,3,1796.4900000000002,Cash,Slightly Delayed,2024,October,15
4390795259,2023-09-20 09:46:52,66932104,848226,Fruits & Vegetables,2,419.18,UPI,On Time,2023,September,20
9030686359,2023-05-01 23:02:00,5961261,747801,Household Care,1,277.76,Card,On Time,2023,May,1
8565611606,2024-02-01 04:19:46,85854265,647462,Personal Care,2,652.84,Card,Significantly Delayed,2024,February,1
6782020758,2023-11-30 06:23:19,23380116,555121,Fruits & Vegetables,2,709.82,Cash,On Time,2023,November,30
561884159,2023-09-01 14:23:30,84066402,903336,Grocery & Staples,2,1103.76,Wallet,On Time,2023,September,1
2767430579,2023-10-21 07:51:34,16424635,60619,Cold Drinks & Juices,3,2179.23,Wallet,Slightly Delayed,2023,October,21
5934372451,2023-04-10 01:58:24,56441247,144124,Household Care,2,325.34,Cash,On Time,2023,April,10
6833977302,2023-06-05 04:44:35,97475543,490602,Grocery & Staples,3,1648.41,Wallet,Significantly Delayed,2023,June,5
8396649871,2024-02-27 16:16:35,2517955,953175,Baby Care,3,675.63,UPI,On Time,2024,February,27
1937188757,2023-09-05 02:46:11,57392064,257719,Dairy & Breakfast,3,845.19,Cash,On Time,2023,September,5
3142198801,2024-07-16 01:14:38,49152878,300159,Cold Drinks & Juices,3,133.05,Wallet,On Time,2024,July,16
6087109745,2023-03-18 19:01:19,84824280,679284,Pharmacy,1,877.89,Cash,On Time,2023,March,18
8895262247,2023-03-20 03:14:16,191616,153019,Fruits & Vegetables,1,947.95,Card,Slightly Delayed,2023,March,20
5138524153,2023-08-09 18:06:42,7522036,689769,Instant & Frozen Food,3,139.85999999999999,Card,On Time,2023,August,9
9789995549,2024-01-24 22:05:21,34567918,757274,Pet Care,1,98.32,Cash,On Time,2024,January,24
7485459856,2023-09-15 07:10:58,89784343,455755,Household Care,2,88.18,UPI,On Time,2023,September,15
4033626537,2023-05-03 22:54:44,66943324,89084,Dairy & Breakfast,3,1796.4900000000002,UPI,On Time,2023,May,3
9370915142,2023-10-28 19:29:21,95372766,760828,Pet Care,3,1690.3500000000001,Card,Slightly Delayed,2023,October,28
7211325894,2023-04-21 14:27:48,70976153,56589,Pharmacy,1,517.77,Card,On Time,2023,April,21
3482827003,2023-05-08 14:59:01,77869660,604184,Household Care,2,795.1,Wallet,Slightly Delayed,2023,May,8
6656246719,2024-09-09 13:42:16,19180962,654623,Snacks & Munchies,2,844.28,Wallet,Slightly Delayed,2024,September,9
6092663288,2024-09-28 03:12:58,51341672,818522,Dairy & Breakfast,3,288.27,Cash,On Time,2024,September,28
9346041594,2023-06-08 14:26:52,77559557,491314,Instant & Frozen Food,2,1946.88,Cash,On Time,2023,June,8
9105127475,2023-11-10 13:37:27,87213891,183929,Dairy & Breakfast,3,2216.2200000000003,Card,Slightly Delayed,2023,November,10
6120818381,2024-05-02 00:28:42,34768050,647462,Personal Care,1,326.42,UPI,On Time,2024,May,2
5174370629,2024-07-09 02:51:49,31156674,848226,Fruits & Vegetables,1,209.59,Card,On Time,2024,July,9
3244930036,2023-05-15 01:17:28,67386193,300159,Cold Drinks & Juices,1,44.35,Cash,On Time,2023,May,15
2976493998,2024-10-26 08:38:46,820740,91670,Household Care,3,1317.72,Card,Slightly Delayed,2024,October,26
7971593791,2023-06-14 04:31:45,92209869,146840,Dairy & Breakfast,1,786.85,Wallet,Significantly Delayed,2023,June,14
4052544342,2024-04-30 18:23:36,58214883,222892,Fruits & Vegetables,1,869.22,Cash,Significantly Delayed,2024,April,30
6264003424,2024-08-03 11:28:53,26863280,739448,Household Care,2,1511.32,UPI,On Time,2024,August,3
3436107152,2024-04-04 18:16:56,64141971,378230,Snacks & Munchies,1,166.42,UPI,On Time,2024,April,4
8546631319,2023-10-30 18:42:37,10541231,863930,Personal Care,2,485.14,Wallet,On Time,2023,October,30
640960551,2023-06-09 02:50:17,34237583,52729,Pet Care,1,316.02,Cash,On Time,2023,June,9
1141173434,2023-11-24 04:24:42,5961261,53833,Grocery & Staples,1,134.69,Wallet,Slightly Delayed,2023,November,24
528309380,2024-04-30 10:59:53,52409516,118820,Cold Drinks & Juices,2,24.64,Wallet,Slightly Delayed,2024,April,30
2387509904,2024-07-26 00:01:41,63310076,107548,Cold Drinks & Juices,2,1783.2,Card,On Time,2024,July,26
6791931269,2024-07-05 01:32:45,38133873,567671,Snacks & Munchies,3,1255.44,Wallet,On Time,2024,July,5
4063689432,2023-10-14 03:18:34,6025470,837480,Pharmacy,1,217.4,Cash,On Time,2023,October,14
1206887762,2024-06-19 01:04:43,59909004,366066,Personal Care,2,1837.16,Wallet,Slightly Delayed,2024,June,19
6409437174,2023-12-06 13:00:16,3399251,767398,Household Care,3,66.42,Wallet,Significantly Delayed,2023,December,6
1355164713,2023-09-03 15:15:59,28995786,131937,Instant & Frozen Food,3,863.4300000000001,Card,On Time,2023,September,3
2604772138,2024-05-21 11:26:22,15144290,36412,Household Care,2,795.36,Cash,On Time,2024,May,21
5868093790,2023-04-05 23:55:52,61618079,67197,Dairy & Breakfast,2,1104.4,Card,On Time,2023,April,5
10161194,2023-12-24 23:10:35,63238941,382511,Dairy & Breakfast,1,702.54,Card,On Time,2023,December,24
8930380639,2023-10-03 02:51:58,98540377,107548,Cold Drinks & Juices,1,891.6,UPI,On Time,2023,October,3
2247940574,2024-04-09 07:42:54,11202130,679284,Pharmacy,3,2633.67,Card,On Time,2024,April,9
6190907327,2023-11-03 00:35:52,64151769,18035,Household Care,3,2906.82,Card,On Time,2023,November,3
127277515,2023-09-30 08:18:09,35455991,654297,Fruits & Vegetables,3,39.75,Card,On Time,2023,September,30
8209093135,2023-10-30 06:16:40,2558646,91670,Household Care,2,878.48,Card,On Time,2023,October,30
4419380079,2023-12-15 15:15:19,1989720,567671,Snacks & Munchies,1,418.48,Cash,Slightly Delayed,2023,December,15
2954606845,2024-10-26 08:39:43,14294171,376447,Dairy & Breakfast,3,2174.52,Wallet,On Time,2024,October,26
5128739359,2024-07-25 03:49:30,57081917,131748,Pet Care,1,81.35,Cash,On Time,2024,July,25
8183315245,2024-02-27 15:17:56,80499378,990993,Snacks & Munchies,2,527.4,UPI,Slightly Delayed,2024,February,27
8820606892,2023-04-13 05:56:54,8395343,689769,Instant & Frozen Food,3,139.85999999999999,Cash,On Time,2023,April,13
7779228340,2023-06-09 09:44:03,8395343,942001,Pet Care,3,2014.6499999999999,Cash,On Time,2023,June,9
8459230018,2024-06-02 23:56:31,50899600,4452,Baby Care,1,169.88,UPI,On Time,2024,June,2
7060468800,2024-07-03 03:43:39,83867512,112390,Personal Care,2,1755.96,Wallet,Slightly Delayed,2024,July,3
218821567,2024-03-08 20:49:16,95428692,589812,Household Care,3,489.09000000000003,Cash,On Time,2024,March,8
7795766861,2023-05-10 23:35:01,79135318,140154,Personal Care,1,171.2,Wallet,On Time,2023,May,10
4285804383,2023-05-01 02:15:15,23755474,890232,Cold Drinks & Juices,2,864.0,Card,Slightly Delayed,2023,May,1
5961051248,2024-10-28 20:12:29,20834589,880510,Dairy & Breakfast,3,2854.29,Cash,On Time,2024,October,28
5630323534,2024-03-08 13:40:09,98218863,425341,Pet Care,1,486.28,Cash,Slightly Delayed,2024,March,8
4642824835,2024-07-07 02:41:18,76327561,672059,Personal Care,3,2018.19,Cash,On Time,2024,July,7
3060527554,2024-03-27 15:50:30,75213636,378230,Snacks & Munchies,3,499.26,UPI,Slightly Delayed,2024,March,27
4048252396,2024-04-12 19:45:15,75213636,451933,Grocery & Staples,2,1137.88,Wallet,On Time,2024,April,12
1271431612,2024-04-16 13:05:31,18082040,679321,Cold Drinks & Juices,1,738.46,Cash,Slightly Delayed,2024,April,16
8981940261,2024-05-24 18:51:34,31537100,552496,Household Care,2,1016.0,Cash,On Time,2024,May,24
3896239510,2023-05-19 13:05:59,90856813,739448,Household Care,3,2266.98,Card,Slightly Delayed,2023,May,19
711316410,2024-02-20 10:15:11,25587553,305754,Instant & Frozen Food,3,2939.9700000000003,Cash,On Time,2024,February,20
9863502398,2023-12-19 09:35:31,31619915,673058,Pharmacy,2,1531.52,Card,On Time,2023,December,19
293770293,2023-09-20 05:43:04,45066676,876139,Grocery & Staples,1,415.75,UPI,On Time,2023,September,20
890800429,2024-03-28 02:58:31,95594611,376447,Dairy & Breakfast,1,724.84,Cash,On Time,2024,March,28
1270503169,2024-07-09 11:42:13,8791577,6405,Baby Care,2,473.02,Wallet,On Time,2024,July,9
168180571,2023-03-16 14:50:01,89910157,136533,Dairy & Breakfast,1,826.21,Cash,Slightly Delayed,2023,March,16
111296281,2024-05-28 15:17:09,28413467,378230,Snacks & Munchies,3,499.26,UPI,On Time,2024,May,28
7329085364,2023-06-07 21:24:43,53392567,969851,Instant & Frozen Food,1,340.66,Wallet,On Time,2023,June,7
1129130498,2023-12-01 16:38:53,62243869,378676,Cold Drinks & Juices,1,881.42,Card,On Time,2023,December,1
996939836,2024-05-15 12:53:16,23794330,993331,Grocery & Staples,2,204.88,UPI,On Time,2024,May,15
8263379807,2023-04-16 11:33:52,14479168,131136,Grocery & Staples,3,113.39999999999999,UPI,On Time,2023,April,16
5735975899,2023-09-14 07:37:08,83304571,611575,Instant & Frozen Food,3,1446.18,Card,On Time,2023,September,14
9651034668,2024-09-07 09:46:29,70615775,669378,Fruits & Vegetables,3,636.42,Cash,On Time,2024,September,7
3103539793,2023-07-30 23:53:19,75244116,771228,Pet Care,1,83.18,Cash,On Time,2023,July,30
1611921781,2023-06-01 13:00:30,48776805,123983,Pharmacy,3,2357.0099999999998,Card,On Time,2023,June,1
7532381028,2023-03-21 19:55:00,73392739,925482,Instant & Frozen Food,2,950.08,Cash,On Time,2023,March,21
7803665404,2023-05-27 23:22:57,63571453,516376,Fruits & Vegetables,1,877.43,UPI,On Time,2023,May,27
466184886,2023-08-16 22:52:34,40277444,451812,Pharmacy,3,1592.5500000000002,Card,On Time,2023,August,16
4692518050,2024-03-29 00:13:21,46989310,70969,Fruits & Vegetables,2,1263.4,Card,On Time,2024,March,29
9408428,2023-08-30 13:34:14,31456752,124290,Personal Care,1,39.65,UPI,On Time,2023,August,30
8766330526,2023-04-14 13:16:47,85907588,704868,Household Care,3,580.38,Cash,On Time,2023,April,14
9221423039,2024-10-27 13:36:06,42208242,707935,Pet Care,2,1641.8,Wallet,On Time,2024,October,27
4268661538,2023-10-24 03:46:33,22694456,952124,Fruits & Vegetables,1,127.08,Cash,On Time,2023,October,24
1378809665,2023-03-18 19:45:58,52409516,771228,Pet Care,3,249.54000000000002,Wallet,On Time,2023,March,18
4917941248,2024-05-19 04:01:01,83701325,764014,Grocery & Staples,1,612.04,Cash,On Time,2024,May,19
5132792285,2024-04-10 14:07:17,19080489,516376,Fruits & Vegetables,2,1754.86,Wallet,On Time,2024,April,10
3776678112,2023-12-09 22:30:33,34655710,14145,Fruits & Vegetables,1,630.84,Cash,Significantly Delayed,2023,December,9
6940411801,2023-07-01 21:55:34,59009727,89084,Dairy & Breakfast,1,598.83,UPI,Slightly Delayed,2023,July,1
7422521525,2024-03-16 01:39:27,92509376,952124,Fruits & Vegetables,2,254.16,Card,On Time,2024,March,16
4419022028,2023-12-13 09:25:07,23961725,491521,Snacks & Munchies,2,1112.7,UPI,On Time,2023,December,13
8016651984,2023-04-30 06:35:41,90745023,131748,Pet Care,1,81.35,Card,On Time,2023,April,30
2361722422,2023-04-27 09:53:35,89412038,848226,Fruits & Vegetables,3,628.77,Wallet,On Time,2023,April,27
1001453982,2023-07-31 04:57:56,34668988,557908,Pharmacy,3,2827.11,Cash,Slightly Delayed,2023,July,31
9093918346,2024-03-31 22:52:56,74038361,91670,Household Care,3,1317.72,UPI,On Time,2024,March,31
3969014433,2023-08-09 13:04:23,61982521,679865,Grocery & Staples,1,347.91,UPI,On Time,2023,August,9
9684561720,2023-09-04 11:40:25,61121421,398340,Instant & Frozen Food,3,1955.79,Cash,On Time,2023,September,4
7031115362,2024-10-25 07:48:29,27878182,274207,Pharmacy,2,657.02,UPI,Significantly Delayed,2024,October,25
8204766849,2024-07-29 02:53:06,76020843,709916,Household Care,1,33.76,Card,Significantly Delayed,2024,July,29
2785412612,2024-03-18 21:22:29,60210778,764014,Grocery & Staples,3,1836.12,Card,On Time,2024,March,18
2624138741,2024-04-18 01:09:21,31718565,82484,Baby Care,3,2744.64,Cash,On Time,2024,April,18
748376248,2023-08-29 00:41:18,66766629,194682,Cold Drinks & Juices,3,2736.87,Cash,On Time,2023,August,29
6096787440,2023-03-18 12:00:39,25128143,478531,Fruits & Vegetables,3,2476.38,Card,On Time,2023,March,18
8787660233,2024-05-26 07:16:36,90586029,672059,Personal Care,2,1345.46,Card,Slightly Delayed,2024,May,26
3845481278,2023-07-05 05:55:10,63870636,487931,Grocery & Staples,3,2127.2400000000002,Card,On Time,2023,July,5
4636134267,2024-02-28 19:30:45,57642258,228286,Cold Drinks & Juices,3,537.24,Card,Slightly Delayed,2024,February,28
4538825340,2024-04-05 10:26:34,45700739,124290,Personal Care,2,79.3,Cash,On Time,2024,April,5
4553101047,2024-05-31 23:11:12,39301587,937542,Grocery & Staples,3,291.12,Wallet,On Time,2024,May,31
2193853405,2023-05-30 20:49:41,42208242,448752,Household Care,2,320.14,UPI,Slightly Delayed,2023,May,30
1642059453,2023-08-12 05:14:33,7378768,70969,Fruits & Vegetables,1,631.7,Card,On Time,2023,August,12
5890339330,2024-05-21 16:19:30,2188994,891833,Dairy & Breakfast,2,986.38,Wallet,On Time,2024,May,21
313663478,2024-02-21 16:55:20,6959437,14145,Fruits & Vegetables,1,630.84,Wallet,On Time,2024,February,21
8591576320,2023-07-29 06:28:49,79916464,692985,Grocery & Staples,2,394.78,UPI,On Time,2023,July,29
4728104591,2023-11-06 02:50:03,31389750,537274,Pet Care,2,1405.42,Wallet,On Time,2023,November,6
8276401643,2024-10-17 06:18:51,88252625,833557,Dairy & Breakfast,1,422.87,Card,On Time,2024,October,17
8709694061,2024-10-17 11:15:32,6724509,337168,Dairy & Breakfast,2,1090.98,UPI,Slightly Delayed,2024,October,17
4080156881,2024-04-03 18:42:51,97770901,300159,Cold Drinks & Juices,2,88.7,Cash,On Time,2024,April,3
7485829116,2024-03-30 13:45:50,49050014,500633,Dairy & Breakfast,2,309.0,Card,On Time,2024,March,30
7378865582,2023-05-23 18:01:13,30643619,661577,Pet Care,3,2162.8500000000004,Card,On Time,2023,May,23
335575667,2023-09-07 06:07:54,32929817,77308,Fruits & Vegetables,3,669.8100000000001,Card,On Time,2023,September,7
1621109077,2024-03-25 17:49:50,87450286,557908,Pharmacy,1,942.37,Card,Slightly Delayed,2024,March,25
7468088555,2023-05-10 11:30:56,21697638,654623,Snacks & Munchies,1,422.14,Cash,On Time,2023,May,10
3676517886,2024-06-08 19:12:48,57505804,473647,Personal Care,3,129.14999999999998,Wallet,Slightly Delayed,2024,June,8
1746921111,2024-08-28 18:31:18,56604077,642612,Pet Care,2,1034.06,Card,On Time,2024,August,28
7774691391,2023-07-20 08:34:35,42514124,82484,Baby Care,2,1829.76,Cash,On Time,2023,July,20
8220678247,2024-06-23 18:23:45,63858550,361361,Snacks & Munchies,1,826.21,Cash,On Time,2024,June,23
6048604080,2023-09-06 02:01:23,98218863,799459,Pharmacy,3,2556.06,Cash,On Time,2023,September,6
8545716586,2024-01-12 13:17:31,98540377,697683,Household Care,2,247.48,Wallet,Slightly Delayed,2024,January,12
530870056,2024-08-15 12:59:18,39140039,764014,Grocery & Staples,1,612.04,UPI,On Time,2024,August,15
4055690435,2023-04-05 02:02:30,15568831,120385,Pet Care,3,1793.73,Cash,On Time,2023,April,5
7096530350,2024-06-26 04:19:57,97411107,927651,Baby Care,3,1280.16,Card,On Time,2024,June,26
7083649345,2023-05-20 10:11:53,75464725,555121,Fruits & Vegetables,3,1064.73,Wallet,On Time,2023,May,20
836457367,2024-06-02 05:56:22,2365348,937542,Grocery & Staples,2,194.08,Wallet,Significantly Delayed,2024,June,2
7698126312,2023-10-31 03:35:39,1705969,136533,Dairy & Breakfast,1,826.21,UPI,Slightly Delayed,2023,October,31
2267297760,2024-01-29 11:49:19,5754255,448752,Household Care,1,160.07,Cash,On Time,2024,January,29
1717841423,2024-01-31 20:29:40,87954926,965755,Fruits & Vegetables,1,532.57,Wallet,Slightly Delayed,2024,January,31
4330597536,2023-04-11 14:50:09,40563029,537274,Pet Care,1,702.71,Wallet,On Time,2023,April,11
3687593721,2023-05-16 22:20:38,61121421,990993,Snacks & Munchies,1,263.7,Wallet,Slightly Delayed,2023,May,16
6660740926,2024-05-24 16:36:21,119099,378230,Snacks & Munchies,3,499.26,Card,Slightly Delayed,2024,May,24
9439713009,2024-04-22 02:53:06,4439806,455755,Household Care,1,44.09,UPI,On Time,2024,April,22
5281121057,2023-08-20 22:24:44,67908555,681063,Cold Drinks & Juices,3,963.8399999999999,Cash,Slightly Delayed,2023,August,20
7044351561,2023-09-19 16:19:53,91024604,51036,Baby Care,1,931.61,Card,On Time,2023,September,19
9121393476,2023-08-01 08:04:38,57896058,219598,Personal Care,3,1101.24,UPI,On Time,2023,August,1
7202170939,2024-01-13 13:46:21,50518311,991434,Snacks & Munchies,3,712.86,Cash,On Time,2024,January,13
1429047127,2023-12-09 20:37:38,18465047,847349,Fruits & Vegetables,3,2343.2400000000002,Card,Significantly Delayed,2023,December,9
8551965787,2024-10-16 11:19:47,8383197,34186,Fruits & Vegetables,1,925.65,Wallet,On Time,2024,October,16
6756882357,2024-06-23 09:48:26,83155219,26060,Pharmacy,3,1028.82,UPI,On Time,2024,June,23
618929241,2023-10-02 21:26:22,53624677,542300,Snacks & Munchies,1,255.35,UPI,Significantly Delayed,2023,October,2
9711157887,2024-01-03 18:21:23,46615831,679284,Pharmacy,1,877.89,Wallet,On Time,2024,January,3
354149805,2024-04-17 21:44:47,41164215,382511,Dairy & Breakfast,3,2107.62,Cash,On Time,2024,April,17
231328814,2024-04-19 04:03:27,25287111,820541,Household Care,3,1728.66,Wallet,Slightly Delayed,2024,April,19
523916986,2024-09-19 07:46:51,66761643,799459,Pharmacy,2,1704.04,Cash,On Time,2024,September,19
1930887811,2023-08-10 04:55:14,12302179,602241,Snacks & Munchies,2,1953.1,UPI,On Time,2023,August,10
9958741781,2024-08-26 01:43:47,95971469,818522,Dairy & Breakfast,2,192.18,Wallet,Slightly Delayed,2024,August,26
6727230123,2024-10-19 12:16:02,26303194,6405,Baby Care,3,709.53,Cash,Significantly Delayed,2024,October,19
9487368442,2023-08-09 18:34:10,50899600,992178,Pharmacy,2,1264.86,Card,On Time,2023,August,9
671459763,2024-06-23 14:18:16,50630016,133542,Household Care,3,205.46999999999997,Cash,On Time,2024,June,23
9129957352,2023-09-06 16:47:31,95971469,451812,Pharmacy,2,1061.7,UPI,On Time,2023,September,6
9206073690,2024-06-07 18:00:15,19425804,991434,Snacks & Munchies,3,712.86,UPI,On Time,2024,June,7
5587148302,2024-09-23 21:07:03,32635818,18035,Household Care,2,1937.88,Cash,On Time,2024,September,23
6936256414,2024-06-23 03:12:15,72263318,564692,Pet Care,3,646.95,UPI,On Time,2024,June,23
3341228576,2023-05-05 02:09:40,91196901,140489,Personal Care,3,1950.6000000000001,Wallet,Slightly Delayed,2023,May,5
4817323453,2023-09-07 06:40:32,75028268,949818,Snacks & Munchies,2,966.1,Cash,On Time,2023,September,7
1163454835,2023-12-06 05:40:58,50392139,373536,Pet Care,2,988.34,UPI,On Time,2023,December,6
5236061455,2023-04-06 23:50:19,48158494,532965,Instant & Frozen Food,3,921.69,Cash,On Time,2023,April,6
5982829268,2023-04-01 04:32:39,90038364,478531,Fruits & Vegetables,3,2476.38,Cash,On Time,2023,April,1
1901688056,2023-09-13 16:06:06,16780752,704868,Household Care,2,386.92,Card,On Time,2023,September,13
5936051107,2024-10-21 14:47:16,83304462,798639,Dairy & Breakfast,1,211.25,Wallet,Slightly Delayed,2024,October,21
3018272105,2023-03-21 02:48:16,18465047,585299,Pet Care,3,2398.38,UPI,On Time,2023,March,21
3656191983,2023-08-16 23:04:52,59252433,313754,Snacks & Munchies,3,409.79999999999995,Card,On Time,2023,August,16
5186692805,2023-11-08 14:57:16,97678578,144124,Household Care,2,325.34,Card,Significantly Delayed,2023,November,8
7281243151,2023-08-30 09:48:17,13581527,611575,Instant & Frozen Food,1,482.06,Wallet,On Time,2023,August,30
7906004940,2023-04-27 17:09:57,65963876,194682,Cold Drinks & Juices,1,912.29,Wallet,On Time,2023,April,27
6354703603,2024-05-17 21:51:08,63310076,992178,Pharmacy,3,1897.29,Wallet,On Time,2024,May,17
6444064733,2023-10-11 11:08:17,80571942,217710,Dairy & Breakfast,3,175.77,Wallet,On Time,2023,October,11
2405783093,2023-03-18 08:18:44,36428139,623234,Instant & Frozen Food,2,659.58,UPI,On Time,2023,March,18
63363146,2023-07-12 01:33:45,16410155,136533,Dairy & Breakfast,2,1652.42,Cash,Slightly Delayed,2023,July,12
7040313500,2024-10-14 15:16:37,90298394,256783,Pet Care,3,2719.62,Wallet,On Time,2024,October,14
5844807259,2023-10-14 02:32:22,45477575,448752,Household Care,1,160.07,Cash,On Time,2023,October,14
1931703221,2023-05-08 08:40:11,62917794,876139,Grocery & Staples,1,415.75,Card,On Time,2023,May,8
3525336030,2023-04-12 22:46:00,89998489,18035,Household Care,1,968.94,Cash,Slightly Delayed,2023,April,12
4359807852,2024-04-11 10:38:01,81136091,564692,Pet Care,1,215.65,Cash,On Time,2024,April,11
6946959356,2023-12-15 21:46:35,13963450,461804,Grocery & Staples,2,621.38,Wallet,Slightly Delayed,2023,December,15
782338627,2024-09-08 05:46:37,73639935,349294,Fruits & Vegetables,1,934.75,Wallet,Significantly Delayed,2024,September,8
4942714391,2024-01-19 22:51:15,25294147,455755,Household Care,3,132.27,Card,On Time,2024,January,19
919307194,2024-01-07 15:22:00,11928321,140154,Personal Care,2,342.4,Wallet,Significantly Delayed,2024,January,7
6509263423,2024-01-20 12:11:50,29324437,615545,Personal Care,1,448.16,Cash,On Time,2024,January,20
7200105089,2023-11-29 07:16:18,24845814,298985,Pharmacy,1,183.76,UPI,Slightly Delayed,2023,November,29
7120372196,2024-08-10 17:23:00,40727086,669378,Fruits & Vegetables,2,424.28,Card,Slightly Delayed,2024,August,10
8710393245,2024-07-21 11:07:08,32564478,112390,Personal Care,1,877.98,Wallet,On Time,2024,July,21
8862036450,2024-01-03 12:27:59,7228206,954722,Instant & Frozen Food,1,616.45,UPI,On Time,2024,January,3
2087769338,2024-06-08 06:23:34,8536503,18035,Household Care,3,2906.82,Cash,On Time,2024,June,8
3349267712,2023-09-25 00:54:21,85354059,532965,Instant & Frozen Food,3,921.69,Cash,Slightly Delayed,2023,September,25
1689937124,2024-01-17 05:53:44,21701991,903336,Grocery & Staples,3,1655.6399999999999,Wallet,On Time,2024,January,17
4498769995,2024-01-23 02:23:29,84275450,681063,Cold Drinks & Juices,2,642.56,Card,On Time,2024,January,23
3729771871,2023-11-10 10:50:42,79592021,578097,Snacks & Munchies,2,535.22,UPI,On Time,2023,November,10
9065518834,2024-06-17 17:12:43,61877649,319388,Cold Drinks & Juices,2,1315.6,Card,On Time,2024,June,17
7524465290,2024-01-06 15:42:03,22851478,684939,Personal Care,3,2183.8500000000004,Card,Slightly Delayed,2024,January,6
2319921666,2024-05-01 11:42:02,97150234,839170,Dairy & Breakfast,1,481.63,Card,On Time,2024,May,1
9541612277,2024-03-31 06:34:45,5001749,306177,Instant & Frozen Food,1,769.24,Card,On Time,2024,March,31
6303548068,2024-06-30 00:12:33,31846190,925482,Instant & Frozen Food,1,475.04,Card,Slightly Delayed,2024,June,30
5867651793,2023-11-09 11:37:19,64197854,927651,Baby Care,3,1280.16,Wallet,On Time,2023,November,9
6405947025,2024-09-28 21:59:52,19375332,894539,Household Care,2,890.96,Cash,On Time,2024,September,28
2150790907,2023-08-16 13:03:49,12655794,833557,Dairy & Breakfast,3,1268.6100000000001,Card,Slightly Delayed,2023,August,16
212856641,2024-11-02 10:51:18,51994597,26060,Pharmacy,1,342.94,Cash,On Time,2024,November,2
1686508921,2024-07-22 22:17:01,47215976,659290,Dairy & Breakfast,3,958.02,Wallet,On Time,2024,July,22
5879579208,2024-09-10 10:51:59,41261495,757274,Pet Care,1,98.32,Wallet,Slightly Delayed,2024,September,10
1882682579,2023-05-13 23:08:40,44050697,587645,Pharmacy,3,2405.43,Wallet,On Time,2023,May,13
8370410622,2024-06-01 13:09:54,10663246,63769,Personal Care,2,1756.14,Cash,On Time,2024,June,1
368599691,2024-10-22 16:16:46,44030130,890232,Cold Drinks & Juices,1,432.0,Wallet,On Time,2024,October,22
9282982332,2024-09-12 22:13:08,97873848,739534,Household Care,2,1989.12,Card,On Time,2024,September,12
4874880100,2024-09-09 22:56:26,67271824,274207,Pharmacy,1,328.51,UPI,On Time,2024,September,9
102639985,2023-08-27 06:58:21,40392019,89084,Dairy & Breakfast,2,1197.66,Wallet,On Time,2023,August,27
5288207551,2023-09-10 18:49:17,53299455,760684,Grocery & Staples,2,143.2,Wallet,Slightly Delayed,2023,September,10
693932743,2023-06-06 20:28:15,57658033,300159,Cold Drinks & Juices,2,88.7,Card,On Time,2023,June,6
2325405669,2024-03-08 23:18:49,20834589,673058,Pharmacy,3,2297.2799999999997,Card,On Time,2024,March,8
8152364696,2023-12-24 13:13:30,90665975,487065,Snacks & Munchies,1,374.68,Wallet,On Time,2023,December,24
7682359398,2024-09-15 04:58:47,36833857,324809,Dairy & Breakfast,1,608.0,Cash,Slightly Delayed,2024,September,15
1742951029,2023-05-07 23:10:50,95371787,954722,Instant & Frozen Food,1,616.45,Cash,Significantly Delayed,2023,May,7
4799787645,2023-10-07 07:11:32,71905368,140154,Personal Care,3,513.5999999999999,Wallet,Significantly Delayed,2023,October,7
8498666384,2024-03-08 17:58:36,37556526,930284,Baby Care,2,378.94,Cash,On Time,2024,March,8
5013572642,2023-05-08 19:20:37,73363613,952124,Fruits & Vegetables,1,127.08,Card,Slightly Delayed,2023,May,8
8403006958,2023-11-27 05:42:29,59398136,433521,Baby Care,2,642.66,UPI,On Time,2023,November,27
4688831157,2024-07-03 23:35:41,13071673,53833,Grocery & Staples,2,269.38,UPI,On Time,2024,July,3
394578210,2023-09-26 05:15:28,88067569,349294,Fruits & Vegetables,3,2804.25,Card,On Time,2023,September,26
8681711802,2023-10-07 07:03:38,36833857,56589,Pharmacy,3,1553.31,UPI,On Time,2023,October,7
9311399064,2023-11-04 21:26:08,20238921,131748,Pet Care,1,81.35,Wallet,On Time,2023,November,4
2620581496,2023-04-21 02:33:11,63092485,34200,Personal Care,2,639.6,Wallet,On Time,2023,April,21
5116898322,2024-07-18 13:26:09,73377004,771228,Pet Care,3,249.54000000000002,UPI,On Time,2024,July,18
5995819849,2023-08-19 04:16:08,34787383,707935,Pet Care,3,2462.7,Wallet,Slightly Delayed,2023,August,19
7690500286,2024-07-12 18:09:22,35349582,18035,Household Care,2,1937.88,Wallet,Slightly Delayed,2024,July,12
6107283203,2024-09-09 20:27:41,87444738,94225,Household Care,1,77.11,Card,On Time,2024,September,9
3170417508,2024-01-10 05:24:05,85561151,942001,Pet Care,3,2014.6499999999999,Cash,Slightly Delayed,2024,January,10
805682701,2023-07-30 22:42:14,33481252,57405,Baby Care,3,1823.0099999999998,UPI,Slightly Delayed,2023,July,30
8960508625,2023-10-07 09:53:49,20163931,970529,Baby Care,1,827.44,Cash,On Time,2023,October,7
5580397726,2023-06-21 04:49:17,62243869,186168,Pet Care,1,878.8,Cash,Significantly Delayed,2023,June,21
1506599381,2024-09-18 04:36:44,77345018,491521,Snacks & Munchies,2,1112.7,Cash,On Time,2024,September,18
8424478165,2023-04-21 18:23:42,27416314,880510,Dairy & Breakfast,1,951.43,Cash,On Time,2023,April,21
6083333956,2023-03-27 06:42:59,45028365,818522,Dairy & Breakfast,1,96.09,Wallet,Slightly Delayed,2023,March,27
9611327860,2024-04-07 17:40:20,6335221,487931,Grocery & Staples,2,1418.16,Cash,On Time,2024,April,7
9539444766,2023-11-04 07:59:03,97873848,63769,Personal Care,3,2634.21,Wallet,On Time,2023,November,4
756168939,2024-07-05 18:33:40,54923640,4452,Baby Care,1,169.88,Cash,On Time,2024,July,5
7762624518,2024-08-26 21:19:15,22738465,171602,Cold Drinks & Juices,1,883.44,Card,Slightly Delayed,2024,August,26
3681781563,2023-11-18 10:23:31,4940671,112390,Personal Care,3,2633.94,Wallet,On Time,2023,November,18
1571085226,2024-04-07 00:35:53,78961097,991434,Snacks & Munchies,3,712.86,Cash,Slightly Delayed,2024,April,7
4244306883,2024-03-03 10:25:44,2584499,604184,Household Care,3,1192.65,Card,Slightly Delayed,2024,March,3
7333141591,2024-03-15 16:47:34,69415494,876139,Grocery & Staples,3,1247.25,Wallet,Significantly Delayed,2024,March,15
1199945706,2024-01-08 19:31:33,70867736,970529,Baby Care,1,827.44,UPI,On Time,2024,January,8
5895644119,2023-06-11 14:12:56,1603358,382511,Dairy & Breakfast,2,1405.08,Wallet,On Time,2023,June,11
7112919210,2024-02-01 21:59:31,55693909,6405,Baby Care,1,236.51,Card,On Time,2024,February,1
8315937318,2024-05-08 17:34:39,64497538,962054,Cold Drinks & Juices,1,16.86,Card,Slightly Delayed,2024,May,8
5331800057,2023-03-29 01:21:40,65488134,990993,Snacks & Munchies,3,791.0999999999999,Wallet,Slightly Delayed,2023,March,29
5989265505,2024-03-15 04:11:36,62742797,228286,Cold Drinks & Juices,2,358.16,Card,On Time,2024,March,15
7906361274,2023-09-03 18:32:54,96795047,33955,Instant & Frozen Food,3,558.24,Cash,On Time,2023,September,3
6312476146,2024-01-27 19:44:55,35988028,433521,Baby Care,1,321.33,Card,Slightly Delayed,2024,January,27
9436272631,2024-05-18 02:42:09,44410149,613942,Pet Care,3,1635.0,Wallet,On Time,2024,May,18
8289791792,2024-01-26 14:45:19,61516967,552883,Fruits & Vegetables,2,1776.32,Card,On Time,2024,January,26
7659532788,2024-02-01 20:59:31,22112867,451812,Pharmacy,2,1061.7,Card,On Time,2024,February,1
1498157233,2024-02-08 06:24:38,19180962,673058,Pharmacy,2,1531.52,Card,On Time,2024,February,8
8560951754,2023-05-17 18:13:02,954629,942001,Pet Care,3,2014.6499999999999,Card,Slightly Delayed,2023,May,17
8764192824,2023-07-24 08:49:59,64823226,673058,Pharmacy,2,1531.52,Wallet,Slightly Delayed,2023,July,24
1900542981,2023-03-25 18:31:16,11254582,704868,Household Care,1,193.46,Card,On Time,2023,March,25
9445683691,2023-11-12 20:03:13,41878908,799688,Personal Care,3,928.86,UPI,Significantly Delayed,2023,November,12
7719808335,2023-04-26 17:45:53,48358028,491521,Snacks & Munchies,1,556.35,Wallet,On Time,2023,April,26
4865644960,2023-09-11 08:45:57,50484778,490939,Personal Care,1,80.25,Wallet,Slightly Delayed,2023,September,11
6518276143,2024-01-25 23:09:31,70965437,53833,Grocery & Staples,2,269.38,Cash,On Time,2024,January,25
2211459584,2023-12-25 14:20:44,73869823,114414,Pharmacy,1,832.06,Card,On Time,2023,December,25
6811633572,2024-06-26 14:28:44,7728406,491314,Instant & Frozen Food,3,2920.32,Cash,On Time,2024,June,26
1821573240,2024-04-10 16:28:04,32019725,876139,Grocery & Staples,3,1247.25,Card,On Time,2024,April,10
8848227434,2023-06-17 14:04:33,12988801,723678,Pet Care,3,2026.38,Cash,On Time,2023,June,17
7812276711,2023-03-25 06:09:39,67465084,306177,Instant & Frozen Food,3,2307.7200000000003,Cash,Slightly Delayed,2023,March,25
939966106,2023-05-02 09:45:13,42012717,354409,Grocery & Staples,3,975.24,UPI,On Time,2023,May,2
4099108156,2024-04-10 04:21:01,24144240,94225,Household Care,2,154.22,Card,On Time,2024,April,10
5684182622,2024-03-03 16:17:14,29095552,833557,Dairy & Breakfast,1,422.87,UPI,On Time,2024,March,3
4916740946,2023-10-29 19:15:31,69240186,712307,Cold Drinks & Juices,3,794.67,UPI,On Time,2023,October,29
9732307600,2024-01-31 08:46:13,81757554,144124,Household Care,1,162.67,Wallet,On Time,2024,January,31
9280329883,2023-09-10 23:04:56,60904312,784827,Baby Care,3,822.75,UPI,Slightly Delayed,2023,September,10
4284285927,2024-08-04 21:00:58,92843141,673058,Pharmacy,1,765.76,UPI,On Time,2024,August,4
8701796,2024-08-19 19:01:44,14479168,672059,Personal Care,2,1345.46,Cash,Slightly Delayed,2024,August,19
6834734512,2023-08-31 23:13:56,40727086,137909,Pharmacy,2,1728.6,UPI,On Time,2023,August,31
7127377458,2023-03-26 15:37:19,99406165,448752,Household Care,3,480.21,Wallet,Slightly Delayed,2023,March,26
4754481356,2023-08-14 18:23:06,84161531,124290,Personal Care,3,118.94999999999999,Card,On Time,2023,August,14
4726007482,2023-08-30 11:52:03,93924203,284460,Fruits & Vegetables,3,1517.85,Cash,On Time,2023,August,30
2320560482,2024-02-18 13:07:26,27709218,557908,Pharmacy,1,942.37,Card,On Time,2024,February,18
1456550348,2024-05-02 00:22:28,39674723,566052,Pharmacy,1,87.3,UPI,On Time,2024,May,2
5370744569,2023-08-23 13:35:26,61522288,478531,Fruits & Vegetables,1,825.46,Cash,Slightly Delayed,2023,August,23
5819887962,2024-03-03 00:31:47,49433260,186168,Pet Care,3,2636.3999999999996,Wallet,Significantly Delayed,2024,March,3
1929465827,2023-12-13 12:44:12,19556566,647462,Personal Care,1,326.42,UPI,On Time,2023,December,13
9430139302,2024-02-09 07:52:50,59329145,120532,Grocery & Staples,1,697.53,UPI,On Time,2024,February,9
3632715912,2024-08-18 17:15:12,66135710,679321,Cold Drinks & Juices,3,2215.38,UPI,On Time,2024,August,18
3356214803,2024-06-08 22:01:14,66655397,888807,Dairy & Breakfast,3,691.74,Wallet,On Time,2024,June,8
2277864850,2024-10-30 04:15:24,73377004,513199,Cold Drinks & Juices,2,844.46,Cash,On Time,2024,October,30
1754472592,2024-06-11 01:55:09,33331259,847349,Fruits & Vegetables,3,2343.2400000000002,Card,On Time,2024,June,11
1833208408,2023-08-16 07:23:25,49881540,194682,Cold Drinks & Juices,3,2736.87,Cash,On Time,2023,August,16
6567954047,2023-07-09 09:53:02,21809858,954722,Instant & Frozen Food,2,1232.9,Cash,Significantly Delayed,2023,July,9
9409585531,2023-04-03 06:11:57,2414265,448752,Household Care,3,480.21,Wallet,Slightly Delayed,2023,April,3
731371161,2024-09-25 09:55:55,57566548,927651,Baby Care,1,426.72,Wallet,Significantly Delayed,2024,September,25
7863496069,2024-02-09 18:51:29,63802820,349294,Fruits & Vegetables,3,2804.25,Card,Slightly Delayed,2024,February,9
9043955242,2024-04-13 05:06:04,92123198,56589,Pharmacy,3,1553.31,Cash,Significantly Delayed,2024,April,13
8257564936,2024-03-31 08:04:53,15897933,516376,Fruits & Vegetables,1,877.43,Card,On Time,2024,March,31
7487631571,2024-04-12 17:09:51,77397957,120532,Grocery & Staples,3,2092.59,Cash,Slightly Delayed,2024,April,12
4243307535,2024-07-04 21:42:31,8886587,592784,Snacks & Munchies,2,560.7,UPI,Slightly Delayed,2024,July,4
5490221933,2023-06-21 12:46:33,41155125,563740,Snacks & Munchies,1,96.33,Cash,On Time,2023,June,21
577600718,2024-04-06 03:39:44,72857290,120385,Pet Care,1,597.91,Card,Slightly Delayed,2024,April,6
1815462789,2023-09-09 04:46:10,47618810,679865,Grocery & Staples,3,1043.73,UPI,Slightly Delayed,2023,September,9
896786012,2023-08-18 05:36:14,99156138,747801,Household Care,3,833.28,UPI,Slightly Delayed,2023,August,18
2610552179,2024-06-26 11:29:47,98225598,67197,Dairy & Breakfast,1,552.2,Cash,On Time,2024,June,26
6244718082,2024-05-22 14:09:40,2400009,60619,Cold Drinks & Juices,3,2179.23,Card,On Time,2024,May,22
1837634871,2023-05-06 13:36:50,98241853,652118,Instant & Frozen Food,2,44.08,Cash,Slightly Delayed,2023,May,6
8684571382,2023-10-04 22:34:08,94033330,240179,Pharmacy,1,90.56,Cash,On Time,2023,October,4
1659181364,2023-08-26 23:39:59,27513158,94225,Household Care,2,154.22,UPI,Slightly Delayed,2023,August,26
5626641031,2024-05-19 01:30:02,65426878,952124,Fruits & Vegetables,1,127.08,Card,On Time,2024,May,19
1589326447,2024-01-27 14:34:02,77961205,647462,Personal Care,3,979.26,Card,On Time,2024,January,27
5018325783,2024-02-11 04:22:54,52862822,367391,Baby Care,3,2818.6499999999996,Cash,On Time,2024,February,11
5111073873,2024-02-02 19:36:40,75984768,962054,Cold Drinks & Juices,2,33.72,Cash,On Time,2024,February,2
5953426781,2023-12-10 11:26:07,79135318,532965,Instant & Frozen Food,1,307.23,UPI,On Time,2023,December,10
8966870214,2024-02-27 21:30:02,59518795,131136,Grocery & Staples,3,113.39999999999999,UPI,Slightly Delayed,2024,February,27
6962915277,2024-09-14 10:42:22,54748429,540618,Snacks & Munchies,2,634.1,Wallet,On Time,2024,September,14
4309308088,2023-12-02 20:28:56,18642306,120532,Grocery & Staples,2,1395.06,Wallet,On Time,2023,December,2
5391068200,2023-11-20 04:03:06,68159723,659290,Dairy & Breakfast,3,958.02,Wallet,On Time,2023,November,20
4394681222,2024-03-28 23:16:24,80517784,952124,Fruits & Vegetables,3,381.24,UPI,Slightly Delayed,2024,March,28
4791895461,2024-08-10 23:44:45,63793401,425341,Pet Care,3,1458.84,Card,Significantly Delayed,2024,August,10
7272011740,2024-09-16 12:33:23,54139038,848226,Fruits & Vegetables,1,209.59,Cash,On Time,2024,September,16
87784691,2024-09-29 00:51:06,92583164,70969,Fruits & Vegetables,2,1263.4,Wallet,On Time,2024,September,29
4939105270,2023-11-02 02:45:13,2164524,444361,Pharmacy,3,2467.89,Cash,On Time,2023,November,2
4622303035,2023-08-03 11:10:02,55060796,880510,Dairy & Breakfast,2,1902.86,Wallet,On Time,2023,August,3
3460208027,2024-04-19 21:38:18,78725001,709916,Household Care,2,67.52,UPI,On Time,2024,April,19
2548125971,2023-11-05 21:58:39,7228206,183929,Dairy & Breakfast,1,738.74,Cash,On Time,2023,November,5
2390111460,2023-09-09 21:22:09,70608515,492958,Personal Care,2,168.4,UPI,On Time,2023,September,9
8309485249,2023-12-02 20:34:50,87200291,903336,Grocery & Staples,2,1103.76,UPI,On Time,2023,December,2
8322543480,2024-09-27 02:18:22,34668988,661577,Pet Care,3,2162.8500000000004,Wallet,Significantly Delayed,2024,September,27
2819200158,2023-07-23 14:42:43,64497538,60619,Cold Drinks & Juices,1,726.41,Cash,On Time,2023,July,23
7087151227,2023-11-26 00:53:11,49795571,600767,Personal Care,1,722.42,UPI,On Time,2023,November,26
6704234561,2024-01-03 07:30:25,51833636,962054,Cold Drinks & Juices,1,16.86,Cash,Significantly Delayed,2024,January,3
6998410196,2023-07-25 15:33:47,78748184,365133,Household Care,2,1830.9,Wallet,Slightly Delayed,2023,July,25
707035635,2024-09-29 09:30:51,61618079,677542,Household Care,1,212.61,Wallet,On Time,2024,September,29
543400704,2023-10-27 00:41:23,60300263,767398,Household Care,3,66.42,Card,On Time,2023,October,27
3604694195,2023-09-03 16:21:20,34713143,52729,Pet Care,1,316.02,UPI,On Time,2023,September,3
3560549947,2024-07-21 02:22:15,42465414,913428,Pet Care,2,784.44,Card,Slightly Delayed,2024,July,21
9982178143,2023-12-08 14:07:42,89968482,734789,Snacks & Munchies,1,395.82,Card,Significantly Delayed,2023,December,8
1423646541,2023-12-10 10:34:10,48730063,799952,Dairy & Breakfast,1,922.64,UPI,On Time,2023,December,10
7441941402,2023-12-22 22:14:29,16785724,820973,Baby Care,1,114.52,UPI,On Time,2023,December,22
8395661807,2024-08-19 07:50:08,4386273,120532,Grocery & Staples,3,2092.59,Card,On Time,2024,August,19
5480656353,2024-03-05 19:23:07,11446157,587645,Pharmacy,2,1603.62,Card,On Time,2024,March,5
4561602092,2024-09-18 09:27:09,53624677,306177,Instant & Frozen Food,1,769.24,Cash,On Time,2024,September,18
1695982633,2024-01-13 18:46:50,81382213,481843,Snacks & Munchies,2,595.36,Wallet,On Time,2024,January,13
6309447153,2023-05-18 21:18:34,74212242,853932,Baby Care,2,1882.38,Cash,On Time,2023,May,18
4796733514,2023-04-03 18:31:05,87251489,604184,Household Care,2,795.1,Card,Significantly Delayed,2023,April,3
2858966982,2024-04-25 10:21:37,77214094,734789,Snacks & Munchies,2,791.64,Card,On Time,2024,April,25
6948607495,2024-08-28 09:38:14,18259715,891833,Dairy & Breakfast,1,493.19,UPI,On Time,2024,August,28
4959271803,2024-02-22 01:13:13,11082181,385113,Personal Care,2,1632.76,Wallet,Slightly Delayed,2024,February,22
5669689881,2023-07-11 21:20:37,7728406,448752,Household Care,1,160.07,Cash,Slightly Delayed,2023,July,11
5352265711,2024-02-29 19:33:52,75928073,440875,Baby Care,1,275.03,Wallet,Slightly Delayed,2024,February,29
5498551836,2023-11-02 13:26:20,62243869,871592,Fruits & Vegetables,1,870.29,UPI,On Time,2023,November,2
6556845822,2023-05-13 19:07:16,68692574,799688,Personal Care,1,309.62,UPI,On Time,2023,May,13
5167008199,2024-05-31 21:21:14,76359458,883013,Dairy & Breakfast,1,989.88,UPI,On Time,2024,May,31
966294309,2024-05-02 05:47:11,89619421,654297,Fruits & Vegetables,3,39.75,Card,On Time,2024,May,2
3163611427,2024-01-17 06:25:26,85074810,962591,Cold Drinks & Juices,2,260.02,Cash,On Time,2024,January,17
203136866,2024-06-11 12:26:47,91320466,6405,Baby Care,1,236.51,Wallet,On Time,2024,June,11
1815555165,2023-09-11 11:47:58,58085779,382511,Dairy & Breakfast,1,702.54,Card,On Time,2023,September,11
1874499212,2024-05-30 00:09:01,64162093,697683,Household Care,1,123.74,Cash,On Time,2024,May,30
4012779165,2024-09-16 09:26:48,84641682,462526,Dairy & Breakfast,2,899.94,Wallet,On Time,2024,September,16
3669023899,2024-05-12 09:34:26,81183415,707935,Pet Care,2,1641.8,Card,Slightly Delayed,2024,May,12
9296381620,2024-04-28 01:33:11,50630016,89084,Dairy & Breakfast,2,1197.66,Card,On Time,2024,April,28
2725513934,2023-10-07 06:21:20,54799731,604184,Household Care,3,1192.65,Wallet,On Time,2023,October,7
5564338561,2024-03-31 22:59:21,61226563,257719,Dairy & Breakfast,1,281.73,UPI,On Time,2024,March,31
4701778121,2024-06-06 21:29:44,23348269,700048,Household Care,1,141.28,Wallet,On Time,2024,June,6
9529272337,2023-12-11 00:03:58,29973346,91670,Household Care,1,439.24,UPI,On Time,2023,December,11
869910650,2024-05-27 00:42:52,34755436,451933,Grocery & Staples,1,568.94,UPI,On Time,2024,May,27
2127080399,2024-09-16 14:58:17,84468124,222892,Fruits & Vegetables,3,2607.66,Card,Slightly Delayed,2024,September,16
3547439109,2023-04-13 00:22:45,33481252,706112,Pharmacy,3,1436.3700000000001,Cash,On Time,2023,April,13
997535715,2023-03-27 11:18:08,21409946,606256,Instant & Frozen Food,1,369.28,Wallet,On Time,2023,March,27
2442453181,2023-03-26 07:24:46,16543242,146840,Dairy & Breakfast,2,1573.7,Card,On Time,2023,March,26
1182120536,2024-05-26 15:40:32,4386273,9436,Personal Care,1,88.43,Cash,On Time,2024,May,26
2819297954,2024-04-07 15:53:26,5540556,500739,Dairy & Breakfast,2,719.96,Cash,On Time,2024,April,7
9870956079,2023-10-26 07:26:28,39423691,937542,Grocery & Staples,1,97.04,Card,On Time,2023,October,26
6032675432,2024-09-29 05:08:49,63368244,60619,Cold Drinks & Juices,2,1452.82,Wallet,On Time,2024,September,29
329790912,2024-08-04 10:24:41,76925460,305754,Instant & Frozen Food,1,979.99,Cash,On Time,2024,August,4
6459815532,2023-05-16 21:39:22,43295656,951463,Pet Care,3,2362.2,Card,Slightly Delayed,2023,May,16
9214523757,2023-10-20 21:30:45,59619739,243235,Pet Care,3,327.09000000000003,Card,On Time,2023,October,20
9450279027,2023-09-30 04:35:00,38694209,367391,Baby Care,2,1879.1,Card,On Time,2023,September,30
6265551101,2023-11-13 21:52:45,38568692,890623,Fruits & Vegetables,2,709.04,Cash,On Time,2023,November,13
4138526838,2023-10-25 00:11:05,33871107,555121,Fruits & Vegetables,2,709.82,Cash,Slightly Delayed,2023,October,25
8005579633,2023-08-16 05:25:22,89617089,992178,Pharmacy,2,1264.86,UPI,Significantly Delayed,2023,August,16
3442984170,2024-09-16 23:33:42,55472026,673058,Pharmacy,2,1531.52,UPI,On Time,2024,September,16
8711550413,2023-05-30 14:19:46,68941950,914071,Snacks & Munchies,3,890.8199999999999,Card,Significantly Delayed,2023,May,30
2509593585,2023-05-05 01:42:01,58111297,186168,Pet Care,3,2636.3999999999996,Cash,On Time,2023,May,5
6126557370,2024-04-20 07:41:40,61982521,563740,Snacks & Munchies,3,288.99,Card,On Time,2024,April,20
9876119035,2023-04-15 01:07:35,29095552,689769,Instant & Frozen Food,3,139.85999999999999,Card,Slightly Delayed,2023,April,15
3739042166,2024-07-23 00:49:03,92416428,642612,Pet Care,3,1551.09,UPI,On Time,2024,July,23
7938944124,2024-03-30 01:54:28,85074810,112390,Personal Care,3,2633.94,UPI,On Time,2024,March,30
506804807,2024-07-10 04:44:45,9107360,470449,Instant & Frozen Food,3,2483.31,UPI,On Time,2024,July,10
3577900599,2024-02-02 08:12:47,28286754,140489,Personal Care,1,650.2,UPI,On Time,2024,February,2
8337599633,2023-11-21 12:48:18,41073776,707935,Pet Care,3,2462.7,Card,On Time,2023,November,21
8611745429,2024-05-12 03:21:52,88045094,146840,Dairy & Breakfast,2,1573.7,Card,On Time,2024,May,12
2990223879,2023-08-11 18:13:54,72359843,373536,Pet Care,2,988.34,Cash,Slightly Delayed,2023,August,11
52324496,2024-02-23 17:32:54,81605722,888807,Dairy & Breakfast,2,461.16,Card,On Time,2024,February,23
6594929133,2023-04-14 09:49:18,45868300,812607,Fruits & Vegetables,1,416.65,Wallet,On Time,2023,April,14
2480235830,2023-09-19 05:40:36,31324823,63769,Personal Care,3,2634.21,Cash,On Time,2023,September,19
9667072962,2023-04-11 20:58:29,50781611,945635,Grocery & Staples,1,778.9,Cash,Slightly Delayed,2023,April,11
277700053,2023-08-15 19:15:25,1174162,552496,Household Care,2,1016.0,UPI,On Time,2023,August,15
5691623788,2024-03-16 18:58:00,60757351,41853,Dairy & Breakfast,1,910.44,Cash,On Time,2024,March,16
6845696161,2023-07-14 07:37:28,37759707,194682,Cold Drinks & Juices,2,1824.58,Cash,Slightly Delayed,2023,July,14
4098488449,2023-03-31 13:33:47,60049160,444361,Pharmacy,3,2467.89,Card,On Time,2023,March,31
5653623743,2023-03-30 08:43:35,96461062,659290,Dairy & Breakfast,3,958.02,Wallet,Significantly Delayed,2023,March,30
6416399784,2023-08-07 02:35:15,34156884,52729,Pet Care,1,316.02,UPI,Slightly Delayed,2023,August,7
4365565386,2023-06-30 04:15:15,54145987,490602,Grocery & Staples,2,1098.94,Card,On Time,2023,June,30
6423269418,2024-08-23 09:56:42,30643619,890232,Cold Drinks & Juices,1,432.0,UPI,Slightly Delayed,2024,August,23
1020534590,2023-12-12 09:55:06,48150243,953175,Baby Care,3,675.63,Wallet,Slightly Delayed,2023,December,12
4015289878,2024-03-22 06:56:23,72489544,692985,Grocery & Staples,1,197.39,Wallet,Slightly Delayed,2024,March,22
9959668334,2024-01-07 08:11:57,80935110,361361,Snacks & Munchies,3,2478.63,Wallet,On Time,2024,January,7
8054387790,2023-05-08 18:33:24,84953008,41853,Dairy & Breakfast,1,910.44,Card,On Time,2023,May,8
4795344310,2024-04-12 15:53:40,91562028,747801,Household Care,3,833.28,Wallet,Significantly Delayed,2024,April,12
2205862234,2023-10-02 13:43:36,52001314,891833,Dairy & Breakfast,2,986.38,Cash,On Time,2023,October,2
4686249863,2024-08-31 03:26:25,21701991,319388,Cold Drinks & Juices,2,1315.6,UPI,On Time,2024,August,31
1270524770,2023-10-11 07:18:40,11478478,679321,Cold Drinks & Juices,1,738.46,Wallet,On Time,2023,October,11
5743550453,2024-05-19 05:04:34,93699264,679284,Pharmacy,2,1755.78,Card,On Time,2024,May,19
5309699078,2023-08-02 17:35:02,81584486,51036,Baby Care,1,931.61,Card,Slightly Delayed,2023,August,2
7565768030,2024-02-10 02:50:25,15830066,833557,Dairy & Breakfast,3,1268.6100000000001,UPI,On Time,2024,February,10
3210260715,2023-04-06 15:05:02,68939350,63769,Personal Care,1,878.07,Card,On Time,2023,April,6
6657245289,2024-05-20 01:54:03,820740,679284,Pharmacy,1,877.89,Card,Significantly Delayed,2024,May,20
7854526965,2023-08-18 07:47:47,48228547,658389,Snacks & Munchies,2,305.1,Cash,Slightly Delayed,2023,August,18
2770948451,2023-04-27 07:44:43,22077605,107548,Cold Drinks & Juices,1,891.6,Wallet,Significantly Delayed,2023,April,27
624070426,2023-10-07 16:47:55,41640262,951463,Pet Care,1,787.4,Cash,On Time,2023,October,7
891583492,2024-04-07 04:49:11,13651980,492958,Personal Care,2,168.4,Card,On Time,2024,April,7
5811206654,2023-05-17 05:17:19,70391758,818990,Fruits & Vegetables,2,327.1,Cash,Slightly Delayed,2023,May,17
809894905,2023-12-28 16:37:59,82374625,537274,Pet Care,2,1405.42,Card,On Time,2023,December,28
8209000496,2023-03-28 19:54:34,63948546,661577,Pet Care,1,720.95,UPI,Slightly Delayed,2023,March,28
4901288364,2023-07-31 22:09:25,44723662,970529,Baby Care,3,2482.32,Wallet,Slightly Delayed,2023,July,31
5890338566,2023-04-29 02:55:02,81337068,690565,Snacks & Munchies,2,1902.54,Cash,On Time,2023,April,29
2745295248,2024-05-28 21:19:44,40643232,760828,Pet Care,1,563.45,Wallet,On Time,2024,May,28
5708700204,2023-05-05 17:48:38,40387944,274207,Pharmacy,2,657.02,UPI,On Time,2023,May,5
8643851643,2023-04-21 01:31:37,57360162,799952,Dairy & Breakfast,2,1845.28,Cash,Significantly Delayed,2023,April,21
4525287277,2023-06-29 00:08:19,74174956,305754,Instant & Frozen Food,1,979.99,Wallet,On Time,2023,June,29
6154459753,2024-06-12 09:13:57,82179338,949818,Snacks & Munchies,3,1449.15,Cash,Slightly Delayed,2024,June,12
2587790388,2024-06-09 18:01:59,45586151,11422,Fruits & Vegetables,3,381.48,Cash,On Time,2024,June,9
2665891587,2024-03-18 15:53:34,86636273,767398,Household Care,2,44.28,Cash,On Time,2024,March,18
6996561687,2024-06-29 04:36:55,3844290,968887,Household Care,2,81.4,Wallet,On Time,2024,June,29
961607638,2023-08-03 23:41:19,55170753,954722,Instant & Frozen Food,2,1232.9,Wallet,Significantly Delayed,2023,August,3
4385491839,2024-06-07 20:25:54,7228206,146840,Dairy & Breakfast,3,2360.55,Cash,On Time,2024,June,7
1279200190,2024-07-10 06:00:41,84468124,291238,Snacks & Munchies,1,746.03,Wallet,Slightly Delayed,2024,July,10
9668698616,2023-11-01 14:10:21,76441843,962054,Cold Drinks & Juices,1,16.86,UPI,On Time,2023,November,1
4813038298,2024-05-23 13:27:54,27304827,500739,Dairy & Breakfast,3,1079.94,UPI,Slightly Delayed,2024,May,23
2030125421,2024-05-03 14:50:27,44477365,222892,Fruits & Vegetables,3,2607.66,Cash,On Time,2024,May,3
6997235339,2024-01-12 08:55:18,87669943,820541,Household Care,1,576.22,Wallet,On Time,2024,January,12
7438342576,2023-05-09 21:58:47,82585664,336847,Household Care,2,1873.96,Card,On Time,2023,May,9
9958423263,2024-03-15 05:55:57,47503133,455755,Household Care,2,88.18,Card,On Time,2024,March,15
3416693628,2024-10-03 00:22:31,52428250,324809,Dairy & Breakfast,3,1824.0,Card,On Time,2024,October,3
3440579647,2024-08-05 15:28:00,89950235,222892,Fruits & Vegetables,1,869.22,UPI,On Time,2024,August,5
5307231496,2024-04-23 06:16:32,14330483,799688,Personal Care,2,619.24,Card,On Time,2024,April,23
4779055734,2023-06-30 05:45:36,36587003,818522,Dairy & Breakfast,3,288.27,UPI,Slightly Delayed,2023,June,30
3834705841,2023-09-09 07:18:51,54375571,432617,Baby Care,1,863.18,Card,Significantly Delayed,2023,September,9
9080324081,2023-05-27 09:14:16,48554440,256783,Pet Care,3,2719.62,Card,On Time,2023,May,27
2500757555,2024-10-27 10:52:42,65488134,284460,Fruits & Vegetables,3,1517.85,UPI,On Time,2024,October,27
1292986566,2023-07-12 03:59:43,47503133,615545,Personal Care,2,896.32,Wallet,On Time,2023,July,12
6602362287,2024-02-01 21:05:56,5961261,642612,Pet Care,2,1034.06,Cash,On Time,2024,February,1
184844043,2023-12-07 05:00:07,33331259,349294,Fruits & Vegetables,3,2804.25,Card,On Time,2023,December,7
936587253,2023-07-18 09:42:45,93699264,462526,Dairy & Breakfast,2,899.94,Card,On Time,2023,July,18
2834429147,2023-10-04 04:52:48,66742602,700048,Household Care,3,423.84000000000003,Wallet,Slightly Delayed,2023,October,4
114306835,2024-02-06 20:32:16,13251137,448752,Household Care,3,480.21,Wallet,On Time,2024,February,6
1675849477,2024-06-11 20:01:49,36998375,679321,Cold Drinks & Juices,2,1476.92,UPI,On Time,2024,June,11
5191052705,2023-06-19 05:32:30,6579892,433521,Baby Care,3,963.99,Cash,On Time,2023,June,19
7068834722,2023-11-19 08:25:33,45314389,654623,Snacks & Munchies,3,1266.42,Cash,On Time,2023,November,19
5051330893,2024-07-04 02:35:20,74230420,425341,Pet Care,1,486.28,Cash,Slightly Delayed,2024,July,4
6065496420,2023-05-16 16:31:53,12277039,500633,Dairy & Breakfast,1,154.5,Cash,Slightly Delayed,2023,May,16
7574848635,2023-06-28 02:18:28,79206969,4452,Baby Care,3,509.64,UPI,Slightly Delayed,2023,June,28
8793868975,2024-02-01 17:22:46,16256136,60619,Cold Drinks & Juices,3,2179.23,UPI,On Time,2024,February,1
5381466176,2023-06-01 20:53:50,64106072,94225,Household Care,1,77.11,UPI,On Time,2023,June,1
7709366480,2024-08-28 02:22:17,91024604,228286,Cold Drinks & Juices,2,358.16,UPI,On Time,2024,August,28
4936667930,2023-06-20 09:49:22,18567760,131136,Grocery & Staples,1,37.8,Wallet,On Time,2023,June,20
6860925755,2023-09-29 09:06:04,14272050,451812,Pharmacy,1,530.85,UPI,On Time,2023,September,29
5486433396,2024-01-20 18:08:10,9278983,891833,Dairy & Breakfast,2,986.38,Cash,On Time,2024,January,20
7089292009,2023-04-05 23:10:17,8791577,613942,Pet Care,1,545.0,UPI,On Time,2023,April,5
5350760367,2023-08-13 06:06:18,25587553,734789,Snacks & Munchies,1,395.82,Card,On Time,2023,August,13
5581769906,2024-04-14 04:04:17,41164215,500739,Dairy & Breakfast,1,359.98,Wallet,Slightly Delayed,2024,April,14
6256637306,2023-11-07 11:20:32,3096845,677169,Pharmacy,3,783.0899999999999,Cash,Slightly Delayed,2023,November,7
2999946056,2024-06-28 10:40:06,92306841,673058,Pharmacy,1,765.76,Wallet,On Time,2024,June,28
5218488175,2024-01-03 20:29:01,57833505,183929,Dairy & Breakfast,2,1477.48,UPI,On Time,2024,January,3
8297436592,2024-10-20 08:34:38,46802633,52729,Pet Care,3,948.06,UPI,On Time,2024,October,20
1806118907,2023-12-25 05:25:12,75752515,500739,Dairy & Breakfast,2,719.96,Wallet,On Time,2023,December,25
6999224625,2023-04-16 00:20:18,49806393,689769,Instant & Frozen Food,3,139.85999999999999,Card,On Time,2023,April,16
1809997641,2023-11-10 10:22:12,48281892,82484,Baby Care,3,2744.64,UPI,Significantly Delayed,2023,November,10
7528090614,2024-06-29 17:56:55,73639935,324809,Dairy & Breakfast,2,1216.0,Card,On Time,2024,June,29
4884904912,2023-08-24 13:58:19,36737539,382511,Dairy & Breakfast,2,1405.08,UPI,On Time,2023,August,24
9811235698,2024-03-02 11:01:48,58929595,837480,Pharmacy,1,217.4,UPI,Slightly Delayed,2024,March,2
5616653529,2023-12-23 03:20:12,52001314,329351,Dairy & Breakfast,2,621.74,Card,On Time,2023,December,23
7188183056,2023-08-06 13:35:22,84953008,455755,Household Care,3,132.27,Wallet,On Time,2023,August,6
7898301143,2023-08-10 21:11:51,73660582,707935,Pet Care,3,2462.7,UPI,On Time,2023,August,10
5222677885,2024-07-15 10:44:09,31582950,256051,Personal Care,2,801.84,Wallet,Slightly Delayed,2024,July,15
8544952346,2023-11-23 04:50:58,61618079,853932,Baby Care,3,2823.57,UPI,On Time,2023,November,23
9403371764,2023-06-08 03:09:50,3096845,9436,Personal Care,3,265.29,Cash,Slightly Delayed,2023,June,8
3956205476,2023-06-12 01:00:49,57892837,36412,Household Care,3,1193.04,Wallet,On Time,2023,June,12
5678362658,2024-07-22 04:48:43,58513300,67197,Dairy & Breakfast,3,1656.6000000000001,Cash,On Time,2024,July,22
8131610255,2024-03-22 15:56:37,90448312,692985,Grocery & Staples,1,197.39,Card,On Time,2024,March,22
4722653990,2023-07-19 15:59:48,95428692,990993,Snacks & Munchies,2,527.4,Cash,On Time,2023,July,19
6613853662,2024-01-26 14:02:11,75474920,183929,Dairy & Breakfast,1,738.74,Cash,Slightly Delayed,2024,January,26
8274987671,2024-10-03 07:49:18,19523014,140489,Personal Care,1,650.2,UPI,On Time,2024,October,3
5519983123,2024-04-11 14:16:22,78678612,449106,Personal Care,1,48.55,Wallet,On Time,2024,April,11
2746329488,2023-08-26 15:58:09,35156679,171602,Cold Drinks & Juices,2,1766.88,Cash,On Time,2023,August,26
6443285614,2023-08-29 03:27:57,2400009,723678,Pet Care,3,2026.38,UPI,On Time,2023,August,29
6932426427,2023-08-01 19:46:04,31384626,832348,Snacks & Munchies,1,831.43,Cash,On Time,2023,August,1
1796512004,2023-06-13 13:37:42,19741509,462526,Dairy & Breakfast,1,449.97,Cash,On Time,2023,June,13
1464518253,2023-07-04 02:15:55,12695670,540618,Snacks & Munchies,1,317.05,Wallet,On Time,2023,July,4
3585105627,2024-10-10 03:43:05,41168392,753354,Personal Care,1,423.56,Card,On Time,2024,October,10
5387247994,2024-04-28 20:22:25,19182548,217710,Dairy & Breakfast,1,58.59,Card,On Time,2024,April,28
7568171531,2023-12-02 12:47:08,46504355,561860,Cold Drinks & Juices,2,1749.56,Wallet,On Time,2023,December,2
4111193446,2024-01-22 09:08:13,85020453,133542,Household Care,3,205.46999999999997,Card,On Time,2024,January,22
8683154153,2024-09-07 06:40:42,89986926,818522,Dairy & Breakfast,2,192.18,Card,On Time,2024,September,7
5712367183,2024-06-13 19:15:19,85763665,329351,Dairy & Breakfast,3,932.61,Cash,Slightly Delayed,2024,June,13
3952854723,2023-09-15 02:34:20,88739922,700048,Household Care,2,282.56,Card,On Time,2023,September,15
4631387671,2024-10-08 08:44:29,86704661,56589,Pharmacy,3,1553.31,UPI,Significantly Delayed,2024,October,8
2145309969,2023-09-17 16:44:19,35988028,953175,Baby Care,3,675.63,UPI,On Time,2023,September,17
4314762741,2023-06-17 09:36:10,61516967,587645,Pharmacy,3,2405.43,Wallet,On Time,2023,June,17
7401889152,2024-09-20 01:43:32,15733078,888807,Dairy & Breakfast,3,691.74,Cash,On Time,2024,September,20
1932040824,2024-03-15 20:40:41,32987624,557908,Pharmacy,3,2827.11,UPI,On Time,2024,March,15
9836424713,2023-11-19 03:22:27,53815931,367391,Baby Care,2,1879.1,Cash,On Time,2023,November,19
9882312203,2024-05-15 05:35:36,65134271,540618,Snacks & Munchies,1,317.05,Wallet,Significantly Delayed,2024,May,15
3082649585,2023-09-26 18:01:46,92409489,747801,Household Care,3,833.28,Cash,On Time,2023,September,26
6033878151,2023-11-11 18:32:19,61226563,837480,Pharmacy,2,434.8,Card,On Time,2023,November,11
6395547592,2024-10-23 10:37:05,43799224,319388,Cold Drinks & Juices,2,1315.6,UPI,Significantly Delayed,2024,October,23
372962997,2024-04-18 00:11:51,43799224,684939,Personal Care,1,727.95,UPI,Slightly Delayed,2024,April,18
2988215377,2024-08-18 15:10:03,46802633,274207,Pharmacy,1,328.51,UPI,On Time,2024,August,18
7081583361,2024-08-01 20:30:53,39093069,243235,Pet Care,1,109.03,Card,On Time,2024,August,1
1860491452,2024-04-18 11:44:01,99893898,63769,Personal Care,3,2634.21,Cash,Slightly Delayed,2024,April,18
7499656197,2024-03-27 09:26:49,12469338,897083,Household Care,2,1945.38,Card,Slightly Delayed,2024,March,27
4507112412,2023-09-30 22:08:09,47577193,903336,Grocery & Staples,2,1103.76,Card,On Time,2023,September,30
9214595868,2024-07-01 23:42:15,98211325,56589,Pharmacy,2,1035.54,Wallet,Slightly Delayed,2024,July,1
253430904,2023-07-08 00:55:44,16543242,14145,Fruits & Vegetables,2,1261.68,UPI,On Time,2023,July,8
5574588218,2024-06-28 08:57:17,48281892,196719,Fruits & Vegetables,1,217.5,Cash,Slightly Delayed,2024,June,28
2817281674,2023-09-16 13:27:51,73869823,91670,Household Care,3,1317.72,UPI,On Time,2023,September,16
4932779616,2024-07-26 05:11:13,90021871,487065,Snacks & Munchies,2,749.36,UPI,On Time,2024,July,26
7932879650,2023-05-07 18:50:20,81088747,621677,Instant & Frozen Food,3,953.4000000000001,Cash,Significantly Delayed,2023,May,7
997698125,2023-11-29 05:51:30,97492493,876139,Grocery & Staples,1,415.75,Card,On Time,2023,November,29
2403547563,2024-05-20 16:56:51,59677346,77308,Fruits & Vegetables,3,669.8100000000001,Wallet,On Time,2024,May,20
8875483494,2024-03-12 05:26:09,34787383,578097,Snacks & Munchies,2,535.22,UPI,Slightly Delayed,2024,March,12
883548284,2024-05-23 04:21:13,3408982,689769,Instant & Frozen Food,3,139.85999999999999,Wallet,Slightly Delayed,2024,May,23
2364229435,2024-07-13 05:31:47,69339331,478531,Fruits & Vegetables,3,2476.38,Wallet,On Time,2024,July,13
6845869445,2024-05-27 17:23:25,54730270,925482,Instant & Frozen Food,2,950.08,UPI,Significantly Delayed,2024,May,27
397818832,2023-12-22 12:59:55,75467328,692985,Grocery & Staples,3,592.17,Card,Significantly Delayed,2023,December,22
304166272,2023-10-29 01:26:58,34835738,913428,Pet Care,3,1176.66,UPI,On Time,2023,October,29
1575626085,2023-05-19 13:24:15,78157360,863930,Personal Care,1,242.57,Card,On Time,2023,May,19
3945644714,2023-05-16 14:06:16,92356639,654623,Snacks & Munchies,2,844.28,UPI,On Time,2023,May,16
8370213291,2023-05-20 14:05:18,10855630,397973,Fruits & Vegetables,3,2186.19,Wallet,Slightly Delayed,2023,May,20
2185375786,2024-04-25 10:38:55,46313756,337168,Dairy & Breakfast,2,1090.98,Card,Slightly Delayed,2024,April,25
1828975788,2024-01-30 13:15:19,41155125,667163,Cold Drinks & Juices,1,441.2,Card,Slightly Delayed,2024,January,30
4319450104,2024-09-16 09:57:14,7288562,354409,Grocery & Staples,1,325.08,Card,Slightly Delayed,2024,September,16
5059765199,2023-10-19 05:58:52,91562028,564692,Pet Care,1,215.65,Cash,Slightly Delayed,2023,October,19
5360089735,2023-05-04 05:15:17,21425168,925482,Instant & Frozen Food,3,1425.1200000000001,Wallet,On Time,2023,May,4
8008211695,2023-09-07 16:23:21,77397957,623234,Instant & Frozen Food,3,989.3700000000001,Cash,On Time,2023,September,7
4400031082,2023-07-08 20:42:32,46682777,500739,Dairy & Breakfast,1,359.98,Cash,On Time,2023,July,8
9582738204,2023-08-17 02:50:35,88312515,604184,Household Care,1,397.55,Cash,Significantly Delayed,2023,August,17
1368450162,2023-09-11 00:04:44,14974554,525531,Pet Care,3,2493.3,Card,On Time,2023,September,11
56705032,2023-11-16 04:30:25,63060947,692985,Grocery & Staples,2,394.78,UPI,Slightly Delayed,2023,November,16
2407168640,2024-07-25 09:51:06,78254569,34186,Fruits & Vegetables,2,1851.3,Cash,Slightly Delayed,2024,July,25
530588807,2024-02-01 13:40:53,25722990,954722,Instant & Frozen Food,1,616.45,Wallet,Significantly Delayed,2024,February,1
9975541696,2023-06-12 22:41:34,59890331,784827,Baby Care,1,274.25,UPI,Slightly Delayed,2023,June,12
8602707005,2024-04-02 12:58:37,77673290,883013,Dairy & Breakfast,2,1979.76,Card,On Time,2024,April,2
2382595056,2023-12-09 12:30:22,76377003,753354,Personal Care,3,1270.68,Wallet,On Time,2023,December,9
8056162498,2023-05-08 22:14:21,11446157,317242,Grocery & Staples,3,594.45,Card,Significantly Delayed,2023,May,8
4593039089,2024-09-14 07:00:20,50015282,490939,Personal Care,2,160.5,Card,On Time,2024,September,14
7311288658,2024-08-15 15:36:43,48358028,398340,Instant & Frozen Food,2,1303.86,UPI,On Time,2024,August,15
9157217130,2023-06-18 19:59:32,8073518,306177,Instant & Frozen Food,2,1538.48,Wallet,On Time,2023,June,18
9328094731,2024-08-21 04:31:01,77086539,500739,Dairy & Breakfast,2,719.96,Card,On Time,2024,August,21
3259266120,2024-07-08 12:40:30,35049420,644847,Grocery & Staples,1,622.81,Cash,Slightly Delayed,2024,July,8
4656541041,2024-10-30 19:05:44,84572019,592784,Snacks & Munchies,2,560.7,Card,Significantly Delayed,2024,October,30
730839483,2023-07-23 23:59:23,20148223,123983,Pharmacy,1,785.67,Cash,On Time,2023,July,23
6185824257,2024-08-05 07:01:50,1816969,337168,Dairy & Breakfast,3,1636.47,UPI,On Time,2024,August,5
225195662,2024-08-30 19:21:40,76202036,658389,Snacks & Munchies,2,305.1,Card,Slightly Delayed,2024,August,30
6771104541,2023-05-10 10:40:23,61618079,833557,Dairy & Breakfast,2,845.74,Cash,On Time,2023,May,10
6146830622,2024-10-04 13:15:54,14367270,435929,Household Care,3,2570.67,Cash,On Time,2024,October,4
1380326453,2023-08-29 20:51:35,68159723,14145,Fruits & Vegetables,2,1261.68,Cash,On Time,2023,August,29
728523620,2023-08-31 19:13:41,46699982,687218,Cold Drinks & Juices,3,953.46,Wallet,On Time,2023,August,31
27296314,2024-10-17 16:13:30,64562786,313754,Snacks & Munchies,2,273.2,UPI,Significantly Delayed,2024,October,17
2608278705,2023-10-22 02:28:34,51945420,237083,Pharmacy,3,1731.3899999999999,Cash,Slightly Delayed,2023,October,22
6786366774,2024-03-21 02:27:40,5716817,53833,Grocery & Staples,3,404.07,Card,On Time,2024,March,21
5572475750,2023-04-25 09:43:38,40563029,397973,Fruits & Vegetables,3,2186.19,UPI,On Time,2023,April,25
8276417383,2024-06-18 02:15:04,39976965,462526,Dairy & Breakfast,1,449.97,Cash,On Time,2024,June,18
784435014,2023-10-11 14:46:33,2684440,478531,Fruits & Vegetables,1,825.46,Cash,On Time,2023,October,11
9442274046,2023-09-01 10:55:53,93617659,969851,Instant & Frozen Food,2,681.32,UPI,Slightly Delayed,2023,September,1
2470025903,2024-06-06 07:57:42,81420960,839170,Dairy & Breakfast,2,963.26,Cash,On Time,2024,June,6
6774241153,2024-09-23 05:28:57,29272253,707935,Pet Care,2,1641.8,UPI,On Time,2024,September,23
3874644184,2024-06-23 23:29:09,49152878,853932,Baby Care,3,2823.57,Cash,On Time,2024,June,23
8078065454,2024-05-19 11:15:16,97033691,679865,Grocery & Staples,3,1043.73,Cash,Significantly Delayed,2024,May,19
340113260,2024-02-27 15:25:27,83039559,621677,Instant & Frozen Food,1,317.8,Card,Slightly Delayed,2024,February,27
2978839318,2024-01-11 16:07:45,59436131,435929,Household Care,2,1713.78,Card,On Time,2024,January,11
3896922017,2024-08-25 17:39:03,9274874,677542,Household Care,3,637.83,Card,On Time,2024,August,25
7621954956,2023-07-07 03:59:40,32797235,298985,Pharmacy,1,183.76,UPI,On Time,2023,July,7
581178324,2024-02-17 04:05:04,12277039,578097,Snacks & Munchies,2,535.22,Cash,On Time,2024,February,17
8469170680,2023-03-16 18:55:27,5901440,240179,Pharmacy,1,90.56,UPI,On Time,2023,March,16
6779626333,2024-05-11 01:20:43,55404382,871592,Fruits & Vegetables,2,1740.58,Card,Slightly Delayed,2024,May,11
6335704206,2024-05-22 12:37:47,38327793,592784,Snacks & Munchies,1,280.35,Card,On Time,2024,May,22
8314342490,2023-04-05 01:03:31,21677923,440875,Baby Care,2,550.06,Wallet,On Time,2023,April,5
1948795658,2023-10-23 07:46:00,49833888,186168,Pet Care,1,878.8,Card,On Time,2023,October,23
9187864807,2024-06-22 10:00:22,44776601,871592,Fruits & Vegetables,1,870.29,Wallet,On Time,2024,June,22
8399666962,2023-04-08 09:45:31,21573815,287070,Grocery & Staples,3,1329.51,UPI,On Time,2023,April,8
6196321055,2024-05-17 18:25:15,30788486,767398,Household Care,2,44.28,Cash,On Time,2024,May,17
8128518434,2023-08-12 16:51:00,94486311,449106,Personal Care,2,97.1,Card,On Time,2023,August,12
9854897999,2023-10-04 17:52:34,72415263,991434,Snacks & Munchies,2,475.24,Card,On Time,2023,October,4
2603584546,2024-05-21 21:53:23,41811800,366066,Personal Care,3,2755.7400000000002,Wallet,On Time,2024,May,21
1295119665,2024-03-19 08:08:31,99695529,378676,Cold Drinks & Juices,2,1762.84,UPI,On Time,2024,March,19
599975885,2023-06-07 05:55:43,45708879,473647,Personal Care,3,129.14999999999998,Card,On Time,2023,June,7
5834861324,2023-07-04 12:17:28,84826389,89084,Dairy & Breakfast,3,1796.4900000000002,UPI,Significantly Delayed,2023,July,4
2032005162,2024-10-21 07:09:25,18791381,883013,Dairy & Breakfast,2,1979.76,Wallet,On Time,2024,October,21
8391900458,2023-05-17 05:40:54,43518622,704868,Household Care,1,193.46,Wallet,On Time,2023,May,17
1887687323,2024-02-08 02:50:48,85518832,490602,Grocery & Staples,1,549.47,Cash,On Time,2024,February,8
2120411967,2023-12-21 01:28:43,6867315,34200,Personal Care,3,959.4000000000001,Wallet,Significantly Delayed,2023,December,21
3158340906,2024-07-19 01:27:35,48002829,398340,Instant & Frozen Food,1,651.93,Wallet,Slightly Delayed,2024,July,19
2387343456,2024-10-19 03:10:02,17749347,820541,Household Care,2,1152.44,Wallet,Slightly Delayed,2024,October,19
338609144,2024-10-26 05:45:05,12574626,349294,Fruits & Vegetables,3,2804.25,Cash,On Time,2024,October,26
9056190831,2023-07-17 06:57:09,3100301,890232,Cold Drinks & Juices,3,1296.0,Wallet,On Time,2023,July,17
2803081135,2023-06-10 21:55:58,42262168,385113,Personal Care,2,1632.76,Wallet,On Time,2023,June,10
5970759669,2024-03-19 10:30:44,26285589,194682,Cold Drinks & Juices,1,912.29,UPI,On Time,2024,March,19
3226693729,2023-08-06 13:26:22,62629494,444361,Pharmacy,3,2467.89,UPI,On Time,2023,August,6
8132845656,2024-07-10 11:53:29,4597433,965755,Fruits & Vegetables,3,1597.71,UPI,Significantly Delayed,2024,July,10
7850550725,2023-12-31 05:45:21,16424635,317242,Grocery & Staples,3,594.45,Wallet,On Time,2023,December,31
2934547619,2024-06-01 20:59:04,77161976,567671,Snacks & Munchies,1,418.48,Card,On Time,2024,June,1
608179182,2024-08-01 08:28:48,87220860,298985,Pharmacy,3,551.28,Card,Significantly Delayed,2024,August,1
5191326847,2023-05-13 21:35:00,48158494,621677,Instant & Frozen Food,3,953.4000000000001,UPI,On Time,2023,May,13
7614561036,2023-09-10 05:56:46,91853589,739448,Household Care,1,755.66,Wallet,On Time,2023,September,10
2947791133,2023-11-28 07:16:17,19741509,837480,Pharmacy,2,434.8,Wallet,On Time,2023,November,28
6538760883,2024-04-19 13:46:57,119099,133542,Household Care,1,68.49,UPI,On Time,2024,April,19
8872250952,2023-10-04 04:56:45,43243913,94225,Household Care,3,231.32999999999998,UPI,Significantly Delayed,2023,October,4
8173258734,2023-11-03 03:32:12,20835909,712003,Cold Drinks & Juices,1,671.68,Wallet,Slightly Delayed,2023,November,3
5465833352,2023-03-28 19:57:09,11047835,243235,Pet Care,3,327.09000000000003,UPI,On Time,2023,March,28
2106569369,2024-01-02 11:25:38,27513158,853932,Baby Care,2,1882.38,UPI,On Time,2024,January,2
9039440500,2024-07-12 05:36:09,64298209,228286,Cold Drinks & Juices,3,537.24,Card,On Time,2024,July,12
8281482042,2023-06-28 15:21:01,72889295,313754,Snacks & Munchies,3,409.79999999999995,Card,On Time,2023,June,28
479528548,2023-07-17 23:34:46,21786873,564692,Pet Care,3,646.95,Card,On Time,2023,July,17
8087519921,2023-10-19 08:34:22,90246977,500739,Dairy & Breakfast,2,719.96,UPI,On Time,2023,October,19
4869691623,2023-05-05 04:16:51,9401406,913428,Pet Care,3,1176.66,Card,On Time,2023,May,5
7155177625,2024-08-25 23:46:26,2566268,952168,Snacks & Munchies,3,710.8499999999999,UPI,On Time,2024,August,25
7254499390,2023-11-29 13:26:00,93563435,146840,Dairy & Breakfast,1,786.85,Cash,On Time,2023,November,29
7394439260,2024-10-21 06:27:59,22358567,376447,Dairy & Breakfast,3,2174.52,Cash,Significantly Delayed,2024,October,21
6581715589,2023-05-09 00:35:46,8375298,661577,Pet Care,2,1441.9,UPI,On Time,2023,May,9
9457009010,2024-02-06 00:04:30,80858127,712003,Cold Drinks & Juices,3,2015.04,Cash,Slightly Delayed,2024,February,6
2859660695,2023-08-02 04:36:07,33685414,672059,Personal Care,2,1345.46,UPI,Slightly Delayed,2023,August,2
6392348668,2024-01-29 19:49:32,1697604,473647,Personal Care,2,86.1,UPI,On Time,2024,January,29
6933011590,2023-08-01 23:22:26,21658322,839170,Dairy & Breakfast,1,481.63,Card,On Time,2023,August,1
5809441378,2024-07-29 20:56:08,51872499,990993,Snacks & Munchies,3,791.0999999999999,Card,Significantly Delayed,2024,July,29
411113020,2024-06-29 01:37:42,84953008,217710,Dairy & Breakfast,1,58.59,Wallet,On Time,2024,June,29
5512796364,2023-06-21 15:23:37,12507907,661577,Pet Care,3,2162.8500000000004,Card,On Time,2023,June,21
2610813239,2023-11-26 04:06:37,62917794,690565,Snacks & Munchies,3,2853.81,UPI,On Time,2023,November,26
3236748462,2024-06-26 10:13:19,58111297,305754,Instant & Frozen Food,3,2939.9700000000003,UPI,On Time,2024,June,26
6652395897,2024-07-11 03:41:04,60904312,56589,Pharmacy,1,517.77,UPI,On Time,2024,July,11
5517901926,2023-06-24 23:50:38,40593638,803607,Personal Care,3,2849.19,Cash,On Time,2023,June,24
2174753933,2024-10-12 05:12:22,38780509,120532,Grocery & Staples,1,697.53,Card,On Time,2024,October,12
1525700767,2023-05-29 00:08:08,61320989,890232,Cold Drinks & Juices,2,864.0,Cash,Slightly Delayed,2023,May,29
7232692149,2023-12-01 20:28:51,899941,681063,Cold Drinks & Juices,2,642.56,Wallet,On Time,2023,December,1
8556607504,2024-02-20 06:35:03,68703613,194682,Cold Drinks & Juices,1,912.29,Card,On Time,2024,February,20
5841260317,2023-04-28 19:29:03,65426878,478531,Fruits & Vegetables,1,825.46,Cash,Slightly Delayed,2023,April,28
9471427840,2023-07-08 06:36:31,18935489,378230,Snacks & Munchies,3,499.26,Card,Slightly Delayed,2023,July,8
2070610257,2023-07-20 04:48:04,4386273,652118,Instant & Frozen Food,2,44.08,Card,On Time,2023,July,20
1884811437,2023-03-21 20:07:38,24988999,762527,Snacks & Munchies,2,1380.16,Card,On Time,2023,March,21
5331747573,2024-09-30 16:45:59,3588443,4452,Baby Care,2,339.76,Card,On Time,2024,September,30
9977285985,2023-08-11 15:04:42,22321208,425341,Pet Care,3,1458.84,Cash,On Time,2023,August,11
1715175070,2023-09-27 04:45:33,33706378,291238,Snacks & Munchies,3,2238.09,Cash,Significantly Delayed,2023,September,27
4117790162,2023-05-11 23:26:43,52770036,91670,Household Care,3,1317.72,UPI,On Time,2023,May,11
9051644316,2024-07-23 17:11:45,30447453,914071,Snacks & Munchies,3,890.8199999999999,Wallet,Slightly Delayed,2024,July,23
4903335316,2023-04-30 19:35:17,47822591,34186,Fruits & Vegetables,2,1851.3,UPI,Slightly Delayed,2023,April,30
3341481363,2023-11-22 02:15:41,43066953,435929,Household Care,1,856.89,Cash,Significantly Delayed,2023,November,22
4074537770,2024-04-30 07:00:27,2400009,361361,Snacks & Munchies,3,2478.63,Card,On Time,2024,April,30
5374589112,2023-10-26 14:14:38,52409516,540618,Snacks & Munchies,2,634.1,Cash,Significantly Delayed,2023,October,26
6401406847,2023-11-04 14:02:24,58152923,894539,Household Care,3,1336.44,Card,Slightly Delayed,2023,November,4
698439139,2024-09-07 07:06:30,75038062,677169,Pharmacy,1,261.03,Card,On Time,2024,September,7
881367843,2024-10-14 08:12:02,25221501,34200,Personal Care,2,639.6,Cash,On Time,2024,October,14
6438115781,2023-10-29 13:27:38,43431724,563740,Snacks & Munchies,2,192.66,UPI,On Time,2023,October,29
1706198744,2024-06-03 18:12:37,19425804,444361,Pharmacy,2,1645.26,UPI,On Time,2024,June,3
3115167739,2024-07-25 18:31:08,83304571,36412,Household Care,1,397.68,Card,On Time,2024,July,25
8608111158,2023-04-14 02:39:54,75244116,652118,Instant & Frozen Food,1,22.04,Cash,Slightly Delayed,2023,April,14
8167540645,2023-07-23 13:23:28,69925688,832348,Snacks & Munchies,2,1662.86,Wallet,On Time,2023,July,23
898210033,2024-06-13 03:42:15,28111842,490939,Personal Care,3,240.75,Cash,On Time,2024,June,13
5415454466,2024-07-09 12:07:53,79369660,897083,Household Care,2,1945.38,Wallet,On Time,2024,July,9
9240312177,2023-04-06 12:22:30,80862136,34186,Fruits & Vegetables,3,2776.95,Wallet,Slightly Delayed,2023,April,6
4880265969,2023-05-22 01:12:12,20163931,382511,Dairy & Breakfast,2,1405.08,UPI,On Time,2023,May,22
5056583192,2023-11-30 05:07:39,27336589,945635,Grocery & Staples,1,778.9,Wallet,On Time,2023,November,30
1921412688,2023-10-04 14:32:30,12338529,222892,Fruits & Vegetables,2,1738.44,Cash,On Time,2023,October,4
5829741995,2023-12-25 23:00:40,40434527,673058,Pharmacy,3,2297.2799999999997,Card,Slightly Delayed,2023,December,25
9830742370,2024-02-09 16:22:41,49806393,679284,Pharmacy,1,877.89,Wallet,Slightly Delayed,2024,February,9
509041342,2024-01-05 15:09:52,91243571,679321,Cold Drinks & Juices,1,738.46,Cash,On Time,2024,January,5
8420144998,2023-11-25 19:40:54,72164737,799688,Personal Care,1,309.62,Card,On Time,2023,November,25
7353766541,2023-06-28 21:29:31,48418662,385113,Personal Care,1,816.38,Cash,On Time,2023,June,28
8617979440,2023-09-10 11:49:39,13604883,552496,Household Care,1,508.0,Cash,Significantly Delayed,2023,September,10
680476823,2024-09-23 14:07:55,75739462,183929,Dairy & Breakfast,3,2216.2200000000003,Cash,On Time,2024,September,23
5424536852,2024-08-18 12:18:21,18035010,123983,Pharmacy,2,1571.34,UPI,On Time,2024,August,18
1142004448,2024-06-05 07:38:45,73735548,567671,Snacks & Munchies,1,418.48,Cash,On Time,2024,June,5
1814491335,2024-02-24 07:45:16,27336589,34186,Fruits & Vegetables,2,1851.3,Wallet,Slightly Delayed,2024,February,24
445929405,2023-07-18 17:01:40,36885115,798639,Dairy & Breakfast,1,211.25,Card,On Time,2023,July,18
3849003596,2023-10-07 17:21:57,60300263,677169,Pharmacy,3,783.0899999999999,Card,Significantly Delayed,2023,October,7
6367757670,2024-09-08 16:38:15,33617546,681063,Cold Drinks & Juices,1,321.28,Cash,On Time,2024,September,8
4925321106,2024-02-04 06:25:26,77214094,820541,Household Care,3,1728.66,Wallet,On Time,2024,February,4
4463294381,2023-12-31 22:50:47,44409533,654297,Fruits & Vegetables,1,13.25,Wallet,Slightly Delayed,2023,December,31
9077946933,2024-04-19 15:31:52,81808190,487065,Snacks & Munchies,2,749.36,Wallet,Slightly Delayed,2024,April,19
6688079478,2024-04-18 12:12:45,57392064,462526,Dairy & Breakfast,2,899.94,Cash,On Time,2024,April,18
8712304346,2023-06-10 02:41:49,40085705,537274,Pet Care,1,702.71,UPI,On Time,2023,June,10
3748957111,2023-04-30 14:51:49,98088303,243235,Pet Care,3,327.09000000000003,Wallet,Slightly Delayed,2023,April,30
2388792163,2024-02-20 17:10:19,81160474,513199,Cold Drinks & Juices,2,844.46,Wallet,Slightly Delayed,2024,February,20
2583035857,2023-11-15 21:48:52,77220027,337168,Dairy & Breakfast,1,545.49,Wallet,On Time,2023,November,15
2649487718,2024-03-01 14:00:21,81346291,557908,Pharmacy,2,1884.74,Cash,On Time,2024,March,1
5936628691,2023-10-01 11:20:21,47387512,888807,Dairy & Breakfast,2,461.16,UPI,Slightly Delayed,2023,October,1
7662682121,2024-09-12 04:16:57,1562083,673058,Pharmacy,3,2297.2799999999997,Cash,On Time,2024,September,12
736115661,2023-05-22 01:22:24,55971849,473929,Fruits & Vegetables,1,440.19,Card,Slightly Delayed,2023,May,22
2448741950,2023-11-26 19:26:31,60757351,760684,Grocery & Staples,1,71.6,Cash,On Time,2023,November,26
9321629905,2024-02-08 20:25:13,79206969,186168,Pet Care,1,878.8,UPI,On Time,2024,February,8
9020583379,2023-06-20 18:08:01,9573071,317242,Grocery & Staples,3,594.45,Cash,On Time,2023,June,20
2642275862,2023-12-18 06:15:35,97419742,757274,Pet Care,3,294.96,UPI,Significantly Delayed,2023,December,18
6932431317,2024-07-16 04:05:08,79206969,34186,Fruits & Vegetables,1,925.65,Wallet,On Time,2024,July,16
9126871366,2023-05-18 08:44:54,67696145,154179,Pharmacy,3,1748.6100000000001,Card,Significantly Delayed,2023,May,18
3244572785,2024-01-16 21:22:55,60732869,563740,Snacks & Munchies,1,96.33,Card,Significantly Delayed,2024,January,16
6485432691,2023-05-13 21:26:44,18082040,60619,Cold Drinks & Juices,3,2179.23,UPI,On Time,2023,May,13
6047222755,2023-09-23 06:45:31,78394303,681063,Cold Drinks & Juices,2,642.56,Card,On Time,2023,September,23
6167501412,2024-01-24 23:43:14,20940403,600767,Personal Care,2,1444.84,Wallet,Significantly Delayed,2024,January,24
2052163872,2023-06-21 22:30:22,20634789,376447,Dairy & Breakfast,2,1449.68,Card,On Time,2023,June,21
7740339645,2023-12-04 01:16:30,70170606,704868,Household Care,2,386.92,Card,Slightly Delayed,2023,December,4
2761855959,2023-10-24 07:06:54,81541985,36412,Household Care,3,1193.04,Wallet,On Time,2023,October,24
8010347195,2023-12-14 20:23:20,18935489,451812,Pharmacy,2,1061.7,UPI,On Time,2023,December,14
2384153985,2023-10-09 12:12:03,30285217,684939,Personal Care,3,2183.8500000000004,Wallet,Slightly Delayed,2023,October,9
3584794157,2024-04-04 05:02:46,96253172,951463,Pet Care,2,1574.8,Wallet,On Time,2024,April,4
8186709947,2023-11-18 08:57:30,27604184,449106,Personal Care,3,145.64999999999998,Wallet,Significantly Delayed,2023,November,18
6027355216,2023-06-27 20:49:55,17929886,144124,Household Care,2,325.34,Card,On Time,2023,June,27
9823160533,2024-06-05 05:16:03,51119088,451812,Pharmacy,1,530.85,Wallet,On Time,2024,June,5
8694663463,2024-01-16 01:11:41,12851610,186168,Pet Care,3,2636.3999999999996,UPI,On Time,2024,January,16
1296772969,2024-06-02 02:03:40,68703613,124290,Personal Care,3,118.94999999999999,UPI,On Time,2024,June,2
5856838171,2023-12-20 18:25:40,55971849,652118,Instant & Frozen Food,3,66.12,Wallet,Significantly Delayed,2023,December,20
915473142,2024-05-30 02:09:42,53636086,891833,Dairy & Breakfast,1,493.19,UPI,Slightly Delayed,2024,May,30
6992097680,2023-11-13 22:10:00,9450435,51036,Baby Care,2,1863.22,Wallet,Slightly Delayed,2023,November,13
6870670122,2023-11-24 12:04:22,70529459,760828,Pet Care,3,1690.3500000000001,UPI,On Time,2023,November,24
6626994121,2024-07-16 00:45:39,44223796,144124,Household Care,2,325.34,Cash,Slightly Delayed,2024,July,16
6125813500,2023-07-23 17:17:56,44562310,784827,Baby Care,2,548.5,Cash,Slightly Delayed,2023,July,23
6899859775,2024-04-30 16:35:18,33706378,606256,Instant & Frozen Food,2,738.56,Wallet,On Time,2024,April,30
1825560091,2024-01-31 20:57:35,41494867,82484,Baby Care,1,914.88,Cash,On Time,2024,January,31
1320638425,2023-04-26 21:53:58,36833857,490602,Grocery & Staples,2,1098.94,Card,On Time,2023,April,26
5320995509,2023-06-12 09:16:12,81932548,140489,Personal Care,2,1300.4,Wallet,On Time,2023,June,12
4249535395,2023-03-25 11:21:29,50953418,714999,Dairy & Breakfast,1,882.51,Card,On Time,2023,March,25
804881381,2024-05-26 10:00:47,44269569,382511,Dairy & Breakfast,2,1405.08,UPI,On Time,2024,May,26
4858560187,2023-10-21 20:23:10,55028958,859361,Personal Care,1,432.39,Cash,On Time,2023,October,21
6425666148,2023-08-07 20:54:37,24144240,6405,Baby Care,3,709.53,Wallet,On Time,2023,August,7
9021754099,2024-08-01 02:27:31,23844919,60619,Cold Drinks & Juices,2,1452.82,Wallet,On Time,2024,August,1
7728205680,2024-06-15 21:30:18,46023497,687218,Cold Drinks & Juices,3,953.46,Cash,On Time,2024,June,15
9346166799,2024-10-23 00:20:31,62416456,120532,Grocery & Staples,3,2092.59,Card,Slightly Delayed,2024,October,23
3377313085,2023-09-23 23:16:58,89036169,897083,Household Care,3,2918.07,UPI,Slightly Delayed,2023,September,23
8167716321,2024-05-02 03:12:20,73392739,52729,Pet Care,2,632.04,Cash,On Time,2024,May,2
2024637181,2023-06-04 21:26:10,29451600,784827,Baby Care,3,822.75,Cash,On Time,2023,June,4
9310630290,2023-10-04 06:35:01,64162093,563740,Snacks & Munchies,3,288.99,Cash,On Time,2023,October,4
2276505075,2024-07-05 13:41:54,12769552,449106,Personal Care,1,48.55,UPI,On Time,2024,July,5
6615188116,2023-08-30 13:03:42,49529811,803607,Personal Care,1,949.73,Wallet,On Time,2023,August,30
6858336318,2024-06-29 07:32:32,92027021,883013,Dairy & Breakfast,1,989.88,Cash,On Time,2024,June,29
7601638642,2024-09-10 06:07:31,32426778,968887,Household Care,2,81.4,Card,Significantly Delayed,2024,September,10
1191565627,2023-11-04 12:01:36,51661209,820973,Baby Care,3,343.56,UPI,On Time,2023,November,4
4785021992,2023-12-20 12:11:37,91144803,721521,Grocery & Staples,1,417.39,Wallet,On Time,2023,December,20
3452964753,2024-06-15 18:53:44,49449238,757274,Pet Care,1,98.32,Card,On Time,2024,June,15
3490919801,2023-10-18 06:51:41,85198177,537274,Pet Care,1,702.71,Cash,On Time,2023,October,18
105578518,2024-03-03 01:59:51,38615653,329351,Dairy & Breakfast,3,932.61,Cash,Slightly Delayed,2024,March,3
2978719561,2023-11-09 09:33:50,11478478,144124,Household Care,3,488.01,Card,Slightly Delayed,2023,November,9
9979010790,2024-02-13 01:25:09,13465850,914071,Snacks & Munchies,1,296.94,UPI,Slightly Delayed,2024,February,13
4435636116,2023-04-07 14:02:46,93018527,366066,Personal Care,1,918.58,Wallet,On Time,2023,April,7
5909879259,2024-08-06 19:17:03,82594354,949818,Snacks & Munchies,2,966.1,Card,Slightly Delayed,2024,August,6
2686390867,2024-02-04 17:00:23,45071436,903336,Grocery & Staples,2,1103.76,Card,On Time,2024,February,4
6698537000,2024-01-16 05:36:12,52770036,131748,Pet Care,1,81.35,Card,On Time,2024,January,16
4395604675,2023-11-11 10:55:29,53076417,914071,Snacks & Munchies,2,593.88,UPI,Slightly Delayed,2023,November,11
3475041787,2024-07-27 12:46:39,34425723,712003,Cold Drinks & Juices,1,671.68,UPI,Slightly Delayed,2024,July,27
5817989751,2023-11-22 11:36:54,72366758,687218,Cold Drinks & Juices,3,953.46,Wallet,On Time,2023,November,22
1433129858,2024-05-27 14:45:47,43256928,647462,Personal Care,1,326.42,UPI,On Time,2024,May,27
3571922553,2024-01-04 14:09:50,69364309,137909,Pharmacy,3,2592.8999999999996,Cash,On Time,2024,January,4
7940229189,2024-03-20 21:38:09,50632192,52729,Pet Care,1,316.02,Wallet,Significantly Delayed,2024,March,20
3801240688,2024-08-26 00:46:08,18256339,313754,Snacks & Munchies,3,409.79999999999995,Card,On Time,2024,August,26
1295268290,2024-02-16 22:34:18,70168151,952124,Fruits & Vegetables,1,127.08,Cash,On Time,2024,February,16
4552636670,2024-08-12 17:56:50,74313592,120385,Pet Care,3,1793.73,UPI,On Time,2024,August,12
6805071689,2024-03-30 04:50:39,87266309,82484,Baby Care,3,2744.64,UPI,Significantly Delayed,2024,March,30
8026827967,2023-06-17 22:28:55,49371494,9436,Personal Care,1,88.43,Wallet,On Time,2023,June,17
6417774057,2024-03-06 18:58:23,22800586,739534,Household Care,3,2983.68,Wallet,Slightly Delayed,2024,March,6
7877665931,2023-12-24 09:20:20,35434373,354409,Grocery & Staples,3,975.24,Card,On Time,2023,December,24
7754237266,2023-05-09 13:29:26,75836905,51036,Baby Care,2,1863.22,Card,On Time,2023,May,9
7985418058,2024-09-10 03:53:21,35302195,760684,Grocery & Staples,2,143.2,Card,On Time,2024,September,10
5287733777,2024-10-24 16:14:26,84066402,667163,Cold Drinks & Juices,3,1323.6,Card,On Time,2024,October,24
7112725384,2024-02-10 07:50:22,21658322,319388,Cold Drinks & Juices,1,657.8,Wallet,On Time,2024,February,10
6261926473,2024-06-16 19:05:12,50760752,455083,Dairy & Breakfast,2,1918.02,Card,On Time,2024,June,16
1495465938,2023-10-15 07:21:32,5607734,913428,Pet Care,2,784.44,UPI,On Time,2023,October,15
7891205593,2024-07-14 17:41:11,10562528,490939,Personal Care,2,160.5,Wallet,On Time,2024,July,14
924888012,2024-03-10 08:27:01,79298972,39154,Fruits & Vegetables,2,1893.72,UPI,Slightly Delayed,2024,March,10
943278538,2024-04-06 05:24:47,22227829,812607,Fruits & Vegetables,2,833.3,Wallet,Significantly Delayed,2024,April,6
9981950902,2024-07-28 05:46:17,39153585,284460,Fruits & Vegetables,1,505.95,UPI,On Time,2024,July,28
7769253886,2023-09-25 23:30:12,8351747,760828,Pet Care,1,563.45,UPI,On Time,2023,September,25
9350977708,2023-08-18 05:23:32,41874489,739448,Household Care,2,1511.32,UPI,On Time,2023,August,18
4525211942,2024-06-24 23:32:24,30317733,490939,Personal Care,1,80.25,Cash,On Time,2024,June,24
7232049635,2023-03-25 15:49:28,79916464,300159,Cold Drinks & Juices,2,88.7,Card,On Time,2023,March,25
679546532,2024-05-28 16:58:25,72942753,136533,Dairy & Breakfast,2,1652.42,UPI,Slightly Delayed,2024,May,28
4665187954,2024-04-03 05:13:47,97739583,337168,Dairy & Breakfast,1,545.49,Wallet,On Time,2024,April,3
3914760118,2023-03-21 20:18:23,61877649,153019,Fruits & Vegetables,1,947.95,Wallet,On Time,2023,March,21
155568486,2023-12-26 04:56:10,36517334,807452,Grocery & Staples,1,144.19,UPI,On Time,2023,December,26
3773972929,2023-10-19 11:20:42,26752630,669378,Fruits & Vegetables,1,212.14,Card,On Time,2023,October,19
2168808412,2023-05-23 10:16:42,91382237,378287,Cold Drinks & Juices,2,665.68,UPI,Slightly Delayed,2023,May,23
7697315553,2023-12-10 02:54:11,49769532,692985,Grocery & Staples,1,197.39,UPI,On Time,2023,December,10
804414742,2024-07-15 21:18:58,42781544,707935,Pet Care,3,2462.7,Cash,Slightly Delayed,2024,July,15
918328199,2023-12-18 01:55:01,60656482,970529,Baby Care,2,1654.88,Card,Slightly Delayed,2023,December,18
3084493525,2023-04-11 18:46:37,32527479,219598,Personal Care,1,367.08,Cash,On Time,2023,April,11
8047256000,2024-08-08 20:00:24,17805991,721521,Grocery & Staples,1,417.39,Card,Slightly Delayed,2024,August,8
5176597414,2024-01-25 04:34:04,80875034,6405,Baby Care,2,473.02,Wallet,Slightly Delayed,2024,January,25
110303417,2024-05-24 01:48:07,57566548,654623,Snacks & Munchies,3,1266.42,Wallet,On Time,2024,May,24
1809212176,2023-04-08 09:17:28,50105174,818522,Dairy & Breakfast,2,192.18,Card,On Time,2023,April,8
1765001264,2023-07-06 11:02:35,1697604,654623,Snacks & Munchies,1,422.14,UPI,Significantly Delayed,2023,July,6
4220306391,2024-01-08 04:39:13,44139071,537274,Pet Care,1,702.71,UPI,Slightly Delayed,2024,January,8
1275637731,2023-12-21 10:41:16,20148223,137909,Pharmacy,1,864.3,UPI,Significantly Delayed,2023,December,21
7729557529,2024-09-24 10:49:23,59252433,961614,Snacks & Munchies,1,227.22,Wallet,On Time,2024,September,24
9279017414,2023-05-29 14:59:48,60495351,131937,Instant & Frozen Food,1,287.81,UPI,On Time,2023,May,29
8726185624,2024-09-25 20:16:31,57505804,712003,Cold Drinks & Juices,2,1343.36,Card,On Time,2024,September,25
3192177869,2024-08-10 04:21:42,59252433,677542,Household Care,3,637.83,Cash,On Time,2024,August,10
5033541164,2024-05-26 04:28:43,32987624,969851,Instant & Frozen Food,3,1021.98,Cash,Significantly Delayed,2024,May,26
4495977117,2023-05-02 10:10:23,61753272,378287,Cold Drinks & Juices,2,665.68,Card,Slightly Delayed,2023,May,2
8866977450,2024-09-03 09:15:50,97509888,564692,Pet Care,1,215.65,Wallet,On Time,2024,September,3
7542030170,2023-12-21 00:30:48,49371494,77308,Fruits & Vegetables,3,669.8100000000001,Cash,On Time,2023,December,21
8782031586,2024-06-19 19:08:21,23982977,820541,Household Care,3,1728.66,Wallet,Slightly Delayed,2024,June,19
7177553918,2023-03-31 22:05:28,10048910,425341,Pet Care,1,486.28,Card,Slightly Delayed,2023,March,31
9157563215,2023-05-31 20:34:28,89142848,77308,Fruits & Vegetables,1,223.27,Card,On Time,2023,May,31
989452284,2024-07-07 22:13:41,79773912,51036,Baby Care,2,1863.22,Wallet,On Time,2024,July,7
9972678893,2024-08-13 07:23:10,45033270,305754,Instant & Frozen Food,2,1959.98,Wallet,On Time,2024,August,13
8561203503,2024-04-14 05:13:07,6390687,937542,Grocery & Staples,1,97.04,Wallet,On Time,2024,April,14
1388300707,2024-04-08 21:53:05,84824280,848226,Fruits & Vegetables,2,419.18,UPI,On Time,2024,April,8
4054816025,2024-07-19 14:29:26,29584848,876139,Grocery & Staples,3,1247.25,UPI,On Time,2024,July,19
9943206333,2023-03-22 09:47:17,12851610,378287,Cold Drinks & Juices,2,665.68,Wallet,On Time,2023,March,22
3948498236,2024-08-30 05:15:03,35402531,136533,Dairy & Breakfast,2,1652.42,Card,Slightly Delayed,2024,August,30
8096169523,2024-09-15 05:37:55,66768157,739448,Household Care,3,2266.98,UPI,On Time,2024,September,15
8803091944,2024-05-18 03:11:30,11228463,697683,Household Care,2,247.48,UPI,On Time,2024,May,18
7409519974,2024-01-16 21:25:18,60834500,679284,Pharmacy,2,1755.78,Wallet,On Time,2024,January,16
456278500,2024-05-06 16:13:15,62526567,525531,Pet Care,1,831.1,Cash,Slightly Delayed,2024,May,6
9912965340,2023-08-20 17:16:27,95309983,153019,Fruits & Vegetables,1,947.95,Wallet,Significantly Delayed,2023,August,20
2802653261,2024-10-07 16:33:53,9987182,455083,Dairy & Breakfast,3,2877.0299999999997,UPI,On Time,2024,October,7
8629948751,2023-08-31 14:56:32,97678578,901144,Grocery & Staples,1,340.36,Card,Slightly Delayed,2023,August,31
9169008097,2024-05-18 09:23:08,98625898,196719,Fruits & Vegetables,1,217.5,Wallet,On Time,2024,May,18
3186513319,2023-04-14 00:08:38,3730316,492958,Personal Care,1,84.2,UPI,Slightly Delayed,2023,April,14
8837578937,2023-08-14 08:55:19,28663279,33797,Pharmacy,1,888.12,Cash,On Time,2023,August,14
1468095888,2023-06-17 06:09:04,37691544,455083,Dairy & Breakfast,1,959.01,Cash,On Time,2023,June,17
3055120492,2023-12-19 16:33:47,408590,604184,Household Care,2,795.1,Wallet,Slightly Delayed,2023,December,19
6083457185,2024-08-19 20:34:04,80571942,57405,Baby Care,3,1823.0099999999998,Wallet,On Time,2024,August,19
7154956248,2023-07-17 19:48:59,22112867,313754,Snacks & Munchies,2,273.2,Wallet,On Time,2023,July,17
246971181,2023-07-30 14:12:21,376144,901144,Grocery & Staples,1,340.36,UPI,On Time,2023,July,30
2452915406,2024-07-17 12:29:12,96806748,890232,Cold Drinks & Juices,3,1296.0,Cash,On Time,2024,July,17
9458183390,2023-03-17 01:19:51,88203688,361361,Snacks & Munchies,2,1652.42,Wallet,On Time,2023,March,17
576571858,2024-09-23 05:09:07,26285589,114414,Pharmacy,3,2496.18,Card,On Time,2024,September,23
9544803182,2024-03-27 02:35:21,31410886,807452,Grocery & Staples,2,288.38,Cash,On Time,2024,March,27
2121652047,2024-02-03 18:01:48,65815155,962054,Cold Drinks & Juices,3,50.58,UPI,Significantly Delayed,2024,February,3
8891725854,2023-05-16 21:08:18,13871547,120532,Grocery & Staples,3,2092.59,Wallet,On Time,2023,May,16
4870772869,2024-03-31 08:14:25,78903046,669378,Fruits & Vegetables,1,212.14,Wallet,On Time,2024,March,31
262562615,2023-04-09 04:43:09,12059049,264803,Pharmacy,3,2987.94,Wallet,On Time,2023,April,9
5142912812,2023-11-16 22:10:43,57642258,324809,Dairy & Breakfast,1,608.0,Cash,Significantly Delayed,2023,November,16
1225289500,2024-03-31 21:51:15,70529459,378230,Snacks & Munchies,2,332.84,Wallet,On Time,2024,March,31
7337555525,2024-03-09 19:28:58,44223796,537274,Pet Care,1,702.71,Card,On Time,2024,March,9
5719806088,2024-01-08 13:30:35,42012717,272170,Instant & Frozen Food,2,281.6,Card,On Time,2024,January,8
6890191424,2024-06-13 00:43:50,57360162,154179,Pharmacy,3,1748.6100000000001,Wallet,Slightly Delayed,2024,June,13
5695198653,2024-09-20 01:17:54,29562254,557908,Pharmacy,2,1884.74,UPI,On Time,2024,September,20
482670263,2024-06-05 04:40:12,9641623,621677,Instant & Frozen Food,2,635.6,Cash,On Time,2024,June,5
7857904467,2023-04-25 12:40:49,97286925,953175,Baby Care,1,225.21,UPI,On Time,2023,April,25
614435661,2023-08-01 21:25:47,73586244,578097,Snacks & Munchies,2,535.22,Cash,On Time,2023,August,1
2284551326,2023-10-07 04:36:46,68063317,257719,Dairy & Breakfast,1,281.73,Cash,On Time,2023,October,7
8614991290,2024-10-17 13:13:23,57566548,642612,Pet Care,2,1034.06,Wallet,Significantly Delayed,2024,October,17
9865566300,2023-11-28 02:35:37,61753272,753354,Personal Care,2,847.12,UPI,Slightly Delayed,2023,November,28
6672582413,2024-06-13 22:04:02,82359623,11422,Fruits & Vegetables,2,254.32,UPI,Slightly Delayed,2024,June,13
3004834987,2023-10-12 02:21:02,91590001,604184,Household Care,3,1192.65,Card,On Time,2023,October,12
4486349175,2024-04-20 01:10:08,45481936,566052,Pharmacy,3,261.9,Cash,On Time,2024,April,20
3098655541,2023-05-06 06:44:37,69908484,697683,Household Care,2,247.48,Wallet,On Time,2023,May,6
1912293606,2024-07-17 19:35:11,49433260,124290,Personal Care,3,118.94999999999999,Card,On Time,2024,July,17
7465280557,2024-03-13 13:22:12,26863280,689769,Instant & Frozen Food,3,139.85999999999999,Cash,On Time,2024,March,13
343050015,2023-04-21 06:20:18,72263318,146840,Dairy & Breakfast,2,1573.7,Cash,Significantly Delayed,2023,April,21
6414606364,2024-01-26 04:48:08,70867736,723678,Pet Care,2,1350.92,Cash,On Time,2024,January,26
4092550629,2023-04-09 16:19:33,50572914,264803,Pharmacy,1,995.98,Wallet,On Time,2023,April,9
9810964144,2024-02-08 19:57:13,51476157,542300,Snacks & Munchies,1,255.35,Wallet,On Time,2024,February,8
6513851276,2023-08-24 15:43:08,99160348,491314,Instant & Frozen Food,2,1946.88,Wallet,Slightly Delayed,2023,August,24
6080784069,2023-07-19 11:42:13,39418109,487065,Snacks & Munchies,2,749.36,Wallet,Slightly Delayed,2023,July,19
1967283733,2023-08-01 07:09:08,15796277,897083,Household Care,1,972.69,Cash,Slightly Delayed,2023,August,1
2683672396,2023-08-27 04:49:33,89617089,36412,Household Care,2,795.36,Card,On Time,2023,August,27
1464736195,2024-08-23 16:05:00,15830066,425341,Pet Care,1,486.28,Wallet,Slightly Delayed,2024,August,23
3258963661,2024-05-17 08:00:34,20343501,644847,Grocery & Staples,1,622.81,Wallet,On Time,2024,May,17
9956872454,2023-11-20 05:11:37,41874489,11422,Fruits & Vegetables,1,127.16,Card,Slightly Delayed,2023,November,20
867630114,2023-06-26 18:24:36,30373140,123983,Pharmacy,2,1571.34,Wallet,On Time,2023,June,26
3333752740,2023-07-10 16:58:53,84862161,70969,Fruits & Vegetables,2,1263.4,UPI,On Time,2023,July,10
4835197446,2024-01-02 08:08:22,72889295,492958,Personal Care,2,168.4,Wallet,On Time,2024,January,2
1888517793,2023-10-02 06:38:37,42514124,329351,Dairy & Breakfast,2,621.74,Wallet,On Time,2023,October,2
5148599328,2024-05-07 13:36:19,28350645,871592,Fruits & Vegetables,2,1740.58,UPI,Slightly Delayed,2024,May,7
3405089431,2024-02-23 15:28:21,96629034,491314,Instant & Frozen Food,2,1946.88,Card,Slightly Delayed,2024,February,23
9286199495,2023-09-10 20:57:55,5751638,647462,Personal Care,1,326.42,Wallet,On Time,2023,September,10
6418255337,2024-02-13 17:53:34,63948546,154179,Pharmacy,1,582.87,Wallet,On Time,2024,February,13
7442478777,2023-10-17 08:13:55,28289030,222892,Fruits & Vegetables,3,2607.66,Cash,On Time,2023,October,17
5170777528,2023-05-01 09:41:09,31537100,679284,Pharmacy,2,1755.78,UPI,On Time,2023,May,1
1255941187,2024-02-10 06:00:03,38420886,478531,Fruits & Vegetables,3,2476.38,Wallet,Slightly Delayed,2024,February,10
4704980993,2024-05-24 04:11:09,119099,564692,Pet Care,1,215.65,Wallet,Slightly Delayed,2024,May,24
7310604669,2023-07-09 06:12:54,93617659,183929,Dairy & Breakfast,1,738.74,Card,Slightly Delayed,2023,July,9
7970608721,2024-01-31 06:43:27,60385293,839170,Dairy & Breakfast,1,481.63,UPI,Slightly Delayed,2024,January,31
3164727163,2023-05-09 08:30:24,20956158,542300,Snacks & Munchies,1,255.35,Cash,Slightly Delayed,2023,May,9
2388064449,2024-05-26 06:10:19,34237583,473929,Fruits & Vegetables,3,1320.57,Card,On Time,2024,May,26
757816226,2023-03-16 14:07:42,22571994,14145,Fruits & Vegetables,3,1892.52,Wallet,Significantly Delayed,2023,March,16
259772553,2023-09-27 02:09:15,2566268,34200,Personal Care,2,639.6,Card,On Time,2023,September,27
8388644219,2024-04-21 09:50:41,4444673,9436,Personal Care,1,88.43,Card,On Time,2024,April,21
1545044936,2023-08-24 23:36:46,77921718,329351,Dairy & Breakfast,1,310.87,Cash,On Time,2023,August,24
6995571310,2024-03-24 07:14:59,81200164,336847,Household Care,1,936.98,UPI,On Time,2024,March,24
8801161214,2024-04-11 01:56:50,9107360,313754,Snacks & Munchies,3,409.79999999999995,UPI,On Time,2024,April,11
1751319400,2024-06-25 10:54:04,98307019,561860,Cold Drinks & Juices,2,1749.56,Card,On Time,2024,June,25
10448052,2023-08-05 10:01:05,90021871,945635,Grocery & Staples,2,1557.8,UPI,On Time,2023,August,5
3047076079,2023-05-22 08:29:28,65895091,723678,Pet Care,1,675.46,Card,On Time,2023,May,22
5085860780,2023-12-13 18:19:00,64316806,513199,Cold Drinks & Juices,3,1266.69,Cash,On Time,2023,December,13
6213909425,2023-12-05 21:06:09,42208242,455083,Dairy & Breakfast,3,2877.0299999999997,Cash,On Time,2023,December,5
3712789789,2024-02-02 19:52:03,20634789,455755,Household Care,2,88.18,Wallet,On Time,2024,February,2
278794976,2023-03-18 11:29:14,94137242,378676,Cold Drinks & Juices,3,2644.2599999999998,Cash,On Time,2023,March,18
3420357591,2024-07-10 22:01:15,86444757,365133,Household Care,1,915.45,Card,On Time,2024,July,10
4551386734,2023-03-18 00:29:58,62807542,951463,Pet Care,3,2362.2,Card,Slightly Delayed,2023,March,18
7609681987,2023-10-16 15:03:06,22076522,365132,Instant & Frozen Food,1,229.38,Card,On Time,2023,October,16
1721655048,2024-04-15 13:33:03,79742293,589812,Household Care,1,163.03,Wallet,Slightly Delayed,2024,April,15
7040151151,2023-03-28 16:54:25,5540556,94225,Household Care,3,231.32999999999998,Cash,On Time,2023,March,28
6719661881,2023-05-13 04:58:22,48716374,140154,Personal Care,1,171.2,Wallet,On Time,2023,May,13
5195004299,2024-01-09 06:37:07,50632192,567671,Snacks & Munchies,3,1255.44,Card,On Time,2024,January,9
5441946621,2024-02-01 07:51:45,40256341,859361,Personal Care,1,432.39,Card,Significantly Delayed,2024,February,1
3508992095,2023-12-09 10:01:52,32293017,734789,Snacks & Munchies,2,791.64,Card,Significantly Delayed,2023,December,9
8454449180,2024-02-18 20:51:31,79672044,324809,Dairy & Breakfast,1,608.0,Cash,Slightly Delayed,2024,February,18
9251851237,2023-11-25 13:43:03,94453274,993331,Grocery & Staples,3,307.32,Cash,On Time,2023,November,25
6739811103,2024-01-01 22:52:54,9981089,256783,Pet Care,3,2719.62,Card,On Time,2024,January,1
7590827828,2023-11-05 23:49:25,40703374,661577,Pet Care,3,2162.8500000000004,UPI,On Time,2023,November,5
310213322,2023-09-30 04:27:12,12077371,880510,Dairy & Breakfast,2,1902.86,UPI,Slightly Delayed,2023,September,30
934908369,2024-08-15 12:33:04,53299455,324809,Dairy & Breakfast,2,1216.0,Card,On Time,2024,August,15
3817617199,2024-08-28 00:19:42,29525287,712003,Cold Drinks & Juices,1,671.68,UPI,Significantly Delayed,2024,August,28
2622709030,2024-07-11 12:45:49,50781611,968887,Household Care,3,122.10000000000001,Cash,Significantly Delayed,2024,July,11
3843689992,2024-10-13 13:52:50,3730316,36412,Household Care,2,795.36,UPI,On Time,2024,October,13
8732395640,2024-03-17 13:44:38,26285589,448752,Household Care,1,160.07,Card,On Time,2024,March,17
3889721330,2024-05-16 10:00:09,44269569,120532,Grocery & Staples,2,1395.06,Card,Significantly Delayed,2024,May,16
7064093619,2023-05-23 05:35:10,90665975,962591,Cold Drinks & Juices,1,130.01,Wallet,On Time,2023,May,23
6798661163,2024-07-23 10:15:16,3730316,552496,Household Care,2,1016.0,UPI,On Time,2024,July,23
2878307830,2024-05-01 15:04:50,97150234,186168,Pet Care,2,1757.6,UPI,Slightly Delayed,2024,May,1
4133369643,2023-07-03 22:41:35,95971469,667163,Cold Drinks & Juices,1,441.2,UPI,Slightly Delayed,2023,July,3
3394787348,2024-06-23 04:56:02,40841791,63769,Personal Care,1,878.07,Cash,Slightly Delayed,2024,June,23
4830380663,2023-12-24 10:17:01,19259955,57405,Baby Care,2,1215.34,Wallet,On Time,2023,December,24
3441042301,2023-08-05 09:42:32,43052303,604184,Household Care,1,397.55,UPI,On Time,2023,August,5
3984353474,2024-05-19 06:48:11,17681645,557908,Pharmacy,3,2827.11,Card,Significantly Delayed,2024,May,19
4495916529,2023-04-01 11:32:48,57662767,112390,Personal Care,3,2633.94,UPI,On Time,2023,April,1
5075205264,2024-04-22 13:43:00,51034600,15314,Dairy & Breakfast,3,1736.5500000000002,Card,Slightly Delayed,2024,April,22
6129180304,2024-01-17 21:50:48,86499778,146840,Dairy & Breakfast,3,2360.55,Wallet,On Time,2024,January,17
3311686914,2024-05-06 20:48:58,63310076,945635,Grocery & Staples,1,778.9,Cash,On Time,2024,May,6
3907403745,2023-06-19 16:37:55,99490786,33797,Pharmacy,2,1776.24,Wallet,On Time,2023,June,19
9924696305,2023-04-30 14:40:42,43367112,876139,Grocery & Staples,2,831.5,Cash,On Time,2023,April,30
7348508805,2024-05-23 22:19:58,45052594,942001,Pet Care,1,671.55,Cash,Slightly Delayed,2024,May,23
1665004352,2023-08-01 05:40:59,5226128,883013,Dairy & Breakfast,2,1979.76,Cash,On Time,2023,August,1
1049800958,2023-07-02 09:05:35,44139071,131937,Instant & Frozen Food,3,863.4300000000001,Cash,On Time,2023,July,2
2937550786,2023-08-06 08:03:35,72946405,739448,Household Care,3,2266.98,Card,On Time,2023,August,6
486724008,2024-07-12 04:35:15,12415659,901144,Grocery & Staples,1,340.36,Wallet,Slightly Delayed,2024,July,12
9361578823,2023-08-18 13:36:21,81373608,652118,Instant & Frozen Food,3,66.12,UPI,On Time,2023,August,18
6249585672,2023-07-09 08:37:58,20940403,144124,Household Care,1,162.67,Card,On Time,2023,July,9
2111712383,2024-01-23 18:08:02,67465084,969851,Instant & Frozen Food,3,1021.98,Card,On Time,2024,January,23
2962076108,2024-06-13 04:42:25,99824171,131136,Grocery & Staples,1,37.8,UPI,On Time,2024,June,13
7509638056,2024-02-13 00:53:38,35912599,327290,Grocery & Staples,1,862.28,Wallet,On Time,2024,February,13
6074743537,2024-09-12 06:33:08,32797235,300159,Cold Drinks & Juices,3,133.05,Wallet,On Time,2024,September,12
3560026527,2024-06-09 18:25:49,97174235,578097,Snacks & Munchies,2,535.22,Wallet,Significantly Delayed,2024,June,9
7005103077,2024-05-14 02:58:36,76850859,52729,Pet Care,1,316.02,Card,On Time,2024,May,14
8175826750,2024-09-17 20:10:13,22076522,661577,Pet Care,1,720.95,Cash,On Time,2024,September,17
8572946020,2024-04-26 04:31:01,41168392,537274,Pet Care,2,1405.42,Card,On Time,2024,April,26
2936701883,2024-03-02 09:00:52,28286754,140154,Personal Care,1,171.2,UPI,On Time,2024,March,2
9948324640,2023-10-31 04:05:42,22054087,107548,Cold Drinks & Juices,1,891.6,Cash,On Time,2023,October,31
2865872281,2024-09-13 23:51:04,49970560,291238,Snacks & Munchies,3,2238.09,Wallet,Slightly Delayed,2024,September,13
5785351358,2024-11-03 14:28:39,64795608,707935,Pet Care,2,1641.8,UPI,On Time,2024,November,3
5204776107,2023-08-24 23:32:11,65514005,818522,Dairy & Breakfast,3,288.27,Cash,On Time,2023,August,24
8689865723,2024-03-28 15:21:29,62526567,970529,Baby Care,1,827.44,Cash,On Time,2024,March,28
7822329516,2023-11-19 22:55:01,79742293,34200,Personal Care,2,639.6,Card,Slightly Delayed,2023,November,19
5995393950,2023-08-06 07:53:40,64535602,324809,Dairy & Breakfast,3,1824.0,Card,On Time,2023,August,6
5458784818,2024-07-24 02:59:03,79672044,953175,Baby Care,3,675.63,Cash,On Time,2024,July,24
5611686165,2023-07-02 08:15:05,83660688,217710,Dairy & Breakfast,3,175.77,Wallet,On Time,2023,July,2
6390653932,2023-05-19 08:04:04,83597876,962054,Cold Drinks & Juices,3,50.58,Card,On Time,2023,May,19
1215008706,2024-03-04 22:56:25,68219091,349294,Fruits & Vegetables,1,934.75,Cash,On Time,2024,March,4
7357727116,2024-06-15 09:30:19,6617417,82484,Baby Care,2,1829.76,UPI,On Time,2024,June,15
7562975685,2023-07-02 04:44:00,89910157,284460,Fruits & Vegetables,2,1011.9,Card,Slightly Delayed,2023,July,2
3118070064,2023-06-05 04:26:07,50518311,760828,Pet Care,2,1126.9,UPI,On Time,2023,June,5
8255753870,2023-09-09 08:25:02,72667140,398340,Instant & Frozen Food,2,1303.86,Card,On Time,2023,September,9
5924715529,2024-03-24 04:10:10,79919160,455755,Household Care,2,88.18,UPI,On Time,2024,March,24
9593816617,2023-05-28 01:37:07,44589829,440875,Baby Care,3,825.0899999999999,Card,On Time,2023,May,28
6143213997,2024-03-21 10:05:10,71643758,739534,Household Care,2,1989.12,Card,On Time,2024,March,21
4516009647,2024-07-19 01:14:23,99361865,969851,Instant & Frozen Food,1,340.66,Wallet,On Time,2024,July,19
291900074,2024-10-02 17:17:52,625395,376447,Dairy & Breakfast,3,2174.52,Card,On Time,2024,October,2
3178700341,2024-06-10 04:45:21,48033969,704868,Household Care,1,193.46,Cash,On Time,2024,June,10
4231742059,2023-11-21 07:52:59,4439806,690565,Snacks & Munchies,1,951.27,UPI,Slightly Delayed,2023,November,21
7437613292,2023-12-30 01:27:48,31582950,237083,Pharmacy,2,1154.26,Card,Slightly Delayed,2023,December,30
5609346062,2023-08-08 20:17:58,82169898,925482,Instant & Frozen Food,1,475.04,Card,On Time,2023,August,8
909033820,2023-10-11 10:18:32,93924203,433521,Baby Care,3,963.99,UPI,Slightly Delayed,2023,October,11
470624828,2023-08-21 03:20:09,59545278,679321,Cold Drinks & Juices,2,1476.92,UPI,On Time,2023,August,21
9608676386,2023-08-14 19:28:16,99714944,487065,Snacks & Munchies,1,374.68,UPI,On Time,2023,August,14
6846160702,2023-07-20 15:58:04,77661491,131937,Instant & Frozen Food,3,863.4300000000001,Card,On Time,2023,July,20
4248168019,2024-03-26 14:29:52,29973346,378676,Cold Drinks & Juices,3,2644.2599999999998,Card,On Time,2024,March,26
9057909300,2024-01-17 16:21:44,9738801,120532,Grocery & Staples,1,697.53,Cash,On Time,2024,January,17
2171816966,2024-01-30 19:08:30,92404798,537274,Pet Care,1,702.71,Cash,On Time,2024,January,30
1387025817,2024-06-15 20:30:42,52417972,490939,Personal Care,2,160.5,Card,On Time,2024,June,15
6801124715,2024-04-10 06:34:06,26912171,305754,Instant & Frozen Food,2,1959.98,Card,On Time,2024,April,10
6117979297,2023-12-23 05:22:12,79206969,298985,Pharmacy,1,183.76,Cash,On Time,2023,December,23
4902314626,2024-05-25 15:43:16,98307019,140154,Personal Care,2,342.4,Cash,On Time,2024,May,25
361595059,2023-10-21 06:12:27,70966268,700048,Household Care,1,141.28,Cash,On Time,2023,October,21
5309683159,2023-04-21 05:04:01,24153726,757274,Pet Care,2,196.64,Wallet,Significantly Delayed,2023,April,21
2300265337,2024-01-01 01:10:17,90246977,654623,Snacks & Munchies,3,1266.42,Cash,On Time,2024,January,1
199903168,2023-04-16 10:59:20,99627097,847349,Fruits & Vegetables,3,2343.2400000000002,UPI,On Time,2023,April,16
4923840119,2024-09-04 05:40:29,60049160,764014,Grocery & Staples,2,1224.08,UPI,On Time,2024,September,4
2209550085,2024-09-07 13:22:14,56457995,679865,Grocery & Staples,1,347.91,Cash,On Time,2024,September,7
120178110,2024-01-21 01:20:21,65294340,739534,Household Care,3,2983.68,Wallet,Slightly Delayed,2024,January,21
6647259959,2023-06-20 22:30:07,83660688,39154,Fruits & Vegetables,3,2840.58,Card,Significantly Delayed,2023,June,20
3859980017,2023-05-15 05:15:07,77015367,992178,Pharmacy,1,632.43,Card,On Time,2023,May,15
9196827234,2023-10-31 04:53:31,51669263,741341,Dairy & Breakfast,2,1847.68,Wallet,Slightly Delayed,2023,October,31
3499440849,2023-10-10 21:36:37,3638834,965755,Fruits & Vegetables,2,1065.14,Card,On Time,2023,October,10
7114775833,2024-07-08 12:52:59,68965787,592784,Snacks & Munchies,1,280.35,Cash,On Time,2024,July,8
7812364366,2023-08-26 23:42:03,25081012,552883,Fruits & Vegetables,1,888.16,Cash,On Time,2023,August,26
7525899857,2023-09-04 04:12:50,52428250,723678,Pet Care,3,2026.38,Wallet,On Time,2023,September,4
3917847107,2024-08-13 22:21:03,90665975,587420,Snacks & Munchies,2,714.84,UPI,On Time,2024,August,13
1229828587,2023-10-27 01:20:12,42989999,432617,Baby Care,2,1726.36,UPI,On Time,2023,October,27
4249345096,2023-05-31 18:48:29,81346291,564692,Pet Care,1,215.65,UPI,On Time,2023,May,31
4002407580,2023-11-17 17:12:26,59398136,256051,Personal Care,3,1202.76,Cash,On Time,2023,November,17
5982122427,2023-04-23 19:59:41,6398761,707935,Pet Care,3,2462.7,Card,On Time,2023,April,23
3280431261,2024-03-13 22:01:07,48268435,327290,Grocery & Staples,2,1724.56,Cash,On Time,2024,March,13
5066338759,2023-11-21 04:48:59,48284116,41853,Dairy & Breakfast,2,1820.88,UPI,On Time,2023,November,21
9087426355,2023-11-03 17:05:47,66932104,114414,Pharmacy,2,1664.12,Wallet,On Time,2023,November,3
5512907,2023-04-30 20:52:21,51476157,659290,Dairy & Breakfast,3,958.02,Wallet,Slightly Delayed,2023,April,30
4174741467,2023-12-17 02:00:05,34074184,930284,Baby Care,2,378.94,UPI,Slightly Delayed,2023,December,17
6270463968,2023-10-03 03:37:56,35434373,883013,Dairy & Breakfast,1,989.88,Wallet,On Time,2023,October,3
1239385001,2023-09-27 14:03:37,82359623,897083,Household Care,3,2918.07,UPI,On Time,2023,September,27
5250202756,2023-09-10 11:47:03,40871915,555121,Fruits & Vegetables,2,709.82,Card,Significantly Delayed,2023,September,10
4099185509,2024-01-24 20:20:07,22047134,968887,Household Care,2,81.4,Cash,On Time,2024,January,24
7875903450,2024-03-14 04:38:14,17805991,563740,Snacks & Munchies,3,288.99,Wallet,On Time,2024,March,14
7561642939,2024-07-24 20:16:37,75739462,146840,Dairy & Breakfast,2,1573.7,UPI,On Time,2024,July,24
5438908316,2024-04-03 00:44:54,59815512,942001,Pet Care,1,671.55,Card,On Time,2024,April,3
357437373,2023-05-10 06:00:22,23126657,667163,Cold Drinks & Juices,3,1323.6,UPI,On Time,2023,May,10
8972877222,2024-10-26 04:59:57,57291761,373536,Pet Care,1,494.17,Cash,On Time,2024,October,26
1163798451,2023-10-04 03:09:32,25641500,954722,Instant & Frozen Food,2,1232.9,Cash,Significantly Delayed,2023,October,4
3588229485,2024-08-01 00:33:39,29973346,67197,Dairy & Breakfast,3,1656.6000000000001,Wallet,Significantly Delayed,2024,August,1
1205823348,2024-07-29 10:13:55,79478655,707935,Pet Care,2,1641.8,UPI,Slightly Delayed,2024,July,29
2867008541,2023-12-20 17:42:19,99594960,914071,Snacks & Munchies,3,890.8199999999999,Card,Slightly Delayed,2023,December,20
5794917332,2024-02-16 13:46:41,12574626,60619,Cold Drinks & Juices,1,726.41,Cash,On Time,2024,February,16
4726520098,2023-04-19 21:36:45,48284116,77308,Fruits & Vegetables,2,446.54,Cash,On Time,2023,April,19
6251716165,2023-09-27 21:30:53,93723634,914071,Snacks & Munchies,3,890.8199999999999,Card,Slightly Delayed,2023,September,27
5991829458,2023-08-12 07:02:02,80850753,329351,Dairy & Breakfast,2,621.74,UPI,On Time,2023,August,12
1142626566,2024-05-31 05:15:00,27304827,337168,Dairy & Breakfast,2,1090.98,Cash,On Time,2024,May,31
2595161999,2023-08-12 02:19:59,45586151,771228,Pet Care,2,166.36,Card,On Time,2023,August,12
8865698939,2023-09-09 19:18:23,3897936,107548,Cold Drinks & Juices,2,1783.2,UPI,On Time,2023,September,9
1776582175,2024-03-29 23:46:45,12305040,56589,Pharmacy,2,1035.54,Wallet,On Time,2024,March,29
7323157341,2024-07-01 22:47:22,16543242,478531,Fruits & Vegetables,1,825.46,Wallet,On Time,2024,July,1
8997413283,2024-10-02 10:25:13,45314389,839170,Dairy & Breakfast,2,963.26,Card,On Time,2024,October,2
2548452255,2023-09-18 02:09:26,44776601,131136,Grocery & Staples,3,113.39999999999999,Wallet,Significantly Delayed,2023,September,18
7906839225,2023-10-28 15:45:23,56548063,33955,Instant & Frozen Food,3,558.24,Wallet,On Time,2023,October,28
4113927200,2023-05-19 05:22:03,53782978,144124,Household Care,3,488.01,Cash,On Time,2023,May,19
4233626614,2024-07-28 05:10:33,24043135,542300,Snacks & Munchies,3,766.05,Card,On Time,2024,July,28
2886463378,2023-12-24 19:17:51,6853981,140489,Personal Care,2,1300.4,UPI,Significantly Delayed,2023,December,24
1823348306,2023-06-27 09:50:08,92604392,669378,Fruits & Vegetables,2,424.28,UPI,On Time,2023,June,27
8706556166,2024-09-11 23:11:11,84953008,567671,Snacks & Munchies,2,836.96,Wallet,Slightly Delayed,2024,September,11
5139433840,2023-05-25 20:50:40,77614510,123983,Pharmacy,2,1571.34,Wallet,On Time,2023,May,25
769731596,2024-10-10 06:40:41,97825663,837480,Pharmacy,1,217.4,Card,On Time,2024,October,10
1346090496,2023-08-18 07:48:46,88202341,659290,Dairy & Breakfast,3,958.02,Cash,On Time,2023,August,18
9339629293,2023-05-28 02:29:58,79478655,542300,Snacks & Munchies,3,766.05,UPI,Slightly Delayed,2023,May,28
3043993017,2023-11-25 00:38:58,13455530,451812,Pharmacy,1,530.85,Wallet,Slightly Delayed,2023,November,25
274863669,2024-04-11 17:37:35,39140039,990993,Snacks & Munchies,1,263.7,Wallet,On Time,2024,April,11
3736611791,2024-10-05 07:48:45,6959437,398340,Instant & Frozen Food,3,1955.79,Card,On Time,2024,October,5
9628875555,2024-03-09 03:58:13,11470681,903336,Grocery & Staples,1,551.88,Cash,On Time,2024,March,9
6367306297,2023-09-25 11:13:00,17201639,196719,Fruits & Vegetables,3,652.5,Cash,On Time,2023,September,25
4393113152,2024-06-02 08:12:47,79695653,56589,Pharmacy,1,517.77,Cash,Slightly Delayed,2024,June,2
1239928207,2023-09-11 00:37:13,79591237,961614,Snacks & Munchies,2,454.44,UPI,On Time,2023,September,11
5473002872,2024-07-07 16:39:05,44030130,992178,Pharmacy,2,1264.86,Card,On Time,2024,July,7
6536847919,2023-06-10 19:34:51,81822935,965755,Fruits & Vegetables,2,1065.14,Wallet,On Time,2023,June,10
5480709564,2023-12-16 23:01:42,18140588,89084,Dairy & Breakfast,1,598.83,Card,On Time,2023,December,16
1393100618,2024-09-25 01:37:46,33295496,723678,Pet Care,3,2026.38,Cash,On Time,2024,September,25
6999330116,2023-04-13 00:06:06,81605722,120385,Pet Care,3,1793.73,Card,Significantly Delayed,2023,April,13
7816842690,2023-08-01 19:16:42,1449273,564692,Pet Care,1,215.65,Cash,On Time,2023,August,1
3186586558,2024-02-21 13:59:40,9987182,654297,Fruits & Vegetables,3,39.75,Card,On Time,2024,February,21
7927955136,2023-08-27 23:56:24,32293017,11422,Fruits & Vegetables,1,127.16,Cash,On Time,2023,August,27
3518172697,2023-05-13 19:18:59,13189939,500633,Dairy & Breakfast,1,154.5,Card,On Time,2023,May,13
4557188271,2024-05-16 06:38:40,17597449,871592,Fruits & Vegetables,1,870.29,Cash,On Time,2024,May,16
2893244627,2024-10-10 18:17:29,11493380,34200,Personal Care,2,639.6,Cash,Slightly Delayed,2024,October,10
1996683408,2024-01-30 23:25:16,5043760,39154,Fruits & Vegetables,2,1893.72,Wallet,Slightly Delayed,2024,January,30
1673794089,2024-02-06 16:10:43,48167795,378287,Cold Drinks & Juices,3,998.52,Cash,On Time,2024,February,6
9931161723,2023-07-12 19:57:22,41640262,679865,Grocery & Staples,2,695.82,Card,On Time,2023,July,12
856799416,2023-09-10 14:48:09,25770577,611575,Instant & Frozen Food,2,964.12,Wallet,On Time,2023,September,10
6668508959,2024-08-31 19:27:35,15144290,137909,Pharmacy,2,1728.6,UPI,On Time,2024,August,31
4914874727,2023-06-13 19:36:13,80517784,240179,Pharmacy,1,90.56,UPI,On Time,2023,June,13
7869104895,2023-10-01 21:30:39,57392064,820973,Baby Care,1,114.52,Cash,On Time,2023,October,1
5094989752,2024-06-01 12:17:08,87107263,478531,Fruits & Vegetables,2,1650.92,Card,On Time,2024,June,1
4305377896,2024-08-08 00:29:16,19216141,799952,Dairy & Breakfast,2,1845.28,Cash,Significantly Delayed,2024,August,8
7017136473,2024-03-11 20:19:32,50680889,953175,Baby Care,1,225.21,UPI,On Time,2024,March,11
3303209513,2024-03-09 03:38:10,70084516,183929,Dairy & Breakfast,3,2216.2200000000003,Wallet,On Time,2024,March,9
8607953669,2023-06-10 10:33:47,67340606,34186,Fruits & Vegetables,3,2776.95,Cash,On Time,2023,June,10
1940918101,2023-10-03 18:30:51,4356173,140154,Personal Care,1,171.2,Card,On Time,2023,October,3
6494615659,2023-11-19 18:46:56,10745302,757274,Pet Care,1,98.32,Card,Slightly Delayed,2023,November,19
4280890409,2024-10-30 14:33:42,42102289,89084,Dairy & Breakfast,2,1197.66,Wallet,On Time,2024,October,30
7598489331,2024-07-20 15:56:26,84066402,425341,Pet Care,2,972.56,Wallet,Slightly Delayed,2024,July,20
8755280486,2024-07-30 17:33:23,2566268,589812,Household Care,3,489.09000000000003,Cash,Slightly Delayed,2024,July,30
8281093933,2024-02-18 13:40:29,67277562,642612,Pet Care,1,517.03,Cash,On Time,2024,February,18
7415765726,2023-08-05 09:22:31,75244116,647462,Personal Care,3,979.26,Wallet,Slightly Delayed,2023,August,5
6266072804,2024-06-23 06:17:02,60565603,196719,Fruits & Vegetables,1,217.5,Card,On Time,2024,June,23
1542448934,2023-10-13 08:22:43,97033691,118820,Cold Drinks & Juices,3,36.96,UPI,On Time,2023,October,13
2896979776,2023-05-24 05:50:25,30317733,992178,Pharmacy,3,1897.29,Cash,On Time,2023,May,24
169867835,2023-08-16 22:27:20,59545278,927651,Baby Care,3,1280.16,Wallet,On Time,2023,August,16
9493456526,2023-04-02 07:12:05,77811864,516376,Fruits & Vegetables,3,2632.29,Card,On Time,2023,April,2
9423261830,2023-08-24 06:24:57,17597449,611575,Instant & Frozen Food,1,482.06,Cash,On Time,2023,August,24
5793453795,2024-04-13 02:33:42,70543108,378676,Cold Drinks & Juices,2,1762.84,Cash,On Time,2024,April,13
2141680269,2024-10-25 02:05:26,32797235,820541,Household Care,1,576.22,Cash,On Time,2024,October,25
6457122136,2023-05-19 07:38:24,79764458,589812,Household Care,3,489.09000000000003,Cash,Significantly Delayed,2023,May,19
8447536518,2023-12-20 23:53:02,48160359,542300,Snacks & Munchies,2,510.7,Cash,On Time,2023,December,20
3191672889,2024-07-07 17:51:59,88223261,897083,Household Care,2,1945.38,UPI,On Time,2024,July,7
2521995712,2023-08-21 01:43:10,30285217,219598,Personal Care,3,1101.24,Cash,On Time,2023,August,21
8194578267,2023-10-11 13:48:45,74313592,669378,Fruits & Vegetables,2,424.28,UPI,On Time,2023,October,11
2811341619,2024-05-24 20:17:58,30188374,762527,Snacks & Munchies,1,690.08,Cash,On Time,2024,May,24
5562576298,2023-11-08 13:23:27,10019218,578097,Snacks & Munchies,2,535.22,UPI,Slightly Delayed,2023,November,8
7446009755,2023-06-15 20:49:56,71767248,954722,Instant & Frozen Food,3,1849.3500000000001,Wallet,Slightly Delayed,2023,June,15
7343262659,2023-04-07 06:36:05,16484167,492958,Personal Care,1,84.2,Card,On Time,2023,April,7
7147677361,2024-07-12 09:59:18,97475543,490939,Personal Care,1,80.25,Wallet,On Time,2024,July,12
8732072897,2023-06-14 10:37:11,12077371,366066,Personal Care,2,1837.16,UPI,On Time,2023,June,14
6418604551,2023-07-25 19:31:47,12967305,243235,Pet Care,2,218.06,Wallet,On Time,2023,July,25
4989511905,2023-04-03 00:54:43,41972994,373536,Pet Care,3,1482.51,Card,On Time,2023,April,3
2520527893,2024-10-02 01:35:34,51476157,18035,Household Care,3,2906.82,UPI,Significantly Delayed,2024,October,2
4753989820,2023-10-06 19:53:59,81500385,672059,Personal Care,1,672.73,Card,On Time,2023,October,6
8285547588,2024-01-02 23:08:51,26245432,264803,Pharmacy,2,1991.96,UPI,On Time,2024,January,2
5824924668,2023-11-19 17:07:48,49881540,382511,Dairy & Breakfast,3,2107.62,UPI,On Time,2023,November,19
7703854141,2024-05-13 17:00:31,86483673,990993,Snacks & Munchies,3,791.0999999999999,Wallet,On Time,2024,May,13
7380361209,2023-06-27 10:33:07,7591711,487065,Snacks & Munchies,2,749.36,Wallet,On Time,2023,June,27
5053033745,2024-04-09 13:43:30,66485571,803607,Personal Care,1,949.73,Card,On Time,2024,April,9
4859489972,2023-07-15 17:32:59,12305040,848226,Fruits & Vegetables,3,628.77,UPI,On Time,2023,July,15
9690396315,2024-09-29 11:06:50,46563355,812607,Fruits & Vegetables,2,833.3,Cash,On Time,2024,September,29
448732557,2023-11-30 23:44:28,80952275,689769,Instant & Frozen Food,1,46.62,Wallet,On Time,2023,November,30
4927306668,2023-06-08 23:21:25,97033691,540618,Snacks & Munchies,2,634.1,Wallet,On Time,2023,June,8
1669690997,2023-12-25 15:46:20,62600289,925482,Instant & Frozen Food,3,1425.1200000000001,Cash,On Time,2023,December,25
8340761903,2023-11-27 09:18:43,53640286,124290,Personal Care,2,79.3,Cash,On Time,2023,November,27
5936301790,2024-06-21 19:09:09,87059497,491314,Instant & Frozen Food,3,2920.32,Cash,On Time,2024,June,21
5710579377,2024-06-06 14:58:13,67310893,319388,Cold Drinks & Juices,2,1315.6,UPI,On Time,2024,June,6
2494813730,2023-08-23 12:04:18,28663279,136533,Dairy & Breakfast,1,826.21,Card,On Time,2023,August,23
